<?xml version="1.0" encoding="UTF-8"?>
<!-- Created with BasicAirData GPS Logger for Android - ver. 3.2.3 -->
<!-- Track 38 = 3759 TrackPoints + 13 Placemarks -->
<kml xmlns="http://www.opengis.net/kml/2.2">
 <Document>
  <name>GPS Logger 20250905-140324</name>
  <description><![CDATA[Kito route UBB 159U
3759 Trackpoints + 13 Placemarks]]></description>
  <Style id="TrackStyle">
   <LineStyle>
    <color>ff0000ff</color>
    <width>3</width>
   </LineStyle>
   <PolyStyle>
    <color>7f0000ff</color>
   </PolyStyle>
   <BalloonStyle>
    <text><![CDATA[<p style="color:red;font-weight:bold">$[name]</p><p style="font-size:11px">$[description]</p><p style="font-size:7px">Track Stats based on: Total time | Time in Movement</p>]]></text>
   </BalloonStyle>
  </Style>
  <Style id="PlacemarkStyle">
   <IconStyle>
    <Icon><href>http://maps.google.com/mapfiles/kml/shapes/placemark_circle_highlight.png</href></Icon>
   </IconStyle>
  </Style>

  <Placemark id="1">
   <name>+15</name>
   <styleUrl>#PlacemarkStyle</styleUrl>
   <Point>
    <altitudeMode>clampToGround</altitudeMode>
    <coordinates>32.57721773,0.31177707,1152.382</coordinates>
    <extrude>1</extrude>
   </Point>
  </Placemark>

  <Placemark id="2">
   <name>Traffic lights</name>
   <styleUrl>#PlacemarkStyle</styleUrl>
   <Point>
    <altitudeMode>clampToGround</altitudeMode>
    <coordinates>32.58033494,0.31583330,1199.541</coordinates>
    <extrude>1</extrude>
   </Point>
  </Placemark>

  <Placemark id="3">
   <name>Traffic lights</name>
   <styleUrl>#PlacemarkStyle</styleUrl>
   <Point>
    <altitudeMode>clampToGround</altitudeMode>
    <coordinates>32.60544295,0.32525896,1145.479</coordinates>
    <extrude>1</extrude>
   </Point>
  </Placemark>

  <Placemark id="4">
   <name>-2</name>
   <styleUrl>#PlacemarkStyle</styleUrl>
   <Point>
    <altitudeMode>clampToGround</altitudeMode>
    <coordinates>32.61624244,0.32607061,1175.610</coordinates>
    <extrude>1</extrude>
   </Point>
  </Placemark>

  <Placemark id="5">
   <name>-1</name>
   <styleUrl>#PlacemarkStyle</styleUrl>
   <Point>
    <altitudeMode>clampToGround</altitudeMode>
    <coordinates>32.63744358,0.32974864,1162.979</coordinates>
    <extrude>1</extrude>
   </Point>
  </Placemark>

  <Placemark id="6">
   <name>-2</name>
   <styleUrl>#PlacemarkStyle</styleUrl>
   <Point>
    <altitudeMode>clampToGround</altitudeMode>
    <coordinates>32.63520189,0.33677214,1147.674</coordinates>
    <extrude>1</extrude>
   </Point>
  </Placemark>

  <Placemark id="7">
   <name>-1</name>
   <styleUrl>#PlacemarkStyle</styleUrl>
   <Point>
    <altitudeMode>clampToGround</altitudeMode>
    <coordinates>32.64425945,0.34260818,1177.082</coordinates>
    <extrude>1</extrude>
   </Point>
  </Placemark>

  <Placemark id="8">
   <name>Traffic jam</name>
   <styleUrl>#PlacemarkStyle</styleUrl>
   <Point>
    <altitudeMode>clampToGround</altitudeMode>
    <coordinates>32.64537997,0.34310026,1177.164</coordinates>
    <extrude>1</extrude>
   </Point>
  </Placemark>

  <Placemark id="9">
   <name>-1</name>
   <styleUrl>#PlacemarkStyle</styleUrl>
   <Point>
    <altitudeMode>clampToGround</altitudeMode>
    <coordinates>32.64665116,0.34374768,1173.824</coordinates>
    <extrude>1</extrude>
   </Point>
  </Placemark>

  <Placemark id="10">
   <name>-1</name>
   <styleUrl>#PlacemarkStyle</styleUrl>
   <Point>
    <altitudeMode>clampToGround</altitudeMode>
    <coordinates>32.65823689,0.34483660,1156.139</coordinates>
    <extrude>1</extrude>
   </Point>
  </Placemark>

  <Placemark id="11">
   <name>-3</name>
   <styleUrl>#PlacemarkStyle</styleUrl>
   <Point>
    <altitudeMode>clampToGround</altitudeMode>
    <coordinates>32.66046011,0.34002692,1177.317</coordinates>
    <extrude>1</extrude>
   </Point>
  </Placemark>

  <Placemark id="12">
   <name>-2</name>
   <styleUrl>#PlacemarkStyle</styleUrl>
   <Point>
    <altitudeMode>clampToGround</altitudeMode>
    <coordinates>32.65902934,0.33512923,1160.217</coordinates>
    <extrude>1</extrude>
   </Point>
  </Placemark>

  <Placemark id="13">
   <name>-1</name>
   <styleUrl>#PlacemarkStyle</styleUrl>
   <Point>
    <altitudeMode>clampToGround</altitudeMode>
    <coordinates>32.65960214,0.33087922,1139.548</coordinates>
    <extrude>1</extrude>
   </Point>
  </Placemark>

  <Placemark id="20250905-140324">
   <name>Track 20250905-140324</name>
   <description><![CDATA[<b>Kito route UBB 159U</b><br><br>Distance = 14.9 km<br>Duration = 01:02:38 | 42:15<br>Altitude Gap = -13 m<br>Max Speed = 66 km/h<br>Avg Speed = 14.3 | 21.2 km/h<br>Direction = ENE <br><br><i>3759 Trackpoints</i>]]></description>
   <styleUrl>#TrackStyle</styleUrl>
   <LineString>
    <extrude>0</extrude>
    <tessellate>0</tessellate>
    <altitudeMode>clampToGround</altitudeMode>
    <coordinates>
     32.57721145,0.31177742,1152.629
     32.57721773,0.31177707,1152.382
     32.57722998,0.31177797,1151.968
     32.57723933,0.31177247,1152.125
     32.57723722,0.31177152,1152.338
     32.57724370,0.31177185,1152.147
     32.57724673,0.31176905,1151.876
     32.57724905,0.31176941,1152.387
     32.57724589,0.31176559,1152.138
     32.57724055,0.31176495,1152.803
     32.57723696,0.31176345,1152.955
     32.57723541,0.31176267,1153.372
     32.57723431,0.31176338,1153.902
     32.57723486,0.31176788,1154.088
     32.57723946,0.31177115,1154.086
     32.57724093,0.31177263,1154.005
     32.57724181,0.31177353,1154.015
     32.57724040,0.31177733,1154.483
     32.57724485,0.31177693,1154.480
     32.57724423,0.31177559,1154.399
     32.57724417,0.31177519,1154.110
     32.57724345,0.31177549,1154.268
     32.57724343,0.31177584,1154.363
     32.57724339,0.31177623,1154.322
     32.57724252,0.31177512,1154.239
     32.57724270,0.31177585,1154.238
     32.57724214,0.31177508,1154.265
     32.57724240,0.31177510,1154.264
     32.57724230,0.31177526,1154.342
     32.57724161,0.31177471,1154.307
     32.57724122,0.31177417,1154.308
     32.57724122,0.31177415,1154.307
     32.57724137,0.31177417,1154.308
     32.57724144,0.31177421,1154.301
     32.57724146,0.31177424,1154.298
     32.57724157,0.31177429,1154.292
     32.57724159,0.31177425,1154.299
     32.57724159,0.31177422,1154.301
     32.57724158,0.31177417,1154.302
     32.57724160,0.31177416,1154.304
     32.57724159,0.31177415,1154.305
     32.57724160,0.31177412,1154.309
     32.57724168,0.31177402,1154.329
     32.57724157,0.31177415,1154.307
     32.57724155,0.31177419,1154.300
     32.57724157,0.31177416,1154.310
     32.57724157,0.31177413,1154.312
     32.57724157,0.31177413,1154.312
     32.57724155,0.31177413,1154.311
     32.57724154,0.31177413,1154.312
     32.57724151,0.31177411,1154.311
     32.57724142,0.31177397,1154.341
     32.57724141,0.31177396,1154.343
     32.57724120,0.31177407,1154.321
     32.57724090,0.31177424,1154.290
     32.57724069,0.31177435,1154.269
     32.57724039,0.31177450,1154.240
     32.57724019,0.31177461,1154.219
     32.57723985,0.31177479,1154.186
     32.57723960,0.31177493,1154.160
     32.57723965,0.31177490,1154.166
     32.57723970,0.31177488,1154.171
     32.57723973,0.31177486,1154.174
     32.57723975,0.31177485,1154.175
     32.57723976,0.31177485,1154.176
     32.57723977,0.31177485,1154.177
     32.57723982,0.31177479,1154.543
     32.57724053,0.31177393,1154.566
     32.57724069,0.31177346,1154.470
     32.57723954,0.31177307,1154.421
     32.57723977,0.31177268,1154.402
     32.57723947,0.31177319,1154.309
     32.57723859,0.31177356,1153.941
     32.57723711,0.31177394,1154.509
     32.57723807,0.31177398,1154.504
     32.57723810,0.31177374,1154.513
     32.57723770,0.31177420,1154.479
     32.57723803,0.31177416,1154.437
     32.57723859,0.31177397,1154.323
     32.57723856,0.31177396,1154.310
     32.57723859,0.31177399,1154.307
     32.57723860,0.31177400,1154.306
     32.57723860,0.31177400,1154.306
     32.57723860,0.31177401,1154.305
     32.57723860,0.31177400,1154.302
     32.57723859,0.31177398,1154.299
     32.57723859,0.31177396,1154.296
     32.57723859,0.31177396,1154.295
     32.57723859,0.31177397,1154.296
     32.57724254,0.31177426,1153.412
     32.57724708,0.31176884,1151.593
     32.57724956,0.31176563,1151.673
     32.57725101,0.31176417,1151.723
     32.57725176,0.31176383,1151.630
     32.57725215,0.31176362,1151.475
     32.57725229,0.31176351,1151.426
     32.57725236,0.31176380,1151.196
     32.57725168,0.31176434,1151.221
     32.57725058,0.31176578,1150.998
     32.57724796,0.31176388,1151.239
     32.57724656,0.31176466,1151.557
     32.57724617,0.31176571,1151.777
     32.57724583,0.31176653,1151.887
     32.57724569,0.31176672,1152.288
     32.57724548,0.31176728,1152.370
     32.57724440,0.31176641,1152.181
     32.57724369,0.31176628,1152.097
     32.57724030,0.31176301,1152.355
     32.57723748,0.31176126,1152.674
     32.57723492,0.31175933,1152.673
     32.57723242,0.31175745,1152.805
     32.57723099,0.31175636,1152.841
     32.57723012,0.31175560,1152.865
     32.57722967,0.31175522,1152.869
     32.57722943,0.31175501,1152.871
     32.57722929,0.31175488,1152.874
     32.57722924,0.31175482,1152.872
     32.57722919,0.31175477,1152.872
     32.57722916,0.31175471,1152.870
     32.57722915,0.31175467,1152.869
     32.57722913,0.31175463,1152.874
     32.57722911,0.31175458,1152.878
     32.57722909,0.31175455,1152.878
     32.57722908,0.31175452,1152.883
     32.57722906,0.31175449,1152.884
     32.57722904,0.31175445,1152.885
     32.57722903,0.31175444,1152.884
     32.57722903,0.31175445,1152.883
     32.57722903,0.31175446,1152.882
     32.57722905,0.31175448,1152.880
     32.57722908,0.31175451,1152.881
     32.57722909,0.31175452,1152.880
     32.57722910,0.31175453,1152.880
     32.57722911,0.31175453,1152.894
     32.57722912,0.31175453,1152.904
     32.57722913,0.31175452,1152.912
     32.57722913,0.31175451,1152.920
     32.57722913,0.31175449,1152.930
     32.57722913,0.31175448,1152.943
     32.57722912,0.31175446,1152.945
     32.57722910,0.31175444,1152.950
     32.57722909,0.31175443,1152.955
     32.57722908,0.31175442,1152.964
     32.57722908,0.31175442,1152.962
     32.57722907,0.31175441,1152.961
     32.57722906,0.31175441,1152.962
     32.57722906,0.31175440,1152.963
     32.57722905,0.31175440,1152.963
     32.57722905,0.31175439,1152.964
     32.57722905,0.31175438,1152.966
     32.57722904,0.31175437,1152.969
     32.57722903,0.31175436,1152.969
     32.57722903,0.31175438,1152.964
     32.57722902,0.31175438,1152.964
     32.57722903,0.31175439,1152.962
     32.57722903,0.31175439,1152.963
     32.57722903,0.31175440,1152.961
     32.57722904,0.31175441,1152.958
     32.57722904,0.31175442,1152.954
     32.57722907,0.31175445,1152.954
     32.57722909,0.31175448,1152.955
     32.57722909,0.31175448,1152.952
     32.57722909,0.31175448,1152.946
     32.57722910,0.31175448,1152.944
     32.57722911,0.31175449,1152.948
     32.57722912,0.31175450,1152.943
     32.57722914,0.31175451,1152.945
     32.57722913,0.31175448,1152.953
     32.57722914,0.31175448,1152.950
     32.57722914,0.31175448,1152.946
     32.57722914,0.31175449,1152.942
     32.57722914,0.31175451,1152.941
     32.57722915,0.31175453,1152.939
     32.57722915,0.31175454,1152.931
     32.57722914,0.31175453,1152.927
     32.57722914,0.31175453,1152.925
     32.57722914,0.31175455,1152.910
     32.57722916,0.31175457,1152.907
     32.57722916,0.31175456,1152.909
     32.57722917,0.31175458,1152.903
     32.57722917,0.31175458,1152.903
     32.57722928,0.31175474,1152.867
     32.57722934,0.31175480,1152.874
     32.57722937,0.31175484,1152.879
     32.57722940,0.31175487,1152.874
     32.57722942,0.31175488,1152.875
     32.57722942,0.31175485,1152.876
     32.57722938,0.31175478,1152.889
     32.57722936,0.31175475,1152.888
     32.57722936,0.31175474,1152.884
     32.57722937,0.31175475,1152.881
     32.57722937,0.31175473,1152.880
     32.57722936,0.31175473,1152.868
     32.57722936,0.31175471,1152.871
     32.57722935,0.31175470,1152.869
     32.57722933,0.31175469,1152.865
     32.57722933,0.31175471,1152.858
     32.57722933,0.31175471,1152.859
     32.57722931,0.31175467,1152.864
     32.57722930,0.31175462,1152.869
     32.57722929,0.31175456,1152.878
     32.57722928,0.31175452,1152.881
     32.57722928,0.31175447,1152.888
     32.57722927,0.31175446,1152.884
     32.57722927,0.31175444,1152.888
     32.57722926,0.31175441,1152.896
     32.57722925,0.31175438,1152.894
     32.57722924,0.31175437,1152.893
     32.57722923,0.31175434,1152.893
     32.57722921,0.31175433,1152.893
     32.57722920,0.31175432,1152.892
     32.57722918,0.31175429,1152.891
     32.57722915,0.31175422,1152.894
     32.57722913,0.31175417,1152.902
     32.57722912,0.31175415,1152.899
     32.57722909,0.31175410,1152.904
     32.57722906,0.31175405,1152.907
     32.57722905,0.31175400,1152.907
     32.57722902,0.31175395,1152.913
     32.57722902,0.31175392,1152.920
     32.57722902,0.31175390,1152.925
     32.57722903,0.31175390,1152.929
     32.57722903,0.31175393,1152.933
     32.57722903,0.31175393,1152.942
     32.57722901,0.31175386,1152.960
     32.57722852,0.31175171,1153.147
     32.57722836,0.31174695,1153.967
     32.57722871,0.31174492,1153.943
     32.57722840,0.31174385,1153.594
     32.57722782,0.31174226,1153.838
     32.57722754,0.31174119,1153.881
     32.57722929,0.31173676,1154.180
     32.57723136,0.31172928,1154.061
     32.57723179,0.31171989,1154.634
     32.57722882,0.31170981,1154.889
     32.57722471,0.31169942,1155.077
     32.57722006,0.31168770,1154.902
     32.57721601,0.31167103,1154.949
     32.57721168,0.31165104,1154.908
     32.57720693,0.31163283,1154.891
     32.57720227,0.31161747,1155.022
     32.57719857,0.31160566,1154.538
     32.57719519,0.31159523,1154.474
     32.57719265,0.31158563,1154.676
     32.57719218,0.31157559,1154.085
     32.57719213,0.31156513,1153.924
     32.57719594,0.31155460,1152.485
     32.57719656,0.31154442,1152.449
     32.57719458,0.31153547,1153.169
     32.57719354,0.31152862,1152.342
     32.57719053,0.31152105,1153.025
     32.57718847,0.31151512,1152.758
     32.57718741,0.31150995,1152.487
     32.57718613,0.31150355,1152.683
     32.57718560,0.31149732,1152.924
     32.57718604,0.31149129,1152.750
     32.57718724,0.31148535,1152.808
     32.57718868,0.31148012,1153.382
     32.57718586,0.31147540,1153.648
     32.57718301,0.31147146,1152.469
     32.57718043,0.31146905,1152.620
     32.57717615,0.31146598,1153.649
     32.57717612,0.31146054,1152.477
     32.57717466,0.31145366,1153.351
     32.57717299,0.31144764,1153.665
     32.57717294,0.31144344,1153.589
     32.57717314,0.31143899,1153.814
     32.57717352,0.31143423,1153.514
     32.57717348,0.31143043,1153.845
     32.57717329,0.31142709,1154.116
     32.57717198,0.31142455,1154.291
     32.57716960,0.31142058,1154.502
     32.57716605,0.31141522,1154.644
     32.57716452,0.31140993,1154.833
     32.57716611,0.31140548,1154.434
     32.57716814,0.31140196,1155.000
     32.57717000,0.31140116,1155.144
     32.57717229,0.31140051,1155.120
     32.57717364,0.31139913,1154.947
     32.57717429,0.31139808,1154.904
     32.57717438,0.31139712,1154.955
     32.57717201,0.31139699,1155.074
     32.57717110,0.31140180,1154.451
     32.57716958,0.31140325,1154.131
     32.57716686,0.31140215,1154.202
     32.57716497,0.31139928,1154.118
     32.57716251,0.31139595,1154.268
     32.57715944,0.31139477,1154.691
     32.57715738,0.31139395,1154.874
     32.57715422,0.31139353,1155.140
     32.57715248,0.31139319,1155.127
     32.57715147,0.31139298,1155.052
     32.57715109,0.31139234,1155.203
     32.57715132,0.31139253,1155.304
     32.57715114,0.31139285,1155.436
     32.57715162,0.31139246,1155.452
     32.57715170,0.31139282,1155.424
     32.57715159,0.31139332,1155.448
     32.57715155,0.31139355,1155.438
     32.57715153,0.31139366,1155.442
     32.57715153,0.31139371,1155.441
     32.57715153,0.31139373,1155.441
     32.57715153,0.31139373,1155.441
     32.57715153,0.31139373,1155.442
     32.57715154,0.31139372,1155.442
     32.57715154,0.31139371,1155.443
     32.57715138,0.31139370,1155.447
     32.57715129,0.31139370,1155.447
     32.57715125,0.31139368,1155.448
     32.57715122,0.31139367,1155.448
     32.57715121,0.31139366,1155.449
     32.57715120,0.31139365,1155.449
     32.57715119,0.31139363,1155.450
     32.57715118,0.31139363,1155.451
     32.57715118,0.31139362,1155.452
     32.57715118,0.31139362,1155.453
     32.57715118,0.31139361,1155.453
     32.57715117,0.31139360,1155.454
     32.57715118,0.31139360,1155.456
     32.57715118,0.31139359,1155.456
     32.57715118,0.31139359,1155.456
     32.57715118,0.31139359,1155.457
     32.57715119,0.31139358,1155.457
     32.57715119,0.31139358,1155.458
     32.57715118,0.31139357,1155.459
     32.57715118,0.31139357,1155.459
     32.57715118,0.31139356,1155.459
     32.57715118,0.31139356,1155.459
     32.57715118,0.31139355,1155.459
     32.57715118,0.31139354,1155.459
     32.57715118,0.31139354,1155.459
     32.57715118,0.31139352,1155.459
     32.57715118,0.31139351,1155.459
     32.57715118,0.31139350,1155.458
     32.57715118,0.31139349,1155.458
     32.57715117,0.31139348,1155.458
     32.57715117,0.31139347,1155.458
     32.57715117,0.31139347,1155.458
     32.57715117,0.31139346,1155.457
     32.57715117,0.31139345,1155.458
     32.57715117,0.31139345,1155.459
     32.57715117,0.31139344,1155.458
     32.57715117,0.31139343,1155.458
     32.57715117,0.31139343,1155.459
     32.57715117,0.31139342,1155.460
     32.57715117,0.31139342,1155.460
     32.57715117,0.31139341,1155.460
     32.57715118,0.31139341,1155.461
     32.57715118,0.31139341,1155.461
     32.57715118,0.31139340,1155.461
     32.57715119,0.31139340,1155.462
     32.57715119,0.31139340,1155.463
     32.57715119,0.31139339,1155.463
     32.57715119,0.31139339,1155.464
     32.57715119,0.31139340,1155.464
     32.57715119,0.31139339,1155.464
     32.57715119,0.31139339,1155.463
     32.57715120,0.31139339,1155.463
     32.57715393,0.31138965,1153.969
     32.57716763,0.31138811,1151.466
     32.57717486,0.31138778,1151.744
     32.57717720,0.31138722,1152.153
     32.57717662,0.31138560,1152.995
     32.57718161,0.31138476,1151.905
     32.57718307,0.31138352,1152.441
     32.57718186,0.31138262,1153.196
     32.57718125,0.31138144,1153.509
     32.57717933,0.31137995,1154.023
     32.57717762,0.31137813,1154.883
     32.57716949,0.31137249,1157.385
     32.57716538,0.31136788,1157.876
     32.57716427,0.31136340,1158.298
     32.57716621,0.31135971,1158.233
     32.57716703,0.31135658,1158.566
     32.57716440,0.31135496,1159.486
     32.57715712,0.31135469,1159.691
     32.57715342,0.31135711,1159.126
     32.57714845,0.31136001,1158.810
     32.57714359,0.31136146,1159.168
     32.57713951,0.31136170,1159.565
     32.57714037,0.31136181,1159.390
     32.57714440,0.31136207,1158.536
     32.57714553,0.31136193,1158.698
     32.57714855,0.31136090,1157.932
     32.57714851,0.31136009,1158.279
     32.57714948,0.31135989,1158.053
     32.57715103,0.31135981,1157.755
     32.57715259,0.31135922,1157.245
     32.57715345,0.31135893,1157.226
     32.57715389,0.31135879,1157.222
     32.57715413,0.31135873,1157.217
     32.57715427,0.31135871,1157.212
     32.57715438,0.31135869,1157.208
     32.57715471,0.31135860,1157.230
     32.57715556,0.31135847,1157.316
     32.57715613,0.31135832,1157.268
     32.57715673,0.31135818,1157.302
     32.57715735,0.31135806,1157.287
     32.57715757,0.31135797,1157.270
     32.57715773,0.31135790,1157.286
     32.57715780,0.31135786,1157.290
     32.57715815,0.31135783,1157.338
     32.57715833,0.31135781,1157.346
     32.57715841,0.31135779,1157.356
     32.57715847,0.31135790,1157.439
     32.57715808,0.31135789,1157.276
     32.57715804,0.31135791,1157.313
     32.57715702,0.31135955,1160.319
     32.57715593,0.31136617,1160.331
     32.57715520,0.31137310,1160.298
     32.57715539,0.31137670,1160.569
     32.57715520,0.31137692,1160.775
     32.57715391,0.31137601,1161.066
     32.57715469,0.31137559,1160.596
     32.57715454,0.31137636,1161.248
     32.57715587,0.31137747,1161.532
     32.57715616,0.31137726,1161.619
     32.57715574,0.31137813,1161.937
     32.57715456,0.31137973,1162.011
     32.57715460,0.31137948,1162.007
     32.57715352,0.31137110,1162.763
     32.57715341,0.31136176,1161.628
     32.57715358,0.31135310,1159.978
     32.57715434,0.31134556,1160.385
     32.57715554,0.31134044,1160.004
     32.57715813,0.31133867,1160.634
     32.57715934,0.31133589,1160.665
     32.57716082,0.31133217,1160.271
     32.57716145,0.31132736,1158.189
     32.57716520,0.31132014,1157.958
     32.57717141,0.31131396,1158.503
     32.57717337,0.31131176,1158.164
     32.57717663,0.31131012,1158.434
     32.57717964,0.31130766,1157.861
     32.57718170,0.31130473,1157.208
     32.57718190,0.31130435,1157.124
     32.57718273,0.31130446,1157.097
     32.57718282,0.31130471,1156.930
     32.57718215,0.31130458,1156.892
     32.57718115,0.31130486,1156.716
     32.57717973,0.31130501,1156.889
     32.57717850,0.31130573,1156.799
     32.57717762,0.31130567,1156.652
     32.57717718,0.31130527,1156.811
     32.57717714,0.31130502,1156.740
     32.57717755,0.31130515,1156.591
     32.57717752,0.31130548,1156.565
     32.57717725,0.31130589,1156.563
     32.57717696,0.31130606,1156.577
     32.57717665,0.31130623,1156.589
     32.57717653,0.31130630,1156.583
     32.57717669,0.31130640,1156.536
     32.57717679,0.31130644,1156.536
     32.57717682,0.31130647,1156.534
     32.57717652,0.31130650,1156.583
     32.57717635,0.31130652,1156.583
     32.57717626,0.31130653,1156.580
     32.57717615,0.31130657,1156.587
     32.57717593,0.31130656,1156.615
     32.57717566,0.31130666,1156.617
     32.57717551,0.31130671,1156.612
     32.57717543,0.31130674,1156.613
     32.57717539,0.31130677,1156.613
     32.57717536,0.31130678,1156.613
     32.57717540,0.31130678,1156.600
     32.57717588,0.31130686,1156.507
     32.57717624,0.31130696,1156.481
     32.57717624,0.31130705,1156.527
     32.57717623,0.31130709,1156.527
     32.57717613,0.31130709,1156.541
     32.57717591,0.31130704,1156.587
     32.57717576,0.31130700,1156.593
     32.57717558,0.31130697,1156.605
     32.57717542,0.31130695,1156.616
     32.57717527,0.31130697,1156.628
     32.57717520,0.31130697,1156.630
     32.57717515,0.31130697,1156.632
     32.57717511,0.31130696,1156.630
     32.57717505,0.31130697,1156.631
     32.57717500,0.31130702,1156.639
     32.57717492,0.31130715,1156.665
     32.57717484,0.31130721,1156.670
     32.57717477,0.31130725,1156.671
     32.57717471,0.31130726,1156.672
     32.57717466,0.31130726,1156.674
     32.57717461,0.31130726,1156.679
     32.57717455,0.31130727,1156.682
     32.57717449,0.31130727,1156.685
     32.57717442,0.31130728,1156.689
     32.57717435,0.31130729,1156.695
     32.57717428,0.31130731,1156.699
     32.57717422,0.31130733,1156.703
     32.57717417,0.31130736,1156.706
     32.57717412,0.31130738,1156.711
     32.57717407,0.31130740,1156.712
     32.57717403,0.31130741,1156.714
     32.57717399,0.31130743,1156.716
     32.57717394,0.31130744,1156.717
     32.57717390,0.31130744,1156.713
     32.57717385,0.31130744,1156.717
     32.57717380,0.31130745,1156.718
     32.57717347,0.31130766,1156.791
     32.57717329,0.31130777,1156.792
     32.57717317,0.31130783,1156.795
     32.57717311,0.31130786,1156.799
     32.57717306,0.31130788,1156.804
     32.57717300,0.31130789,1156.805
     32.57717296,0.31130791,1156.803
     32.57717293,0.31130792,1156.806
     32.57717290,0.31130794,1156.804
     32.57717287,0.31130796,1156.803
     32.57717282,0.31130798,1156.804
     32.57717276,0.31130799,1156.803
     32.57717271,0.31130800,1156.802
     32.57717266,0.31130802,1156.802
     32.57717261,0.31130803,1156.802
     32.57717257,0.31130805,1156.803
     32.57717253,0.31130806,1156.803
     32.57717251,0.31130805,1156.805
     32.57717250,0.31130804,1156.806
     32.57717251,0.31130803,1156.805
     32.57717250,0.31130802,1156.806
     32.57717248,0.31130802,1156.809
     32.57717247,0.31130801,1156.809
     32.57717245,0.31130801,1156.810
     32.57717247,0.31130799,1156.806
     32.57717246,0.31130799,1156.806
     32.57717235,0.31130803,1156.827
     32.57717179,0.31130838,1156.947
     32.57717166,0.31130843,1156.907
     32.57717127,0.31130866,1156.986
     32.57717107,0.31130877,1156.990
     32.57717081,0.31130892,1157.027
     32.57717059,0.31130905,1157.053
     32.57717046,0.31130912,1157.058
     32.57717047,0.31130910,1157.044
     32.57717026,0.31130923,1157.099
     32.57717010,0.31130931,1157.111
     32.57717000,0.31130936,1157.111
     32.57716992,0.31130940,1157.116
     32.57716989,0.31130942,1157.119
     32.57716984,0.31130944,1157.123
     32.57716980,0.31130945,1157.125
     32.57716976,0.31130946,1157.128
     32.57716972,0.31130946,1157.127
     32.57716970,0.31130946,1157.129
     32.57716969,0.31130946,1157.134
     32.57716967,0.31130946,1157.139
     32.57716967,0.31130945,1157.141
     32.57716967,0.31130944,1157.143
     32.57716965,0.31130944,1157.146
     32.57716964,0.31130943,1157.147
     32.57716961,0.31130943,1157.147
     32.57716967,0.31130940,1157.165
     32.57716966,0.31130939,1157.166
     32.57716976,0.31130934,1157.194
     32.57716986,0.31130930,1157.216
     32.57716995,0.31130926,1157.237
     32.57717002,0.31130923,1157.248
     32.57717006,0.31130921,1157.254
     32.57717008,0.31130920,1157.262
     32.57717005,0.31130920,1157.265
     32.57717002,0.31130921,1157.270
     32.57716999,0.31130922,1157.271
     32.57716994,0.31130922,1157.274
     32.57716992,0.31130922,1157.276
     32.57716989,0.31130921,1157.275
     32.57716988,0.31130919,1157.274
     32.57716986,0.31130918,1157.275
     32.57716986,0.31130915,1157.280
     32.57716985,0.31130914,1157.281
     32.57716984,0.31130913,1157.282
     32.57716983,0.31130911,1157.283
     32.57716981,0.31130910,1157.278
     32.57716979,0.31130909,1157.281
     32.57716976,0.31130907,1157.284
     32.57716975,0.31130904,1157.288
     32.57716973,0.31130903,1157.291
     32.57716972,0.31130899,1157.294
     32.57716971,0.31130897,1157.298
     32.57716968,0.31130895,1157.300
     32.57716968,0.31130894,1157.301
     32.57716966,0.31130892,1157.301
     32.57716963,0.31130891,1157.298
     32.57716961,0.31130888,1157.299
     32.57716959,0.31130886,1157.304
     32.57716956,0.31130883,1157.302
     32.57716950,0.31130881,1157.312
     32.57716943,0.31130878,1157.314
     32.57716936,0.31130398,1157.440
     32.57717027,0.31129583,1158.608
     32.57716877,0.31129029,1159.862
     32.57716872,0.31128123,1158.575
     32.57716803,0.31127604,1159.229
     32.57716587,0.31127133,1159.452
     32.57716722,0.31126850,1159.707
     32.57716715,0.31126555,1159.835
     32.57716570,0.31126272,1160.042
     32.57716434,0.31125933,1160.094
     32.57716363,0.31125641,1160.454
     32.57716281,0.31125344,1160.476
     32.57716254,0.31124678,1159.953
     32.57716177,0.31123632,1158.977
     32.57716008,0.31122533,1158.268
     32.57715911,0.31121499,1158.111
     32.57715930,0.31120441,1157.540
     32.57716118,0.31119191,1157.767
     32.57716269,0.31117877,1158.006
     32.57716504,0.31116602,1156.812
     32.57716734,0.31115351,1156.589
     32.57716782,0.31114394,1156.584
     32.57716721,0.31113443,1157.058
     32.57716972,0.31112245,1157.122
     32.57717335,0.31111133,1157.623
     32.57718025,0.31110063,1157.255
     32.57718657,0.31109151,1157.784
     32.57719668,0.31108686,1156.873
     32.57720888,0.31108567,1155.760
     32.57722459,0.31108830,1155.605
     32.57723875,0.31109172,1154.725
     32.57724814,0.31109596,1154.553
     32.57725248,0.31110543,1154.409
     32.57725486,0.31112114,1154.772
     32.57725934,0.31114583,1154.573
     32.57726800,0.31117668,1154.556
     32.57727734,0.31120160,1154.310
     32.57728847,0.31122684,1154.817
     32.57730352,0.31125395,1155.456
     32.57731833,0.31127665,1155.906
     32.57732984,0.31129426,1157.041
     32.57733908,0.31130810,1157.504
     32.57734607,0.31131542,1158.146
     32.57735326,0.31132226,1157.180
     32.57735919,0.31132504,1156.823
     32.57736582,0.31132951,1156.452
     32.57737459,0.31134057,1155.577
     32.57738463,0.31135554,1154.613
     32.57739496,0.31137076,1153.484
     32.57740409,0.31138577,1153.753
     32.57741235,0.31140083,1153.456
     32.57742234,0.31141752,1153.295
     32.57743293,0.31143860,1151.776
     32.57744529,0.31146479,1151.226
     32.57745474,0.31149242,1151.713
     32.57746214,0.31152064,1151.585
     32.57746892,0.31154923,1151.986
     32.57747566,0.31157871,1151.537
     32.57748331,0.31160842,1152.331
     32.57749246,0.31163842,1152.106
     32.57750171,0.31166492,1154.252
     32.57750730,0.31169096,1153.136
     32.57751715,0.31171420,1152.803
     32.57752050,0.31173169,1153.706
     32.57752798,0.31174653,1154.409
     32.57753441,0.31176486,1153.937
     32.57754522,0.31178035,1154.068
     32.57756024,0.31179807,1153.153
     32.57758027,0.31181517,1153.800
     32.57760174,0.31183381,1154.322
     32.57761616,0.31184375,1154.323
     32.57761821,0.31185497,1155.374
     32.57761754,0.31187014,1157.240
     32.57761751,0.31188806,1158.197
     32.57762213,0.31190768,1158.099
     32.57763042,0.31193442,1158.345
     32.57763879,0.31196637,1159.247
     32.57764532,0.31199622,1159.082
     32.57764927,0.31201571,1159.330
     32.57765082,0.31203366,1159.720
     32.57765299,0.31205519,1159.084
     32.57765819,0.31208197,1159.793
     32.57766485,0.31210496,1161.381
     32.57767301,0.31212674,1161.079
     32.57768335,0.31215570,1161.823
     32.57769386,0.31217718,1161.792
     32.57770046,0.31220657,1160.841
     32.57770921,0.31224359,1161.421
     32.57771641,0.31227575,1160.169
     32.57772276,0.31230648,1160.708
     32.57773117,0.31233291,1161.339
     32.57773852,0.31236049,1161.233
     32.57774755,0.31239367,1161.380
     32.57775238,0.31242738,1160.860
     32.57775759,0.31246650,1161.256
     32.57776326,0.31250201,1160.044
     32.57776606,0.31252970,1159.405
     32.57776621,0.31255430,1159.812
     32.57776828,0.31258040,1160.314
     32.57776733,0.31259206,1160.351
     32.57776780,0.31259693,1160.337
     32.57776976,0.31259855,1160.330
     32.57777078,0.31259940,1160.327
     32.57777135,0.31259987,1160.331
     32.57777167,0.31260022,1160.330
     32.57777197,0.31260046,1160.330
     32.57777210,0.31260060,1160.330
     32.57777221,0.31260071,1160.333
     32.57777233,0.31260083,1160.335
     32.57777239,0.31260092,1160.336
     32.57777243,0.31260096,1160.338
     32.57777267,0.31260119,1160.328
     32.57777281,0.31260131,1160.328
     32.57777294,0.31260146,1160.324
     32.57777308,0.31260156,1160.325
     32.57777612,0.31261106,1160.476
     32.57777796,0.31263199,1159.182
     32.57778162,0.31265251,1160.800
     32.57778551,0.31267414,1161.096
     32.57779129,0.31269035,1162.129
     32.57779588,0.31270264,1164.356
     32.57780218,0.31271922,1164.379
     32.57780568,0.31272964,1164.760
     32.57780828,0.31274130,1165.145
     32.57780971,0.31275085,1165.678
     32.57781268,0.31276280,1166.526
     32.57781631,0.31277557,1166.396
     32.57782007,0.31279026,1166.591
     32.57782364,0.31280456,1166.688
     32.57782557,0.31281876,1167.070
     32.57782685,0.31283305,1166.816
     32.57782928,0.31284773,1166.624
     32.57783304,0.31286031,1167.888
     32.57783494,0.31287708,1166.071
     32.57783670,0.31289490,1166.124
     32.57783801,0.31290917,1166.319
     32.57783840,0.31291967,1165.563
     32.57783866,0.31292756,1164.632
     32.57784019,0.31293572,1165.014
     32.57784152,0.31294323,1165.110
     32.57784231,0.31294843,1164.762
     32.57784134,0.31295110,1164.796
     32.57784312,0.31295587,1165.041
     32.57784541,0.31296248,1164.713
     32.57784793,0.31297037,1164.106
     32.57785055,0.31297793,1163.740
     32.57785287,0.31298658,1162.787
     32.57785403,0.31299015,1162.787
     32.57785552,0.31299008,1162.669
     32.57785767,0.31298930,1163.279
     32.57786084,0.31298769,1163.302
     32.57786238,0.31298671,1163.308
     32.57786315,0.31298622,1163.306
     32.57786423,0.31298774,1163.342
     32.57786555,0.31298848,1163.345
     32.57786645,0.31298818,1163.344
     32.57786713,0.31299153,1164.253
     32.57786664,0.31299976,1165.015
     32.57786703,0.31301267,1165.508
     32.57786752,0.31302562,1166.631
     32.57786633,0.31303099,1166.542
     32.57786551,0.31303124,1166.541
     32.57786473,0.31303759,1166.928
     32.57786560,0.31305151,1167.173
     32.57786667,0.31306561,1167.759
     32.57786804,0.31307818,1168.094
     32.57786772,0.31308632,1168.130
     32.57786699,0.31308798,1168.134
     32.57786661,0.31308883,1168.139
     32.57786642,0.31308927,1168.142
     32.57786632,0.31308951,1168.147
     32.57786726,0.31309245,1168.597
     32.57786944,0.31310220,1169.902
     32.57787623,0.31312708,1170.811
     32.57788565,0.31315831,1171.209
     32.57789293,0.31319225,1171.640
     32.57790186,0.31322833,1171.634
     32.57790990,0.31325282,1171.440
     32.57791934,0.31327479,1170.203
     32.57792932,0.31330163,1169.466
     32.57793866,0.31332599,1169.446
     32.57795325,0.31333746,1169.291
     32.57796000,0.31334172,1169.974
     32.57796323,0.31335936,1168.328
     32.57796680,0.31337081,1168.216
     32.57796761,0.31338370,1168.264
     32.57796860,0.31340215,1167.770
     32.57796813,0.31341504,1167.783
     32.57796765,0.31342819,1168.332
     32.57796761,0.31344027,1167.667
     32.57796909,0.31345533,1167.573
     32.57797009,0.31346151,1167.573
     32.57796640,0.31347563,1167.973
     32.57796203,0.31349138,1167.324
     32.57795831,0.31350501,1166.934
     32.57795441,0.31352219,1166.965
     32.57795050,0.31354644,1166.343
     32.57794978,0.31357336,1165.524
     32.57795343,0.31360140,1165.824
     32.57795876,0.31362917,1166.292
     32.57796717,0.31365139,1166.168
     32.57797666,0.31366863,1165.956
     32.57799101,0.31368826,1166.487
     32.57800726,0.31370955,1167.555
     32.57801911,0.31373046,1168.590
     32.57802890,0.31375281,1168.162
     32.57803603,0.31377723,1168.434
     32.57804031,0.31380345,1167.755
     32.57804332,0.31382945,1168.485
     32.57804449,0.31385345,1168.225
     32.57804365,0.31387651,1168.098
     32.57804027,0.31389939,1167.945
     32.57803803,0.31391713,1168.678
     32.57803488,0.31393744,1169.335
     32.57803063,0.31396392,1168.224
     32.57802488,0.31399335,1167.987
     32.57801656,0.31402743,1167.836
     32.57800533,0.31406247,1167.045
     32.57798917,0.31409744,1167.181
     32.57789909,0.31428816,1164.743
     32.57786636,0.31432759,1164.423
     32.57786160,0.31437811,1164.238
     32.57786272,0.31440778,1164.249
     32.57785634,0.31444818,1164.346
     32.57784908,0.31449194,1164.938
     32.57784674,0.31451225,1166.067
     32.57784422,0.31452676,1166.146
     32.57784740,0.31454775,1168.092
     32.57785586,0.31456592,1169.994
     32.57785210,0.31457812,1170.519
     32.57785139,0.31458663,1170.826
     32.57785775,0.31459725,1171.427
     32.57786855,0.31461467,1171.768
     32.57789058,0.31462258,1171.674
     32.57789925,0.31462954,1172.324
     32.57790261,0.31463962,1172.079
     32.57790598,0.31465076,1171.765
     32.57791203,0.31466683,1170.748
     32.57792221,0.31468605,1169.497
     32.57793373,0.31470321,1169.171
     32.57794601,0.31471886,1169.007
     32.57795704,0.31473171,1170.276
     32.57796766,0.31473965,1169.892
     32.57796875,0.31473989,1168.410
     32.57797851,0.31473354,1167.439
     32.57799503,0.31472693,1167.852
     32.57800262,0.31471582,1168.687
     32.57800702,0.31470988,1168.958
     32.57802626,0.31469754,1170.676
     32.57805297,0.31468398,1172.417
     32.57806050,0.31468056,1172.582
     32.57807787,0.31466842,1173.660
     32.57810819,0.31464871,1174.952
     32.57812968,0.31463988,1175.367
     32.57820159,0.31458204,1176.960
     32.57829349,0.31453886,1183.794
     32.57829655,0.31452632,1184.933
     32.57830108,0.31451376,1185.603
     32.57830629,0.31450334,1187.387
     32.57830808,0.31449078,1187.744
     32.57830222,0.31448233,1186.654
     32.57829665,0.31448044,1187.582
     32.57830025,0.31447231,1188.579
     32.57830678,0.31445657,1188.078
     32.57830744,0.31445152,1188.685
     32.57831585,0.31444818,1188.037
     32.57831197,0.31443779,1186.249
     32.57831528,0.31443377,1185.454
     32.57831795,0.31443029,1185.003
     32.57831805,0.31442750,1185.364
     32.57831739,0.31442605,1185.261
     32.57831509,0.31442578,1185.060
     32.57831646,0.31442531,1184.606
     32.57832017,0.31442275,1184.280
     32.57832453,0.31441902,1184.413
     32.57832856,0.31441471,1185.122
     32.57833636,0.31440836,1186.517
     32.57834891,0.31439986,1186.369
     32.57836341,0.31439095,1184.858
     32.57838141,0.31437916,1185.458
     32.57840046,0.31436414,1185.560
     32.57841888,0.31434884,1187.056
     32.57844372,0.31433063,1189.064
     32.57847383,0.31430990,1189.747
     32.57850644,0.31429107,1188.921
     32.57854160,0.31427152,1189.716
     32.57857821,0.31425091,1190.090
     32.57863040,0.31423542,1190.188
     32.57866908,0.31421022,1190.494
     32.57870159,0.31418808,1190.728
     32.57875515,0.31419575,1190.623
     32.57878885,0.31417005,1190.731
     32.57882099,0.31415068,1191.081
     32.57885495,0.31413167,1191.227
     32.57889089,0.31411240,1191.194
     32.57893534,0.31410316,1190.738
     32.57897450,0.31409657,1190.003
     32.57902173,0.31409074,1189.665
     32.57906603,0.31409060,1189.728
     32.57910873,0.31410757,1188.518
     32.57916488,0.31417352,1187.966
     32.57920628,0.31421690,1187.986
     32.57923545,0.31425192,1186.921
     32.57927175,0.31429965,1187.473
     32.57930293,0.31434728,1187.416
     32.57934920,0.31438965,1188.915
     32.57938924,0.31443977,1189.881
     32.57942814,0.31449701,1189.676
     32.57947400,0.31456456,1189.748
     32.57951135,0.31462915,1189.206
     32.57955735,0.31469795,1188.537
     32.57960271,0.31476433,1188.242
     32.57964857,0.31483380,1189.064
     32.57969849,0.31492071,1189.215
     32.57972524,0.31495312,1190.154
     32.57976956,0.31500947,1190.724
     32.57980111,0.31505713,1190.427
     32.57983543,0.31509606,1189.419
     32.57985967,0.31512394,1188.743
     32.57988731,0.31515349,1188.102
     32.57989084,0.31516905,1187.650
     32.57989773,0.31518063,1187.538
     32.57990268,0.31518614,1187.498
     32.57991154,0.31519320,1189.062
     32.57991470,0.31519403,1189.091
     32.57991233,0.31519397,1188.579
     32.57991313,0.31519798,1188.936
     32.57991376,0.31519565,1188.902
     32.57991535,0.31519492,1188.999
     32.57991852,0.31519588,1189.037
     32.57991757,0.31519970,1189.121
     32.57991890,0.31520118,1189.693
     32.57991892,0.31520077,1189.566
     32.57992235,0.31520270,1190.847
     32.57992600,0.31520477,1189.718
     32.57993022,0.31520488,1190.080
     32.57993391,0.31520428,1190.195
     32.57993764,0.31520275,1189.926
     32.57994077,0.31520057,1189.254
     32.57994539,0.31520174,1189.660
     32.57995291,0.31520378,1189.497
     32.57996733,0.31521712,1189.730
     32.57998661,0.31523079,1189.202
     32.58000968,0.31524936,1189.422
     32.58003291,0.31527130,1189.283
     32.58004955,0.31529192,1190.764
     32.58006439,0.31531487,1192.274
     32.58007883,0.31533884,1193.669
     32.58009051,0.31536158,1194.624
     32.58010397,0.31538790,1195.372
     32.58012158,0.31542717,1195.637
     32.58014242,0.31547302,1195.739
     32.58016400,0.31551811,1196.312
     32.58018654,0.31556140,1196.249
     32.58021350,0.31563128,1195.907
     32.58024004,0.31567228,1196.715
     32.58026295,0.31571024,1196.651
     32.58029051,0.31574763,1196.617
     32.58031160,0.31578386,1197.922
     32.58032241,0.31580998,1197.805
     32.58033191,0.31582248,1198.372
     32.58033610,0.31582928,1199.523
     32.58033817,0.31582853,1199.665
     32.58033906,0.31582920,1199.952
     32.58034011,0.31583310,1199.884
     32.58034021,0.31583499,1199.790
     32.58033560,0.31583278,1199.892
     32.58033451,0.31583263,1199.897
     32.58033405,0.31583322,1199.863
     32.58033346,0.31583459,1199.624
     32.58033314,0.31583391,1199.372
     32.58033401,0.31583358,1199.234
     32.58033494,0.31583330,1199.541
     32.58033517,0.31583295,1199.615
     32.58033550,0.31583306,1199.620
     32.58033558,0.31583306,1199.612
     32.58033562,0.31583301,1199.614
     32.58033563,0.31583271,1199.675
     32.58033226,0.31583634,1200.026
     32.58033051,0.31583298,1199.521
     32.58033100,0.31583105,1199.204
     32.58032890,0.31582910,1199.114
     32.58032848,0.31583060,1199.045
     32.58032775,0.31583017,1199.045
     32.58032672,0.31582686,1198.941
     32.58032543,0.31582664,1198.879
     32.58032240,0.31582930,1199.083
     32.58031771,0.31583240,1199.669
     32.58031699,0.31583269,1199.763
     32.58031676,0.31583194,1199.892
     32.58031938,0.31583152,1200.062
     32.58032008,0.31583076,1199.992
     32.58031870,0.31583174,1199.937
     32.58031791,0.31583226,1200.037
     32.58031679,0.31583252,1199.873
     32.58031674,0.31583219,1199.577
     32.58031427,0.31583191,1199.303
     32.58031435,0.31583190,1199.399
     32.58031456,0.31583176,1199.283
     32.58031470,0.31583124,1199.241
     32.58031416,0.31583929,1198.649
     32.58031279,0.31583749,1198.261
     32.58031343,0.31583540,1198.311
     32.58031316,0.31583378,1198.148
     32.58031103,0.31583332,1198.089
     32.58031060,0.31583357,1197.885
     32.58030944,0.31583240,1197.556
     32.58031094,0.31583075,1197.718
     32.58031092,0.31583197,1197.656
     32.58031153,0.31583178,1197.716
     32.58031076,0.31583093,1197.882
     32.58031129,0.31583029,1197.943
     32.58031173,0.31583003,1198.076
     32.58031183,0.31583005,1198.151
     32.58031170,0.31582992,1198.091
     32.58031187,0.31582973,1198.129
     32.58031213,0.31582979,1198.115
     32.58031236,0.31582990,1198.120
     32.58031222,0.31582979,1198.074
     32.58031226,0.31582974,1198.065
     32.58031230,0.31582979,1198.054
     32.58031231,0.31582970,1198.053
     32.58031242,0.31582956,1198.059
     32.58031205,0.31583000,1197.990
     32.58031204,0.31583002,1197.986
     32.58031237,0.31583009,1197.964
     32.58031230,0.31583016,1197.954
     32.58031214,0.31583059,1197.889
     32.58031205,0.31583065,1197.883
     32.58031215,0.31583080,1197.860
     32.58031215,0.31583081,1197.855
     32.58031213,0.31583083,1197.850
     32.58031216,0.31583101,1197.823
     32.58031217,0.31583091,1197.840
     32.58031222,0.31583079,1197.853
     32.58031221,0.31583075,1197.859
     32.58031221,0.31583074,1197.864
     32.58031225,0.31583071,1197.866
     32.58031221,0.31583071,1197.883
     32.58031221,0.31583070,1197.883
     32.58031211,0.31583088,1197.870
     32.58031232,0.31583046,1197.913
     32.58031235,0.31583024,1197.941
     32.58031235,0.31583029,1197.932
     32.58031235,0.31583027,1197.936
     32.58031235,0.31583025,1197.939
     32.58031237,0.31583023,1197.941
     32.58031238,0.31583021,1197.942
     32.58031241,0.31583017,1197.947
     32.58031242,0.31583012,1197.952
     32.58031240,0.31583004,1197.960
     32.58031242,0.31582988,1197.982
     32.58031243,0.31582986,1197.991
     32.58031244,0.31582986,1197.990
     32.58031112,0.31583103,1198.444
     32.58030849,0.31582904,1199.133
     32.58030973,0.31582775,1199.310
     32.58031172,0.31582637,1199.468
     32.58031282,0.31582517,1199.908
     32.58031510,0.31582557,1200.075
     32.58031863,0.31582977,1200.257
     32.58032100,0.31583259,1200.257
     32.58032218,0.31583434,1200.196
     32.58032166,0.31583540,1200.506
     32.58032213,0.31583544,1201.278
     32.58032370,0.31583475,1201.201
     32.58032463,0.31583488,1201.751
     32.58032661,0.31583492,1201.845
     32.58032883,0.31583525,1201.674
     32.58033008,0.31583519,1201.837
     32.58033182,0.31583493,1201.809
     32.58033329,0.31583505,1201.654
     32.58033460,0.31583484,1201.167
     32.58033628,0.31583560,1201.046
     32.58033686,0.31583559,1200.997
     32.58033603,0.31583609,1201.109
     32.58033563,0.31583622,1201.204
     32.58033590,0.31583669,1200.982
     32.58033541,0.31583592,1200.832
     32.58033494,0.31583551,1200.723
     32.58033484,0.31583497,1200.409
     32.58033476,0.31583515,1200.225
     32.58033441,0.31583443,1200.049
     32.58033501,0.31583364,1200.462
     32.58033494,0.31583332,1200.494
     32.58033507,0.31583314,1200.467
     32.58033445,0.31583331,1200.380
     32.58033390,0.31583363,1200.311
     32.58033349,0.31583387,1200.269
     32.58033880,0.31584040,1200.364
     32.58035097,0.31585518,1200.845
     32.58036611,0.31587969,1200.214
     32.58038757,0.31590991,1200.161
     32.58041143,0.31593663,1200.229
     32.58043836,0.31595700,1200.692
     32.58047511,0.31596999,1200.794
     32.58053252,0.31594207,1200.013
     32.58058077,0.31590254,1199.659
     32.58062702,0.31585627,1199.308
     32.58066852,0.31579868,1198.732
     32.58071807,0.31573089,1198.300
     32.58077903,0.31566447,1197.989
     32.58085054,0.31560941,1196.623
     32.58092541,0.31554811,1195.840
     32.58100855,0.31548596,1194.897
     32.58109172,0.31542478,1195.080
     32.58118111,0.31536436,1194.020
     32.58126170,0.31530456,1193.632
     32.58133682,0.31523815,1192.858
     32.58141584,0.31520126,1191.616
     32.58148076,0.31515404,1191.179
     32.58154354,0.31511245,1190.950
     32.58160506,0.31508234,1190.670
     32.58167324,0.31507080,1190.469
     32.58174616,0.31506474,1189.520
     32.58182485,0.31506820,1189.552
     32.58190296,0.31508217,1188.944
     32.58200093,0.31511171,1189.141
     32.58208572,0.31514529,1188.603
     32.58216756,0.31517376,1188.092
     32.58225867,0.31520724,1188.349
     32.58235287,0.31524388,1188.759
     32.58244844,0.31528797,1188.928
     32.58255204,0.31532912,1188.444
     32.58265184,0.31537483,1187.871
     32.58275715,0.31541435,1188.295
     32.58286699,0.31545580,1188.509
     32.58297879,0.31550005,1188.325
     32.58309206,0.31554516,1188.919
     32.58320128,0.31560064,1189.352
     32.58332747,0.31564568,1189.715
     32.58346802,0.31569593,1189.270
     32.58358691,0.31574111,1189.748
     32.58371158,0.31576473,1190.442
     32.58383553,0.31582471,1190.549
     32.58395860,0.31589806,1191.995
     32.58408158,0.31594030,1192.438
     32.58419273,0.31600494,1192.539
     32.58430917,0.31607077,1192.371
     32.58442413,0.31614845,1191.012
     32.58453909,0.31622373,1190.765
     32.58466366,0.31630651,1190.725
     32.58479475,0.31637870,1190.932
     32.58492147,0.31645218,1190.848
     32.58504510,0.31651999,1189.446
     32.58517351,0.31659470,1187.731
     32.58530028,0.31666518,1187.346
     32.58542079,0.31671883,1185.652
     32.58554507,0.31676011,1184.908
     32.58566901,0.31680085,1184.302
     32.58578705,0.31683083,1184.639
     32.58590634,0.31685613,1184.411
     32.58601997,0.31688136,1183.086
     32.58614391,0.31688554,1183.261
     32.58625578,0.31688322,1182.893
     32.58636013,0.31688919,1182.811
     32.58643856,0.31688387,1181.908
     32.58652216,0.31689180,1181.903
     32.58658396,0.31688569,1180.931
     32.58663756,0.31686765,1181.850
     32.58668055,0.31686057,1182.201
     32.58670128,0.31684014,1184.290
     32.58672524,0.31681049,1185.611
     32.58678687,0.31682717,1188.116
     32.58681542,0.31683392,1188.746
     32.58686681,0.31683106,1189.651
     32.58695079,0.31680811,1190.746
     32.58702932,0.31678794,1191.069
     32.58708237,0.31677920,1190.403
     32.58714652,0.31678671,1189.948
     32.58720278,0.31678711,1188.883
     32.58726334,0.31680606,1188.573
     32.58730150,0.31680205,1187.573
     32.58735299,0.31679526,1187.796
     32.58737673,0.31679820,1186.161
     32.58742581,0.31680787,1185.767
     32.58747030,0.31680229,1185.719
     32.58749736,0.31681100,1185.016
     32.58753329,0.31681379,1184.926
     32.58755480,0.31681832,1184.663
     32.58760297,0.31682493,1183.752
     32.58764656,0.31683086,1183.433
     32.58767204,0.31683238,1183.147
     32.58768960,0.31683352,1183.706
     32.58770965,0.31683651,1183.430
     32.58773355,0.31684107,1182.564
     32.58776440,0.31684991,1180.686
     32.58786836,0.31688473,1178.672
     32.58800147,0.31695145,1178.645
     32.58804445,0.31700165,1177.985
     32.58807438,0.31704188,1177.566
     32.58810435,0.31708251,1177.890
     32.58814440,0.31711647,1177.882
     32.58818585,0.31715463,1178.552
     32.58822453,0.31718449,1177.480
     32.58828170,0.31722230,1175.596
     32.58833370,0.31723842,1174.612
     32.58838630,0.31723240,1173.300
     32.58843883,0.31721592,1172.765
     32.58849202,0.31718000,1171.610
     32.58855145,0.31715669,1171.185
     32.58861532,0.31713792,1170.190
     32.58869910,0.31714608,1170.550
     32.58877400,0.31715148,1170.248
     32.58883775,0.31715982,1170.546
     32.58892351,0.31717814,1170.122
     32.58900327,0.31721847,1169.530
     32.58908360,0.31726059,1169.035
     32.58916191,0.31730219,1167.983
     32.58925018,0.31734428,1167.379
     32.58934411,0.31739061,1167.409
     32.58944570,0.31744098,1166.913
     32.58953722,0.31750291,1164.017
     32.58963928,0.31755426,1163.670
     32.58975141,0.31759827,1164.188
     32.58985060,0.31766471,1164.046
     32.58994814,0.31771338,1163.408
     32.59003376,0.31776565,1163.100
     32.59012168,0.31783236,1162.766
     32.59019657,0.31788707,1162.796
     32.59026707,0.31793330,1162.541
     32.59032908,0.31797534,1162.696
     32.59038264,0.31801978,1162.731
     32.59044865,0.31807239,1163.754
     32.59051070,0.31812122,1163.602
     32.59056257,0.31816554,1163.179
     32.59059071,0.31820532,1161.678
     32.59062344,0.31823851,1161.368
     32.59066010,0.31827227,1161.759
     32.59069215,0.31829309,1161.009
     32.59071572,0.31831449,1160.624
     32.59073560,0.31833461,1160.411
     32.59075272,0.31834566,1160.717
     32.59077159,0.31836284,1160.681
     32.59078734,0.31837733,1160.278
     32.59080096,0.31838997,1160.168
     32.59081441,0.31840101,1160.085
     32.59081650,0.31840658,1159.719
     32.59082633,0.31841177,1160.443
     32.59083309,0.31841804,1160.853
     32.59083720,0.31842344,1160.801
     32.59084100,0.31842866,1160.537
     32.59084589,0.31843388,1160.816
     32.59085029,0.31843761,1160.877
     32.59085723,0.31844072,1160.629
     32.59086835,0.31844608,1160.685
     32.59088220,0.31845323,1160.389
     32.59089460,0.31846216,1159.450
     32.59090330,0.31847176,1159.218
     32.59090824,0.31847889,1158.634
     32.59091439,0.31848518,1158.709
     32.59092247,0.31849328,1158.775
     32.59093217,0.31850282,1158.390
     32.59094192,0.31851181,1158.367
     32.59094877,0.31851946,1158.389
     32.59095289,0.31852408,1158.500
     32.59095719,0.31852920,1158.083
     32.59096210,0.31853526,1157.495
     32.59096887,0.31854344,1157.206
     32.59097597,0.31855379,1156.153
     32.59098486,0.31856394,1156.330
     32.59099397,0.31857510,1156.041
     32.59100351,0.31858745,1155.851
     32.59101174,0.31859838,1156.376
     32.59101784,0.31860692,1156.213
     32.59102212,0.31861436,1156.261
     32.59102470,0.31862047,1156.188
     32.59102834,0.31862801,1155.931
     32.59103316,0.31863585,1156.003
     32.59103915,0.31864420,1155.671
     32.59104775,0.31865456,1155.424
     32.59105685,0.31866644,1155.636
     32.59106653,0.31868056,1155.151
     32.59107699,0.31869503,1155.531
     32.59108473,0.31870824,1154.438
     32.59109230,0.31872220,1154.395
     32.59110026,0.31873668,1154.423
     32.59110689,0.31875014,1154.505
     32.59111511,0.31876499,1154.963
     32.59112459,0.31878130,1155.008
     32.59113242,0.31879530,1155.027
     32.59113885,0.31880716,1154.911
     32.59114288,0.31881731,1154.453
     32.59114516,0.31882419,1153.902
     32.59114661,0.31882708,1153.959
     32.59114819,0.31882903,1153.688
     32.59115049,0.31883159,1153.573
     32.59115454,0.31883727,1154.045
     32.59116049,0.31884963,1153.755
     32.59116887,0.31886945,1153.446
     32.59117714,0.31889529,1152.857
     32.59118486,0.31892471,1152.456
     32.59119040,0.31894897,1152.396
     32.59119329,0.31896731,1152.092
     32.59119807,0.31898546,1151.793
     32.59120540,0.31900823,1151.842
     32.59121594,0.31903404,1151.873
     32.59122571,0.31905751,1152.149
     32.59123192,0.31907605,1151.876
     32.59123744,0.31909075,1151.830
     32.59124438,0.31910325,1152.145
     32.59125268,0.31911446,1152.112
     32.59126097,0.31912783,1151.476
     32.59126923,0.31914187,1151.375
     32.59127921,0.31915414,1151.812
     32.59129053,0.31916514,1152.078
     32.59130181,0.31917599,1151.939
     32.59131093,0.31918028,1152.471
     32.59131530,0.31918314,1151.762
     32.59131867,0.31918471,1151.958
     32.59132178,0.31918553,1151.954
     32.59132488,0.31918670,1151.722
     32.59132892,0.31918853,1151.685
     32.59133383,0.31919102,1151.703
     32.59133898,0.31919403,1151.682
     32.59134257,0.31919649,1151.602
     32.59134284,0.31919492,1151.729
     32.59134506,0.31919686,1151.618
     32.59134426,0.31921125,1148.459
     32.59134943,0.31922450,1148.334
     32.59136033,0.31923736,1148.247
     32.59137857,0.31924715,1148.585
     32.59140042,0.31925141,1148.980
     32.59141640,0.31925064,1149.417
     32.59142067,0.31925148,1148.033
     32.59142225,0.31925189,1147.748
     32.59142723,0.31925110,1147.553
     32.59143768,0.31924849,1147.869
     32.59145439,0.31924552,1147.823
     32.59147579,0.31924248,1147.988
     32.59149248,0.31923980,1147.562
     32.59150236,0.31923460,1148.030
     32.59150843,0.31922983,1147.725
     32.59151873,0.31922354,1147.662
     32.59153697,0.31921265,1147.680
     32.59156180,0.31919890,1147.763
     32.59159051,0.31917906,1147.692
     32.59161960,0.31915460,1147.362
     32.59164769,0.31912606,1146.370
     32.59167165,0.31908956,1146.671
     32.59169077,0.31904777,1146.194
     32.59168727,0.31897150,1146.201
     32.59169680,0.31890705,1146.533
     32.59171167,0.31884664,1146.021
     32.59173538,0.31877962,1145.441
     32.59176741,0.31870664,1145.071
     32.59180574,0.31863541,1144.854
     32.59184961,0.31856130,1144.444
     32.59190127,0.31849451,1143.649
     32.59195148,0.31842329,1143.042
     32.59201036,0.31835905,1141.978
     32.59206835,0.31829090,1141.251
     32.59212428,0.31821750,1140.440
     32.59217718,0.31814293,1140.185
     32.59221759,0.31807765,1140.193
     32.59227063,0.31802286,1139.746
     32.59231987,0.31797320,1139.098
     32.59236078,0.31791424,1139.090
     32.59240111,0.31785661,1138.344
     32.59243783,0.31780273,1138.308
     32.59247656,0.31777024,1137.903
     32.59251075,0.31773541,1137.240
     32.59253806,0.31769145,1137.757
     32.59256471,0.31765093,1137.888
     32.59259723,0.31760810,1138.168
     32.59263222,0.31756636,1138.227
     32.59265821,0.31751986,1138.956
     32.59268594,0.31748081,1139.204
     32.59271596,0.31744455,1139.293
     32.59274336,0.31740549,1139.515
     32.59276931,0.31736538,1139.923
     32.59279568,0.31732462,1140.194
     32.59282899,0.31727919,1140.437
     32.59286627,0.31722536,1140.579
     32.59290516,0.31716669,1140.782
     32.59294899,0.31711176,1140.901
     32.59299489,0.31706024,1140.792
     32.59304711,0.31701228,1140.793
     32.59310107,0.31697071,1140.941
     32.59315740,0.31693792,1141.162
     32.59322114,0.31691540,1140.408
     32.59328748,0.31690798,1140.405
     32.59335587,0.31691601,1139.613
     32.59341909,0.31692780,1139.458
     32.59348089,0.31694976,1139.019
     32.59353928,0.31697606,1138.615
     32.59359111,0.31700172,1138.113
     32.59364024,0.31703318,1137.656
     32.59368592,0.31705993,1137.619
     32.59372751,0.31708856,1137.568
     32.59377165,0.31712460,1137.131
     32.59381855,0.31715707,1137.015
     32.59386714,0.31719003,1136.837
     32.59391497,0.31722340,1136.638
     32.59396266,0.31725800,1136.450
     32.59400586,0.31729021,1135.881
     32.59405129,0.31732577,1135.924
     32.59409653,0.31735971,1135.880
     32.59414153,0.31739447,1135.694
     32.59418763,0.31742844,1135.661
     32.59423555,0.31746228,1135.926
     32.59428521,0.31749839,1136.188
     32.59433497,0.31753728,1136.354
     32.59438853,0.31757657,1136.130
     32.59444488,0.31761734,1136.597
     32.59449922,0.31765856,1136.952
     32.59455187,0.31770047,1136.957
     32.59460994,0.31773927,1137.086
     32.59466294,0.31777792,1137.049
     32.59470739,0.31781309,1136.607
     32.59474722,0.31784230,1136.787
     32.59478217,0.31786505,1136.883
     32.59481284,0.31788955,1136.758
     32.59483973,0.31791420,1136.734
     32.59486423,0.31793552,1136.381
     32.59488915,0.31795112,1136.315
     32.59491223,0.31796726,1136.286
     32.59492991,0.31798378,1136.434
     32.59494717,0.31799659,1136.411
     32.59495957,0.31800585,1136.413
     32.59496936,0.31801334,1136.691
     32.59497850,0.31801734,1136.951
     32.59499043,0.31802501,1137.093
     32.59500490,0.31803527,1136.836
     32.59501928,0.31804595,1136.703
     32.59503454,0.31805859,1136.708
     32.59504984,0.31807083,1136.990
     32.59506245,0.31808074,1137.104
     32.59507134,0.31808792,1137.521
     32.59507765,0.31809235,1137.184
     32.59508472,0.31809647,1137.441
     32.59509552,0.31810337,1137.582
     32.59510805,0.31811211,1137.692
     32.59511917,0.31812094,1137.748
     32.59512834,0.31812903,1137.769
     32.59513652,0.31813675,1138.026
     32.59514494,0.31814453,1137.976
     32.59515575,0.31815303,1138.225
     32.59516901,0.31816380,1138.377
     32.59518312,0.31817617,1138.063
     32.59519849,0.31819062,1138.510
     32.59521479,0.31820998,1138.079
     32.59522832,0.31822931,1138.011
     32.59523796,0.31824604,1138.460
     32.59524471,0.31826302,1137.932
     32.59525085,0.31828281,1138.761
     32.59525581,0.31830341,1138.802
     32.59526001,0.31832238,1138.928
     32.59526401,0.31834128,1138.877
     32.59526774,0.31835764,1138.836
     32.59527090,0.31836974,1139.050
     32.59527417,0.31837679,1139.296
     32.59527724,0.31838023,1139.254
     32.59528187,0.31838555,1139.294
     32.59529004,0.31839482,1139.670
     32.59530395,0.31840992,1139.693
     32.59532471,0.31843168,1139.851
     32.59534963,0.31845556,1140.158
     32.59537920,0.31848038,1140.295
     32.59543791,0.31849539,1140.786
     32.59549195,0.31850185,1141.256
     32.59555285,0.31850814,1141.387
     32.59562202,0.31852204,1141.802
     32.59569319,0.31854633,1142.087
     32.59576050,0.31857479,1142.678
     32.59582775,0.31860666,1143.043
     32.59589815,0.31864232,1143.276
     32.59597003,0.31868451,1143.873
     32.59603499,0.31872900,1144.378
     32.59610434,0.31877952,1144.774
     32.59617278,0.31883046,1145.547
     32.59624046,0.31888539,1145.921
     32.59631535,0.31893968,1146.504
     32.59639291,0.31899101,1147.595
     32.59646811,0.31904773,1148.422
     32.59654625,0.31910805,1148.980
     32.59662638,0.31917017,1149.179
     32.59670550,0.31924067,1149.256
     32.59679527,0.31930332,1149.721
     32.59688660,0.31937735,1149.727
     32.59697965,0.31945031,1150.052
     32.59707839,0.31952464,1150.470
     32.59717930,0.31960537,1150.475
     32.59727924,0.31968143,1150.807
     32.59737921,0.31976003,1150.902
     32.59748393,0.31984026,1151.140
     32.59759176,0.31992396,1151.150
     32.59769755,0.32001209,1151.067
     32.59780601,0.32009897,1151.042
     32.59791034,0.32018155,1150.912
     32.59800695,0.32026191,1151.525
     32.59809289,0.32034297,1150.695
     32.59818027,0.32042178,1150.658
     32.59827280,0.32050413,1150.401
     32.59836928,0.32057775,1150.566
     32.59847067,0.32065501,1150.444
     32.59857456,0.32073468,1150.662
     32.59868097,0.32081409,1150.706
     32.59878727,0.32089970,1151.291
     32.59889407,0.32098311,1151.460
     32.59902836,0.32106944,1151.888
     32.59914899,0.32115010,1152.254
     32.59927230,0.32124087,1152.303
     32.59939940,0.32133509,1152.596
     32.59952240,0.32142902,1152.350
     32.59965094,0.32152422,1152.387
     32.59977716,0.32162337,1153.029
     32.59990734,0.32172128,1153.470
     32.60003805,0.32181735,1154.052
     32.60016516,0.32191684,1154.078
     32.60029103,0.32201784,1154.502
     32.60042121,0.32211457,1154.981
     32.60054834,0.32221893,1155.069
     32.60067937,0.32231919,1155.354
     32.60080871,0.32241486,1155.890
     32.60093539,0.32252032,1156.411
     32.60106391,0.32262419,1157.327
     32.60119032,0.32272568,1157.494
     32.60130904,0.32282437,1157.739
     32.60142144,0.32291171,1158.700
     32.60152697,0.32300485,1158.585
     32.60163331,0.32308515,1158.162
     32.60174345,0.32317409,1158.943
     32.60186061,0.32324945,1158.917
     32.60197509,0.32331583,1158.218
     32.60208330,0.32341667,1158.096
     32.60219255,0.32350542,1158.090
     32.60230256,0.32359045,1158.120
     32.60240876,0.32367851,1157.937
     32.60251418,0.32376429,1157.912
     32.60261699,0.32384461,1157.729
     32.60272364,0.32392726,1157.629
     32.60283332,0.32400577,1157.918
     32.60293691,0.32408896,1157.391
     32.60304005,0.32417060,1156.417
     32.60314088,0.32424598,1155.990
     32.60324504,0.32432066,1155.644
     32.60334357,0.32439395,1154.767
     32.60343959,0.32446308,1154.104
     32.60353421,0.32452794,1153.656
     32.60363151,0.32458611,1153.042
     32.60372225,0.32464741,1151.983
     32.60381102,0.32469453,1151.708
     32.60389285,0.32474422,1151.268
     32.60397529,0.32478295,1150.781
     32.60404509,0.32482035,1150.098
     32.60411389,0.32485084,1149.309
     32.60417499,0.32487054,1149.261
     32.60423237,0.32489455,1148.533
     32.60428479,0.32491660,1147.673
     32.60433945,0.32493566,1147.280
     32.60439467,0.32495317,1146.644
     32.60444964,0.32497347,1145.856
     32.60451331,0.32499148,1146.009
     32.60457540,0.32501303,1145.242
     32.60463521,0.32503237,1145.149
     32.60470015,0.32505345,1144.600
     32.60475017,0.32512548,1140.667
     32.60481815,0.32514452,1140.574
     32.60488729,0.32516098,1140.640
     32.60494769,0.32518120,1140.424
     32.60500801,0.32519428,1140.144
     32.60506794,0.32520850,1140.352
     32.60512489,0.32522473,1140.231
     32.60518038,0.32524042,1140.143
     32.60523562,0.32525590,1140.250
     32.60528550,0.32527148,1140.369
     32.60532742,0.32528550,1140.182
     32.60537016,0.32529497,1140.540
     32.60539916,0.32530307,1140.304
     32.60542450,0.32531091,1140.232
     32.60544401,0.32531422,1140.496
     32.60545741,0.32531505,1140.013
     32.60546906,0.32531384,1140.260
     32.60547308,0.32531192,1140.378
     32.60546926,0.32530789,1140.042
     32.60546845,0.32530527,1139.965
     32.60546959,0.32530225,1140.075
     32.60547082,0.32529874,1140.238
     32.60547129,0.32529335,1140.876
     32.60547085,0.32529369,1140.788
     32.60547110,0.32529182,1140.817
     32.60547261,0.32527873,1141.938
     32.60547606,0.32529024,1142.475
     32.60547656,0.32528870,1142.772
     32.60547913,0.32528742,1143.435
     32.60547567,0.32528880,1143.608
     32.60546463,0.32527165,1143.797
     32.60545195,0.32526597,1144.403
     32.60544350,0.32526047,1145.506
     32.60544228,0.32525966,1145.508
     32.60544295,0.32525896,1145.479
     32.60543731,0.32525672,1145.682
     32.60543391,0.32525447,1145.749
     32.60543147,0.32525307,1145.944
     32.60543078,0.32525063,1146.332
     32.60543023,0.32524665,1146.181
     32.60542857,0.32524538,1146.385
     32.60542826,0.32524524,1146.600
     32.60542819,0.32524554,1146.514
     32.60542835,0.32524561,1146.509
     32.60542861,0.32524575,1146.544
     32.60542897,0.32524598,1146.561
     32.60542895,0.32524598,1146.567
     32.60542895,0.32524597,1146.571
     32.60542895,0.32524597,1146.570
     32.60542895,0.32524597,1146.573
     32.60542906,0.32524602,1146.575
     32.60542906,0.32524603,1146.576
     32.60542907,0.32524604,1146.577
     32.60542904,0.32524603,1146.582
     32.60542903,0.32524602,1146.576
     32.60542903,0.32524602,1146.576
     32.60542913,0.32524608,1146.577
     32.60542910,0.32524606,1146.568
     32.60542911,0.32524607,1146.569
     32.60542917,0.32524609,1146.577
     32.60542917,0.32524609,1146.579
     32.60542913,0.32524606,1146.541
     32.60542913,0.32524606,1146.542
     32.60542914,0.32524605,1146.542
     32.60542933,0.32524616,1146.521
     32.60542933,0.32524616,1146.521
     32.60542932,0.32524618,1146.519
     32.60542932,0.32524618,1146.519
     32.60542927,0.32524618,1146.505
     32.60542932,0.32524621,1146.502
     32.60542932,0.32524620,1146.503
     32.60542932,0.32524620,1146.502
     32.60542931,0.32524619,1146.505
     32.60542931,0.32524619,1146.505
     32.60542932,0.32524619,1146.508
     32.60542936,0.32524621,1146.512
     32.60542937,0.32524621,1146.513
     32.60542940,0.32524621,1146.519
     32.60542941,0.32524621,1146.515
     32.60542941,0.32524621,1146.515
     32.60542941,0.32524621,1146.515
     32.60542942,0.32524622,1146.515
     32.60542942,0.32524622,1146.516
     32.60542943,0.32524621,1146.517
     32.60542943,0.32524622,1146.517
     32.60542944,0.32524622,1146.518
     32.60542944,0.32524622,1146.515
     32.60542944,0.32524622,1146.515
     32.60542944,0.32524622,1146.514
     32.60542943,0.32524621,1146.511
     32.60542944,0.32524621,1146.512
     32.60542944,0.32524622,1146.511
     32.60542945,0.32524622,1146.511
     32.60542945,0.32524622,1146.511
     32.60542946,0.32524622,1146.511
     32.60542946,0.32524622,1146.511
     32.60542947,0.32524622,1146.513
     32.60542947,0.32524622,1146.512
     32.60542947,0.32524621,1146.513
     32.60542948,0.32524621,1146.513
     32.60542949,0.32524621,1146.514
     32.60542947,0.32524621,1146.511
     32.60542948,0.32524621,1146.511
     32.60542948,0.32524621,1146.512
     32.60542949,0.32524622,1146.513
     32.60542949,0.32524622,1146.514
     32.60542949,0.32524622,1146.514
     32.60542949,0.32524622,1146.514
     32.60542949,0.32524622,1146.514
     32.60542950,0.32524622,1146.514
     32.60542950,0.32524622,1146.514
     32.60542950,0.32524622,1146.515
     32.60542951,0.32524622,1146.515
     32.60542950,0.32524622,1146.515
     32.60542950,0.32524622,1146.515
     32.60542950,0.32524622,1146.515
     32.60542950,0.32524622,1146.515
     32.60542951,0.32524623,1146.515
     32.60542951,0.32524623,1146.516
     32.60542951,0.32524623,1146.516
     32.60542951,0.32524623,1146.516
     32.60542951,0.32524623,1146.516
     32.60542952,0.32524623,1146.516
     32.60542953,0.32524623,1146.516
     32.60542953,0.32524623,1146.516
     32.60542953,0.32524623,1146.516
     32.60542953,0.32524623,1146.515
     32.60542953,0.32524623,1146.515
     32.60542954,0.32524623,1146.515
     32.60547339,0.32527075,1146.752
     32.60550397,0.32528476,1146.944
     32.60554180,0.32530106,1148.388
     32.60558138,0.32531691,1148.590
     32.60562676,0.32533538,1148.860
     32.60565899,0.32535141,1149.038
     32.60568644,0.32536241,1148.622
     32.60569678,0.32536644,1148.712
     32.60570756,0.32538256,1149.047
     32.60572641,0.32540460,1150.265
     32.60573591,0.32541785,1150.404
     32.60573983,0.32542471,1150.543
     32.60574362,0.32543148,1150.558
     32.60636399,0.32556266,1144.759
     32.60648077,0.32555983,1145.355
     32.60654901,0.32558661,1144.567
     32.60661355,0.32562610,1144.701
     32.60671552,0.32565243,1144.223
     32.60679257,0.32566903,1144.057
     32.60692203,0.32566609,1143.818
     32.60695975,0.32573496,1143.078
     32.60710986,0.32572528,1143.259
     32.60720175,0.32575248,1143.247
     32.60728958,0.32578745,1143.324
     32.60730969,0.32582458,1143.603
     32.60739105,0.32584598,1143.438
     32.60749354,0.32583218,1143.661
     32.60758085,0.32581511,1143.613
     32.60763294,0.32583832,1143.746
     32.60773544,0.32584983,1144.129
     32.60781534,0.32586806,1144.141
     32.60788863,0.32588684,1144.185
     32.60797753,0.32594632,1144.332
     32.60802623,0.32599711,1144.405
     32.60809074,0.32603408,1144.461
     32.60818143,0.32611075,1144.608
     32.60826103,0.32614750,1144.525
     32.60834144,0.32619807,1144.513
     32.60844865,0.32621728,1144.301
     32.60853160,0.32623415,1144.246
     32.60863611,0.32625981,1144.619
     32.60872713,0.32631367,1144.651
     32.60883697,0.32639294,1145.083
     32.60899197,0.32639858,1144.830
     32.60910740,0.32645413,1145.238
     32.60921685,0.32650737,1145.309
     32.60930868,0.32653556,1145.097
     32.60942503,0.32656188,1144.001
     32.60951943,0.32659155,1144.055
     32.60962699,0.32663269,1144.103
     32.60972388,0.32666898,1144.251
     32.60981842,0.32669669,1144.187
     32.60991567,0.32673655,1144.226
     32.61001151,0.32677558,1144.480
     32.61009115,0.32682142,1144.463
     32.61017025,0.32686383,1144.430
     32.61023384,0.32690018,1144.577
     32.61026204,0.32696005,1144.849
     32.61036601,0.32687925,1145.091
     32.61042207,0.32691291,1145.087
     32.61047612,0.32695034,1146.463
     32.61051701,0.32696053,1145.915
     32.61056267,0.32696841,1144.951
     32.61060012,0.32699084,1144.339
     32.61062795,0.32701337,1143.222
     32.61065830,0.32703884,1143.226
     32.61066502,0.32706675,1143.276
     32.61070103,0.32707818,1143.395
     32.61072718,0.32707895,1143.978
     32.61077510,0.32704013,1143.773
     32.61080955,0.32705990,1143.643
     32.61083620,0.32707684,1142.958
     32.61085748,0.32708227,1142.975
     32.61087585,0.32708993,1142.834
     32.61089234,0.32711078,1142.592
     32.61089375,0.32711944,1141.940
     32.61087090,0.32714561,1142.099
     32.61085583,0.32717876,1142.094
     32.61084386,0.32720190,1142.249
     32.61083551,0.32722256,1141.928
     32.61082594,0.32724214,1141.981
     32.61082469,0.32725071,1141.904
     32.61082823,0.32725611,1143.336
     32.61082787,0.32725464,1144.057
     32.61081446,0.32727862,1143.704
     32.61080170,0.32730116,1143.730
     32.61078790,0.32731600,1143.914
     32.61077392,0.32732897,1144.221
     32.61075864,0.32733913,1143.852
     32.61075005,0.32734631,1143.731
     32.61074288,0.32734982,1143.097
     32.61073690,0.32735197,1142.796
     32.61074827,0.32733278,1142.433
     32.61075071,0.32733926,1142.928
     32.61076013,0.32732666,1145.996
     32.61076262,0.32731494,1145.813
     32.61076270,0.32733658,1143.572
     32.61076555,0.32732929,1144.384
     32.61076821,0.32732637,1144.271
     32.61076680,0.32733275,1143.650
     32.61076830,0.32733004,1143.708
     32.61076725,0.32731179,1142.902
     32.61075941,0.32729923,1142.695
     32.61075018,0.32729061,1144.567
     32.61074854,0.32728758,1144.196
     32.61075180,0.32729380,1144.157
     32.61076224,0.32730790,1144.777
     32.61078147,0.32733394,1144.835
     32.61081451,0.32734128,1143.637
     32.61084913,0.32734299,1143.772
     32.61087693,0.32734129,1144.035
     32.61090133,0.32734010,1143.905
     32.61092337,0.32734041,1144.235
     32.61095242,0.32734224,1143.850
     32.61098022,0.32734419,1143.598
     32.61101077,0.32734755,1143.369
     32.61103825,0.32735748,1143.675
     32.61106985,0.32738305,1143.737
     32.61110621,0.32741275,1143.515
     32.61113358,0.32744918,1143.686
     32.61115544,0.32748034,1143.832
     32.61117479,0.32750709,1143.738
     32.61119514,0.32752921,1143.437
     32.61121162,0.32754801,1143.245
     32.61122782,0.32756602,1143.251
     32.61124294,0.32758261,1143.337
     32.61125932,0.32759857,1143.379
     32.61127114,0.32761165,1143.431
     32.61128104,0.32762577,1143.378
     32.61128795,0.32763589,1143.402
     32.61129315,0.32764284,1143.378
     32.61127941,0.32765167,1143.303
     32.61126612,0.32765845,1143.306
     32.61125469,0.32765964,1143.237
     32.61124377,0.32766139,1143.226
     32.61123079,0.32766444,1143.250
     32.61121730,0.32767119,1143.107
     32.61119683,0.32769571,1143.154
     32.61117889,0.32771913,1143.211
     32.61116383,0.32774275,1143.023
     32.61115463,0.32776364,1142.958
     32.61114730,0.32776014,1143.479
     32.61114557,0.32774769,1143.537
     32.61114079,0.32774770,1143.730
     32.61113536,0.32774179,1144.206
     32.61113192,0.32773773,1144.167
     32.61112404,0.32773744,1144.193
     32.61111773,0.32774059,1143.990
     32.61111743,0.32772758,1143.743
     32.61111850,0.32771992,1143.751
     32.61112139,0.32771270,1144.107
     32.61112457,0.32770712,1144.269
     32.61112640,0.32770069,1144.183
     32.61112923,0.32769032,1144.427
     32.61113316,0.32768234,1144.129
     32.61113244,0.32767931,1144.124
     32.61113725,0.32767107,1144.632
     32.61114073,0.32766154,1144.739
     32.61114324,0.32764341,1144.439
     32.61114747,0.32762313,1144.366
     32.61114947,0.32761399,1144.161
     32.61115369,0.32760465,1144.144
     32.61115911,0.32760938,1144.090
     32.61116410,0.32761016,1144.492
     32.61117024,0.32761584,1144.750
     32.61117574,0.32762005,1144.782
     32.61118405,0.32762345,1144.895
     32.61118327,0.32763164,1145.121
     32.61118332,0.32764005,1144.979
     32.61118090,0.32765693,1145.232
     32.61117980,0.32766956,1145.071
     32.61117811,0.32768990,1145.571
     32.61117360,0.32771193,1145.333
     32.61117665,0.32772670,1146.726
     32.61118339,0.32773506,1146.692
     32.61119013,0.32773596,1146.648
     32.61119278,0.32773452,1146.536
     32.61119601,0.32773324,1146.697
     32.61119890,0.32773437,1146.318
     32.61120332,0.32773298,1146.302
     32.61121141,0.32773276,1146.530
     32.61122244,0.32772258,1146.441
     32.61123295,0.32771298,1146.336
     32.61123753,0.32772069,1146.665
     32.61124304,0.32773036,1146.951
     32.61124924,0.32774894,1147.207
     32.61125836,0.32776184,1146.991
     32.61126450,0.32776585,1147.381
     32.61126591,0.32776060,1147.325
     32.61126593,0.32775269,1147.336
     32.61127051,0.32774419,1147.513
     32.61127642,0.32773628,1147.511
     32.61128755,0.32772170,1148.136
     32.61130320,0.32769341,1145.505
     32.61131250,0.32767964,1145.360
     32.61132113,0.32767214,1147.027
     32.61133186,0.32767600,1149.920
     32.61134211,0.32768489,1151.473
     32.61135376,0.32769527,1152.385
     32.61136026,0.32770827,1147.945
     32.61137098,0.32771567,1144.210
     32.61138757,0.32771708,1144.421
     32.61140957,0.32770680,1146.538
     32.61143755,0.32769020,1149.242
     32.61146859,0.32767309,1150.263
     32.61149734,0.32764303,1154.351
     32.61152240,0.32760937,1156.121
     32.61154135,0.32757462,1156.220
     32.61155492,0.32754802,1155.684
     32.61156736,0.32752343,1154.857
     32.61157988,0.32749905,1154.647
     32.61159207,0.32747544,1154.174
     32.61161016,0.32745373,1154.015
     32.61162989,0.32743035,1153.942
     32.61163720,0.32742221,1153.924
     32.61165330,0.32740977,1153.864
     32.61167419,0.32739120,1152.467
     32.61169505,0.32737385,1151.500
     32.61190715,0.32711956,1153.644
     32.61193610,0.32707728,1153.572
     32.61200828,0.32704725,1153.507
     32.61207862,0.32705741,1152.861
     32.61215677,0.32704290,1154.040
     32.61223866,0.32703632,1153.586
     32.61229854,0.32702350,1153.651
     32.61236940,0.32702099,1153.799
     32.61243518,0.32700602,1154.808
     32.61249473,0.32701441,1156.336
     32.61254109,0.32701522,1157.480
     32.61259618,0.32698263,1160.231
     32.61263864,0.32700185,1161.587
     32.61264715,0.32699113,1162.940
     32.61267149,0.32699135,1163.702
     32.61269608,0.32697809,1164.650
     32.61274501,0.32698457,1164.899
     32.61278239,0.32698629,1166.189
     32.61283500,0.32699101,1164.729
     32.61288995,0.32699773,1164.981
     32.61295520,0.32700099,1164.988
     32.61302785,0.32700436,1165.595
     32.61310338,0.32700655,1166.308
     32.61317161,0.32700534,1167.041
     32.61323439,0.32700354,1167.727
     32.61330954,0.32700072,1167.461
     32.61338236,0.32700495,1168.226
     32.61345773,0.32700102,1168.356
     32.61353388,0.32699561,1169.470
     32.61361433,0.32698421,1169.896
     32.61370132,0.32697913,1170.195
     32.61379017,0.32697070,1170.507
     32.61387142,0.32695604,1171.238
     32.61396135,0.32693754,1171.660
     32.61405248,0.32692180,1172.571
     32.61414820,0.32690592,1172.960
     32.61424851,0.32688454,1172.757
     32.61434701,0.32685920,1173.348
     32.61444090,0.32684240,1173.926
     32.61453832,0.32682031,1174.363
     32.61462674,0.32679665,1174.296
     32.61470703,0.32677939,1174.599
     32.61476574,0.32676204,1174.594
     32.61479957,0.32674510,1174.812
     32.61481623,0.32673503,1174.945
     32.61484212,0.32673079,1175.021
     32.61487186,0.32671770,1176.723
     32.61492058,0.32670866,1176.869
     32.61495060,0.32670169,1177.035
     32.61496524,0.32669811,1177.223
     32.61501265,0.32668177,1176.434
     32.61508077,0.32665682,1176.401
     32.61515244,0.32662847,1177.196
     32.61522480,0.32659420,1177.030
     32.61534685,0.32654000,1177.212
     32.61542310,0.32650343,1177.096
     32.61550862,0.32647152,1176.739
     32.61558618,0.32643124,1176.569
     32.61567604,0.32638553,1175.181
     32.61575851,0.32634311,1174.869
     32.61584066,0.32630188,1175.052
     32.61590898,0.32625977,1175.659
     32.61598350,0.32622116,1175.581
     32.61604897,0.32618475,1175.167
     32.61610663,0.32615454,1175.143
     32.61615493,0.32613023,1175.354
     32.61619798,0.32610944,1175.314
     32.61622862,0.32609262,1175.308
     32.61624336,0.32608385,1175.389
     32.61624640,0.32607883,1175.358
     32.61624047,0.32607504,1175.660
     32.61624264,0.32607225,1175.496
     32.61624244,0.32607061,1175.610
     32.61624262,0.32606943,1175.647
     32.61624281,0.32606553,1176.003
     32.61624289,0.32606528,1176.081
     32.61624290,0.32606474,1175.844
     32.61624244,0.32606443,1175.880
     32.61624200,0.32606267,1175.583
     32.61623289,0.32605742,1175.996
     32.61623219,0.32605703,1175.937
     32.61623103,0.32605811,1175.951
     32.61623062,0.32605924,1175.956
     32.61623034,0.32606151,1175.840
     32.61622965,0.32606258,1175.930
     32.61622861,0.32606467,1176.061
     32.61622819,0.32606579,1176.173
     32.61622577,0.32606781,1176.411
     32.61622494,0.32606624,1176.536
     32.61622402,0.32606536,1176.720
     32.61622345,0.32606576,1176.740
     32.61622329,0.32606591,1176.720
     32.61622314,0.32606585,1176.716
     32.61622311,0.32606590,1176.719
     32.61622309,0.32606593,1176.722
     32.61622309,0.32606592,1176.721
     32.61622308,0.32606592,1176.719
     32.61622309,0.32606592,1176.717
     32.61622307,0.32606591,1176.719
     32.61622307,0.32606592,1176.721
     32.61622560,0.32606432,1176.048
     32.61622599,0.32606489,1176.221
     32.61622449,0.32606428,1176.401
     32.61622418,0.32606570,1176.372
     32.61622333,0.32606603,1176.543
     32.61622281,0.32606658,1176.718
     32.61622325,0.32606788,1176.462
     32.61622208,0.32606677,1176.461
     32.61622152,0.32606756,1176.422
     32.61622245,0.32606780,1176.065
     32.61622255,0.32606746,1176.139
     32.61622337,0.32607041,1176.298
     32.61622414,0.32606963,1176.089
     32.61622217,0.32606898,1176.123
     32.61622141,0.32606889,1176.054
     32.61622061,0.32606751,1175.947
     32.61621676,0.32606322,1176.242
     32.61621368,0.32605843,1176.624
     32.61621136,0.32605900,1176.635
     32.61621032,0.32605722,1176.689
     32.61621217,0.32606125,1176.114
     32.61621311,0.32606027,1176.297
     32.61621332,0.32605990,1176.271
     32.61621355,0.32605795,1176.406
     32.61621531,0.32605822,1176.393
     32.61621506,0.32605417,1176.777
     32.61622453,0.32605370,1176.523
     32.61623803,0.32604480,1176.010
     32.61625022,0.32603149,1176.507
     32.61627822,0.32601033,1174.970
     32.61630611,0.32598762,1174.989
     32.61633485,0.32596495,1175.117
     32.61636850,0.32593858,1175.570
     32.61642681,0.32591321,1175.017
     32.61647418,0.32588749,1175.054
     32.61651084,0.32585907,1175.151
     32.61653767,0.32584342,1174.918
     32.61655333,0.32583433,1174.582
     32.61656631,0.32582559,1174.491
     32.61658140,0.32581012,1174.355
     32.61660659,0.32580313,1173.629
     32.61665482,0.32577860,1173.520
     32.61671013,0.32573598,1173.734
     32.61676741,0.32570353,1173.715
     32.61682371,0.32567266,1173.703
     32.61688392,0.32563453,1173.533
     32.61694971,0.32560324,1173.231
     32.61703623,0.32556981,1171.519
     32.61710959,0.32553010,1171.469
     32.61718194,0.32548141,1171.155
     32.61726096,0.32543709,1170.489
     32.61733385,0.32538614,1170.524
     32.61741989,0.32534675,1169.487
     32.61748388,0.32531169,1169.742
     32.61753901,0.32527838,1169.839
     32.61758992,0.32525171,1170.166
     32.61763769,0.32522439,1170.317
     32.61768933,0.32520156,1170.498
     32.61773821,0.32517142,1170.815
     32.61778615,0.32513672,1171.328
     32.61783470,0.32509347,1171.340
     32.61788821,0.32505081,1171.793
     32.61794523,0.32500205,1171.930
     32.61799719,0.32496046,1172.427
     32.61804919,0.32492479,1172.088
     32.61809107,0.32489849,1171.659
     32.61813201,0.32486936,1171.262
     32.61814311,0.32486229,1170.913
     32.61817633,0.32483559,1169.828
     32.61820344,0.32481726,1169.661
     32.61822808,0.32480561,1169.118
     32.61824555,0.32479855,1168.441
     32.61826240,0.32479059,1167.961
     32.61827979,0.32478283,1167.414
     32.61830336,0.32477056,1166.521
     32.61837191,0.32473968,1166.546
     32.61862384,0.32457892,1165.622
     32.61864389,0.32457077,1165.552
     32.61868880,0.32453082,1165.041
     32.61870773,0.32452736,1164.463
     32.61872315,0.32452096,1163.404
     32.61873982,0.32450738,1163.416
     32.61875509,0.32449490,1162.933
     32.61878445,0.32448131,1162.820
     32.61881700,0.32445925,1162.225
     32.61885691,0.32443621,1162.408
     32.61890302,0.32440193,1161.746
     32.61898131,0.32435273,1160.415
     32.61904644,0.32430685,1160.026
     32.61911073,0.32426672,1160.143
     32.61918142,0.32421831,1159.056
     32.61924975,0.32417504,1158.140
     32.61933380,0.32412769,1157.995
     32.61941518,0.32407126,1157.180
     32.61948448,0.32402462,1156.851
     32.61953019,0.32399846,1157.854
     32.61958895,0.32395812,1157.521
     32.61963312,0.32392232,1157.247
     32.61963472,0.32392780,1157.231
     32.61965434,0.32391266,1157.019
     32.61967812,0.32390702,1156.785
     32.61972421,0.32387537,1157.111
     32.61976405,0.32385559,1157.745
     32.61981516,0.32383477,1157.579
     32.61987214,0.32380495,1157.262
     32.61993766,0.32375851,1157.343
     32.61999554,0.32372339,1157.713
     32.62004890,0.32369026,1157.725
     32.62009309,0.32365997,1157.570
     32.62012270,0.32363862,1157.369
     32.62014627,0.32362272,1157.103
     32.62017305,0.32360128,1156.591
     32.62021391,0.32357644,1156.650
     32.62023902,0.32356230,1157.452
     32.62025420,0.32355114,1159.415
     32.62027272,0.32353810,1159.973
     32.62028887,0.32352661,1160.230
     32.62032713,0.32349847,1161.663
     32.62042365,0.32342535,1162.435
     32.62057186,0.32335825,1159.587
     32.62059371,0.32335111,1159.707
     32.62060155,0.32332791,1159.935
     32.62061369,0.32331620,1160.123
     32.62063919,0.32328905,1160.297
     32.62067214,0.32327061,1160.914
     32.62071075,0.32323190,1161.673
     32.62076824,0.32320202,1162.200
     32.62083110,0.32316168,1161.080
     32.62089585,0.32312505,1161.065
     32.62094305,0.32309099,1162.361
     32.62100213,0.32305427,1163.433
     32.62106509,0.32301800,1164.143
     32.62112712,0.32297882,1164.424
     32.62119277,0.32293384,1165.114
     32.62124608,0.32288304,1166.829
     32.62131564,0.32283592,1166.662
     32.62138431,0.32278190,1166.211
     32.62144413,0.32273518,1166.761
     32.62149647,0.32268799,1167.223
     32.62155101,0.32264963,1167.453
     32.62159934,0.32262131,1166.960
     32.62162964,0.32259788,1166.837
     32.62164816,0.32257525,1166.761
     32.62167157,0.32255778,1166.847
     32.62170591,0.32254941,1166.339
     32.62174612,0.32253799,1165.604
     32.62177109,0.32252340,1165.550
     32.62178599,0.32251520,1165.194
     32.62183082,0.32248918,1164.951
     32.62189294,0.32244940,1164.747
     32.62195742,0.32240092,1165.506
     32.62205328,0.32231652,1164.547
     32.62215324,0.32226881,1162.953
     32.62221586,0.32221285,1163.115
     32.62227990,0.32215996,1163.168
     32.62233407,0.32209265,1164.598
     32.62239636,0.32203351,1165.205
     32.62246549,0.32197893,1165.623
     32.62252713,0.32192288,1165.540
     32.62258663,0.32187006,1166.008
     32.62265002,0.32183037,1164.696
     32.62271340,0.32178386,1164.309
     32.62277730,0.32173855,1164.426
     32.62283548,0.32168661,1164.976
     32.62288974,0.32163323,1165.286
     32.62294419,0.32158550,1164.953
     32.62301237,0.32155257,1164.076
     32.62304394,0.32151243,1165.188
     32.62310147,0.32148462,1164.421
     32.62313769,0.32145265,1164.347
     32.62316643,0.32142933,1165.105
     32.62319113,0.32141081,1164.962
     32.62321719,0.32139855,1164.640
     32.62324136,0.32138809,1164.631
     32.62328146,0.32139397,1163.805
     32.62331557,0.32140731,1164.367
     32.62334490,0.32142839,1164.634
     32.62337307,0.32145253,1165.342
     32.62340079,0.32147830,1165.726
     32.62343820,0.32150218,1165.968
     32.62348453,0.32151615,1166.456
     32.62353251,0.32153653,1165.700
     32.62359391,0.32155426,1166.116
     32.62366029,0.32156485,1166.259
     32.62373284,0.32157216,1166.455
     32.62380224,0.32157869,1166.623
     32.62387164,0.32158568,1167.644
     32.62394533,0.32159591,1168.021
     32.62402328,0.32160713,1168.245
     32.62410535,0.32161816,1168.096
     32.62417889,0.32162747,1168.117
     32.62426608,0.32164289,1168.030
     32.62435848,0.32166294,1167.711
     32.62445253,0.32166406,1169.435
     32.62454779,0.32167531,1170.245
     32.62463403,0.32168424,1171.158
     32.62471647,0.32169263,1171.616
     32.62479357,0.32169913,1171.861
     32.62485326,0.32169492,1173.252
     32.62490084,0.32170091,1173.408
     32.62493551,0.32170403,1173.816
     32.62496626,0.32170476,1173.785
     32.62499318,0.32171533,1173.830
     32.62501753,0.32171205,1173.579
     32.62504632,0.32170521,1174.232
     32.62509127,0.32171331,1173.969
     32.62514314,0.32171770,1174.104
     32.62519846,0.32172964,1174.605
     32.62525912,0.32174125,1174.505
     32.62532825,0.32174837,1174.685
     32.62539354,0.32174447,1176.031
     32.62547644,0.32175877,1176.890
     32.62553992,0.32174172,1177.524
     32.62560787,0.32173478,1177.456
     32.62568017,0.32173132,1177.792
     32.62575785,0.32172487,1178.104
     32.62583876,0.32172122,1178.552
     32.62592396,0.32171022,1179.058
     32.62601690,0.32170259,1178.990
     32.62611296,0.32169438,1179.661
     32.62621406,0.32168914,1179.487
     32.62631701,0.32168426,1180.553
     32.62642334,0.32170258,1180.012
     32.62653191,0.32170496,1180.133
     32.62663388,0.32170966,1180.464
     32.62673110,0.32171528,1180.582
     32.62681689,0.32171853,1181.313
     32.62689904,0.32172002,1182.573
     32.62697069,0.32172857,1182.554
     32.62704148,0.32176176,1182.542
     32.62711392,0.32179787,1182.555
     32.62717462,0.32184321,1183.661
     32.62723918,0.32189335,1184.369
     32.62730312,0.32193567,1185.823
     32.62737253,0.32197930,1186.443
     32.62743958,0.32202242,1187.296
     32.62750834,0.32206725,1187.749
     32.62757544,0.32211606,1188.425
     32.62764018,0.32215958,1189.021
     32.62770735,0.32220677,1189.800
     32.62777142,0.32225289,1190.164
     32.62784242,0.32229711,1190.523
     32.62790826,0.32234141,1191.040
     32.62797663,0.32238424,1191.371
     32.62804060,0.32242449,1191.807
     32.62810087,0.32246230,1192.500
     32.62816411,0.32248698,1194.158
     32.62822894,0.32250987,1195.512
     32.62828666,0.32253823,1197.073
     32.62834847,0.32257217,1197.722
     32.62841596,0.32259397,1198.986
     32.62847894,0.32262701,1199.525
     32.62854507,0.32265880,1200.042
     32.62860897,0.32269419,1200.759
     32.62867499,0.32272434,1201.448
     32.62874919,0.32275627,1202.017
     32.62882652,0.32277376,1202.577
     32.62891008,0.32280600,1202.283
     32.62899326,0.32283193,1203.112
     32.62908008,0.32284056,1203.417
     32.62919158,0.32284349,1203.277
     32.62929734,0.32284976,1203.640
     32.62940143,0.32285265,1203.696
     32.62951268,0.32285477,1202.760
     32.62960923,0.32285644,1202.623
     32.62972701,0.32285363,1201.859
     32.62986261,0.32285853,1201.767
     32.62999883,0.32285741,1201.783
     32.63014917,0.32285920,1200.996
     32.63029015,0.32286007,1200.811
     32.63043104,0.32286091,1201.439
     32.63056371,0.32286115,1201.395
     32.63070255,0.32286521,1200.758
     32.63083264,0.32287220,1200.282
     32.63096857,0.32287692,1200.439
     32.63110766,0.32289280,1200.067
     32.63124080,0.32289849,1200.104
     32.63137495,0.32290770,1199.937
     32.63151047,0.32292477,1199.368
     32.63164321,0.32293444,1198.457
     32.63178867,0.32294312,1198.147
     32.63192379,0.32294611,1197.570
     32.63206171,0.32294266,1196.741
     32.63219839,0.32293799,1195.932
     32.63233486,0.32293870,1195.076
     32.63247707,0.32292597,1194.703
     32.63261769,0.32291345,1194.353
     32.63275583,0.32290250,1193.831
     32.63288648,0.32288508,1193.683
     32.63301483,0.32287036,1193.938
     32.63314183,0.32285653,1193.164
     32.63326940,0.32285378,1192.127
     32.63338144,0.32285547,1192.331
     32.63349830,0.32287721,1191.406
     32.63362097,0.32289605,1192.752
     32.63372034,0.32292455,1191.743
     32.63382493,0.32295906,1191.809
     32.63391656,0.32299326,1191.605
     32.63400788,0.32303227,1191.179
     32.63408851,0.32307136,1190.704
     32.63417453,0.32311311,1190.664
     32.63426067,0.32315907,1190.339
     32.63434310,0.32320798,1190.345
     32.63442608,0.32326087,1189.935
     32.63451011,0.32331192,1190.284
     32.63458646,0.32336513,1189.336
     32.63466436,0.32341437,1189.451
     32.63473197,0.32346299,1188.690
     32.63479556,0.32350429,1188.401
     32.63484855,0.32354139,1188.199
     32.63489212,0.32357114,1187.860
     32.63493359,0.32359612,1187.655
     32.63497252,0.32359599,1188.501
     32.63500621,0.32359901,1188.450
     32.63503786,0.32358424,1186.595
     32.63507282,0.32354212,1185.757
     32.63509575,0.32350079,1186.357
     32.63513105,0.32343158,1185.942
     32.63517212,0.32337222,1185.894
     32.63521847,0.32331003,1185.044
     32.63526696,0.32324959,1184.793
     32.63531632,0.32318974,1184.799
     32.63536841,0.32312953,1184.567
     32.63542659,0.32307389,1185.334
     32.63547413,0.32301737,1185.241
     32.63554065,0.32295942,1183.665
     32.63561621,0.32291539,1182.304
     32.63568882,0.32287372,1180.944
     32.63575499,0.32283157,1182.101
     32.63582585,0.32278772,1181.914
     32.63589856,0.32277450,1180.732
     32.63597597,0.32275328,1180.597
     32.63604116,0.32272578,1180.050
     32.63609581,0.32270431,1180.017
     32.63614439,0.32268528,1179.629
     32.63618675,0.32267072,1179.566
     32.63621787,0.32265541,1179.780
     32.63624587,0.32264775,1179.591
     32.63626258,0.32263969,1179.484
     32.63628483,0.32263532,1178.680
     32.63630351,0.32262529,1178.795
     32.63632355,0.32262052,1178.947
     32.63633113,0.32260035,1180.666
     32.63634782,0.32260205,1179.856
     32.63636918,0.32259946,1179.096
     32.63637658,0.32259624,1179.597
     32.63639226,0.32259468,1179.407
     32.63641307,0.32259831,1178.077
     32.63643487,0.32260575,1177.973
     32.63645779,0.32261814,1178.128
     32.63648449,0.32264708,1177.067
     32.63650535,0.32272360,1177.352
     32.63653471,0.32277967,1177.699
     32.63656384,0.32283956,1177.054
     32.63658198,0.32289218,1177.222
     32.63659780,0.32295461,1176.724
     32.63661449,0.32302091,1176.198
     32.63663569,0.32307290,1175.692
     32.63664989,0.32312359,1175.770
     32.63666250,0.32317074,1176.237
     32.63667390,0.32322351,1176.103
     32.63668692,0.32327984,1176.272
     32.63670152,0.32334205,1176.125
     32.63671222,0.32340923,1175.349
     32.63672540,0.32348437,1175.144
     32.63674071,0.32357784,1174.958
     32.63675462,0.32366396,1174.365
     32.63677224,0.32374631,1174.272
     32.63678301,0.32383536,1174.428
     32.63679934,0.32391657,1174.370
     32.63681333,0.32400070,1174.299
     32.63682737,0.32408208,1173.893
     32.63684200,0.32415914,1174.115
     32.63685217,0.32423440,1173.936
     32.63686577,0.32430706,1174.148
     32.63687730,0.32437614,1174.025
     32.63689002,0.32443777,1173.365
     32.63690121,0.32449221,1172.846
     32.63691465,0.32454755,1172.786
     32.63692546,0.32461625,1172.460
     32.63693670,0.32468218,1173.042
     32.63695248,0.32475407,1173.125
     32.63696269,0.32482400,1173.131
     32.63697650,0.32489901,1173.584
     32.63698943,0.32497722,1173.356
     32.63700035,0.32505354,1173.331
     32.63701330,0.32513330,1172.895
     32.63702199,0.32520982,1172.898
     32.63703147,0.32529668,1172.352
     32.63704270,0.32538236,1172.285
     32.63705256,0.32546550,1172.216
     32.63706773,0.32555103,1171.646
     32.63708245,0.32563649,1171.398
     32.63709847,0.32572133,1171.053
     32.63711539,0.32580556,1170.692
     32.63713161,0.32589114,1170.535
     32.63713704,0.32597943,1170.999
     32.63715139,0.32606432,1170.833
     32.63716674,0.32614598,1170.396
     32.63717553,0.32622548,1169.664
     32.63718236,0.32629976,1169.214
     32.63719566,0.32637069,1169.368
     32.63720996,0.32643783,1169.038
     32.63722108,0.32650397,1168.783
     32.63723591,0.32657197,1168.535
     32.63725396,0.32663814,1168.181
     32.63726994,0.32670289,1168.291
     32.63728177,0.32677907,1167.502
     32.63729471,0.32684598,1167.080
     32.63731231,0.32691313,1167.130
     32.63733457,0.32697792,1167.062
     32.63734676,0.32704320,1166.035
     32.63736891,0.32710671,1164.958
     32.63739808,0.32716484,1164.945
     32.63742083,0.32722422,1164.744
     32.63744823,0.32728639,1164.838
     32.63747202,0.32734594,1164.558
     32.63749784,0.32739064,1164.761
     32.63752601,0.32743992,1164.939
     32.63755409,0.32748997,1164.795
     32.63758346,0.32754304,1164.550
     32.63761207,0.32759493,1164.965
     32.63763493,0.32764572,1164.955
     32.63765819,0.32769469,1164.962
     32.63767027,0.32773353,1164.939
     32.63769421,0.32777661,1164.765
     32.63770988,0.32781856,1164.461
     32.63772826,0.32785902,1164.610
     32.63774320,0.32789911,1164.317
     32.63775572,0.32793862,1163.701
     32.63777109,0.32798206,1163.234
     32.63778449,0.32802515,1163.301
     32.63779692,0.32806679,1163.742
     32.63781234,0.32810544,1163.534
     32.63782649,0.32814807,1163.470
     32.63784824,0.32822595,1162.622
     32.63786087,0.32828485,1162.657
     32.63787741,0.32834531,1162.259
     32.63789362,0.32841323,1162.297
     32.63791005,0.32848995,1161.962
     32.63791997,0.32855545,1162.294
     32.63792457,0.32862081,1162.361
     32.63792813,0.32868195,1162.766
     32.63792934,0.32873854,1163.190
     32.63792844,0.32879214,1163.452
     32.63792652,0.32883861,1163.748
     32.63792646,0.32888715,1163.939
     32.63791870,0.32892669,1164.373
     32.63790592,0.32896061,1164.485
     32.63789552,0.32899788,1164.830
     32.63788847,0.32902959,1164.982
     32.63787125,0.32907425,1165.032
     32.63785867,0.32911503,1164.810
     32.63784260,0.32915790,1164.643
     32.63782976,0.32920494,1164.585
     32.63781234,0.32924784,1164.271
     32.63779094,0.32929390,1164.373
     32.63776810,0.32932894,1164.711
     32.63773325,0.32936947,1164.901
     32.63770552,0.32941650,1164.095
     32.63767825,0.32946261,1164.420
     32.63764399,0.32951235,1164.510
     32.63761526,0.32955250,1163.923
     32.63758120,0.32959340,1163.460
     32.63754765,0.32963105,1162.358
     32.63751605,0.32966381,1161.417
     32.63749046,0.32968643,1161.698
     32.63746911,0.32971043,1161.596
     32.63745494,0.32972886,1162.190
     32.63745278,0.32973684,1161.556
     32.63744180,0.32975041,1161.422
     32.63744568,0.32974975,1161.726
     32.63744718,0.32974998,1162.023
     32.63744643,0.32974961,1162.636
     32.63744566,0.32974888,1162.713
     32.63744457,0.32974988,1162.826
     32.63744358,0.32974864,1162.979
     32.63744198,0.32974761,1163.045
     32.63744355,0.32974631,1163.062
     32.63744442,0.32974461,1163.045
     32.63744180,0.32974592,1162.887
     32.63744212,0.32974604,1163.040
     32.63744092,0.32974670,1163.323
     32.63744082,0.32974598,1163.556
     32.63743989,0.32974731,1163.325
     32.63744128,0.32974751,1163.215
     32.63744199,0.32974941,1163.271
     32.63744198,0.32974996,1163.298
     32.63743804,0.32975047,1163.389
     32.63743797,0.32974996,1163.411
     32.63743719,0.32975010,1163.265
     32.63743666,0.32975067,1163.123
     32.63743738,0.32975043,1163.140
     32.63743763,0.32975016,1163.170
     32.63743668,0.32975197,1162.823
     32.63743691,0.32975166,1162.884
     32.63743654,0.32975209,1162.766
     32.63743615,0.32975224,1162.732
     32.63743608,0.32975221,1162.731
     32.63743583,0.32975229,1162.686
     32.63743569,0.32975237,1162.678
     32.63743569,0.32975243,1162.641
     32.63743574,0.32975244,1162.637
     32.63743573,0.32975245,1162.639
     32.63743577,0.32975247,1162.629
     32.63743575,0.32975249,1162.627
     32.63743576,0.32975251,1162.628
     32.63743576,0.32975252,1162.626
     32.63743577,0.32975255,1162.627
     32.63743577,0.32975257,1162.626
     32.63743578,0.32975260,1162.628
     32.63743581,0.32975260,1162.631
     32.63743583,0.32975261,1162.633
     32.63743719,0.32975258,1162.812
     32.63743951,0.32975569,1162.876
     32.63743991,0.32975544,1162.806
     32.63744089,0.32975556,1162.880
     32.63744151,0.32975558,1162.969
     32.63744151,0.32975493,1162.810
     32.63744182,0.32975395,1162.849
     32.63744295,0.32975362,1162.986
     32.63744382,0.32975327,1162.914
     32.63744443,0.32975332,1162.799
     32.63744489,0.32975295,1162.848
     32.63744452,0.32975253,1162.801
     32.63744437,0.32975209,1162.864
     32.63744419,0.32975206,1162.808
     32.63744423,0.32975208,1162.798
     32.63744443,0.32975199,1162.837
     32.63744460,0.32975275,1162.594
     32.63744571,0.32975318,1162.595
     32.63744686,0.32975304,1162.701
     32.63744746,0.32975375,1162.498
     32.63744866,0.32975394,1162.608
     32.63744937,0.32975385,1162.634
     32.63744748,0.32975526,1162.703
     32.63744169,0.32976317,1162.707
     32.63742862,0.32978114,1162.094
     32.63741215,0.32980464,1162.152
     32.63739232,0.32983370,1162.697
     32.63735384,0.32988698,1162.350
     32.63731686,0.32993983,1162.779
     32.63727301,0.33000545,1162.566
     32.63722505,0.33007055,1162.073
     32.63718314,0.33013986,1162.198
     32.63713006,0.33021542,1162.060
     32.63707167,0.33029195,1161.877
     32.63701124,0.33037086,1161.754
     32.63694665,0.33045102,1161.609
     32.63688452,0.33053325,1161.715
     32.63682629,0.33060675,1160.706
     32.63676927,0.33068113,1160.242
     32.63669852,0.33074024,1157.633
     32.63663774,0.33081917,1157.174
     32.63657506,0.33090361,1157.073
     32.63651340,0.33098313,1156.057
     32.63645420,0.33106709,1155.476
     32.63638917,0.33115112,1154.614
     32.63632625,0.33124209,1154.477
     32.63626468,0.33132672,1153.429
     32.63618746,0.33143686,1151.728
     32.63613038,0.33151598,1151.275
     32.63607782,0.33159326,1150.118
     32.63602945,0.33166548,1149.442
     32.63598958,0.33172850,1149.740
     32.63595811,0.33177172,1149.668
     32.63593337,0.33180851,1149.533
     32.63591064,0.33184789,1149.262
     32.63587607,0.33190087,1148.549
     32.63584354,0.33195780,1148.480
     32.63581055,0.33202278,1148.654
     32.63576910,0.33208688,1148.428
     32.63572095,0.33216102,1147.691
     32.63567278,0.33223864,1147.320
     32.63562060,0.33232234,1146.262
     32.63556871,0.33241341,1145.780
     32.63551172,0.33249926,1145.451
     32.63545423,0.33258341,1145.250
     32.63538936,0.33267586,1145.300
     32.63532494,0.33276263,1144.856
     32.63526308,0.33285095,1144.285
     32.63520436,0.33293333,1144.061
     32.63514939,0.33301313,1144.467
     32.63509816,0.33308881,1144.793
     32.63504350,0.33316360,1144.699
     32.63498803,0.33324121,1143.608
     32.63493603,0.33331070,1144.006
     32.63488622,0.33338054,1144.430
     32.63483631,0.33344643,1143.920
     32.63479101,0.33351079,1144.420
     32.63474360,0.33358190,1143.862
     32.63469713,0.33364451,1143.981
     32.63465491,0.33370507,1143.810
     32.63461388,0.33375928,1143.836
     32.63457002,0.33380604,1143.764
     32.63453113,0.33385551,1143.464
     32.63449684,0.33389811,1143.557
     32.63446513,0.33393936,1143.810
     32.63443600,0.33398128,1144.173
     32.63440504,0.33402068,1144.342
     32.63438059,0.33404765,1145.265
     32.63435175,0.33407915,1145.463
     32.63432753,0.33410750,1145.011
     32.63430913,0.33413230,1145.157
     32.63429186,0.33415793,1145.590
     32.63428048,0.33418435,1145.248
     32.63426125,0.33421574,1145.415
     32.63423800,0.33425642,1145.472
     32.63421597,0.33430152,1145.521
     32.63419638,0.33434699,1145.498
     32.63417760,0.33438967,1145.435
     32.63416107,0.33442895,1145.319
     32.63414805,0.33446679,1145.262
     32.63413819,0.33450304,1145.563
     32.63412959,0.33453026,1145.386
     32.63412561,0.33455326,1145.200
     32.63412387,0.33456794,1144.941
     32.63412231,0.33457459,1144.576
     32.63411629,0.33458256,1144.551
     32.63411263,0.33459139,1145.057
     32.63411157,0.33460447,1145.071
     32.63411053,0.33461496,1145.120
     32.63410964,0.33462724,1144.766
     32.63410761,0.33464866,1144.639
     32.63410401,0.33467606,1144.239
     32.63409838,0.33470258,1144.192
     32.63409230,0.33473311,1144.832
     32.63408594,0.33476739,1144.448
     32.63408154,0.33479804,1144.733
     32.63408135,0.33482128,1144.520
     32.63408321,0.33483890,1144.389
     32.63408654,0.33485242,1143.946
     32.63409235,0.33487155,1143.671
     32.63409847,0.33489370,1144.016
     32.63410348,0.33491270,1144.345
     32.63410784,0.33492986,1144.159
     32.63411264,0.33494785,1143.608
     32.63411801,0.33496640,1143.568
     32.63412370,0.33498581,1143.978
     32.63413028,0.33500593,1144.071
     32.63413832,0.33502999,1144.073
     32.63414644,0.33505474,1144.057
     32.63415612,0.33508109,1143.989
     32.63416404,0.33510133,1143.427
     32.63417257,0.33512338,1143.321
     32.63418208,0.33514890,1143.325
     32.63419061,0.33517174,1143.171
     32.63419872,0.33519334,1143.098
     32.63420673,0.33521504,1143.109
     32.63421622,0.33524122,1143.270
     32.63422497,0.33526877,1143.470
     32.63423824,0.33531037,1143.483
     32.63425453,0.33535786,1143.291
     32.63426973,0.33540133,1143.447
     32.63429628,0.33547345,1143.126
     32.63431037,0.33550803,1143.213
     32.63432253,0.33554432,1143.093
     32.63434129,0.33558345,1142.892
     32.63435937,0.33562535,1142.537
     32.63437730,0.33566695,1142.277
     32.63439793,0.33570995,1142.541
     32.63442211,0.33575912,1142.993
     32.63444872,0.33580954,1143.210
     32.63447864,0.33586254,1143.131
     32.63451140,0.33591756,1143.274
     32.63454261,0.33597333,1143.803
     32.63457571,0.33602515,1144.181
     32.63461117,0.33607540,1144.372
     32.63464776,0.33612283,1144.492
     32.63468668,0.33617038,1144.767
     32.63472559,0.33622216,1144.630
     32.63476562,0.33627255,1144.615
     32.63480773,0.33632053,1144.826
     32.63484830,0.33636401,1144.966
     32.63488400,0.33640291,1145.752
     32.63491996,0.33644161,1145.997
     32.63494886,0.33649715,1145.964
     32.63499185,0.33653174,1146.133
     32.63503261,0.33657857,1146.537
     32.63507027,0.33662139,1146.915
     32.63510408,0.33666060,1147.186
     32.63513026,0.33669412,1147.510
     32.63515511,0.33672381,1147.651
     32.63517102,0.33674474,1148.417
     32.63517837,0.33675461,1148.096
     32.63518845,0.33675826,1147.727
     32.63518712,0.33675868,1147.885
     32.63518785,0.33677197,1147.583
     32.63520325,0.33677287,1147.631
     32.63520258,0.33677864,1146.687
     32.63520499,0.33677883,1146.583
     32.63520556,0.33677223,1146.733
     32.63520189,0.33677214,1147.674
     32.63519971,0.33676709,1147.355
     32.63520395,0.33676791,1147.537
     32.63520666,0.33676807,1146.870
     32.63520520,0.33676672,1147.467
     32.63520382,0.33676740,1147.856
     32.63520179,0.33676647,1148.174
     32.63520094,0.33676452,1148.248
     32.63519967,0.33676278,1147.960
     32.63519916,0.33676266,1147.829
     32.63519804,0.33676247,1147.360
     32.63519739,0.33676278,1147.460
     32.63519766,0.33676327,1147.631
     32.63519803,0.33676602,1147.893
     32.63519901,0.33676806,1147.954
     32.63519933,0.33676861,1148.017
     32.63519725,0.33676941,1148.002
     32.63519588,0.33676999,1148.002
     32.63519631,0.33676908,1147.916
     32.63519667,0.33676994,1146.869
     32.63519685,0.33676966,1146.920
     32.63519648,0.33676823,1147.221
     32.63519540,0.33676680,1147.365
     32.63519617,0.33676913,1147.343
     32.63520262,0.33677237,1147.382
     32.63521211,0.33677741,1147.287
     32.63522477,0.33678542,1147.639
     32.63524510,0.33679930,1146.904
     32.63526629,0.33681502,1147.250
     32.63528667,0.33683325,1147.198
     32.63531170,0.33685668,1147.082
     32.63534250,0.33688590,1147.740
     32.63538226,0.33692945,1148.003
     32.63542270,0.33696621,1148.014
     32.63547064,0.33701086,1147.641
     32.63551247,0.33705672,1147.280
     32.63554941,0.33709588,1147.135
     32.63559253,0.33714353,1147.036
     32.63563792,0.33719099,1147.645
     32.63568376,0.33723883,1148.364
     32.63572898,0.33729277,1148.229
     32.63577054,0.33734968,1148.523
     32.63581703,0.33741019,1149.344
     32.63585585,0.33747033,1149.813
     32.63589247,0.33753078,1149.827
     32.63593249,0.33759819,1150.796
     32.63597114,0.33766768,1151.379
     32.63601114,0.33773865,1152.724
     32.63604889,0.33780784,1153.061
     32.63609002,0.33788056,1152.888
     32.63614144,0.33795156,1153.879
     32.63618997,0.33800944,1153.817
     32.63623573,0.33807049,1154.078
     32.63628354,0.33812392,1153.793
     32.63633312,0.33817453,1153.688
     32.63638581,0.33821766,1153.878
     32.63643845,0.33825754,1154.502
     32.63649098,0.33829640,1154.445
     32.63654735,0.33834061,1154.736
     32.63661157,0.33837742,1154.601
     32.63666871,0.33841721,1154.709
     32.63672667,0.33844981,1154.603
     32.63678245,0.33848478,1154.596
     32.63683263,0.33851544,1154.470
     32.63688161,0.33854573,1154.898
     32.63693586,0.33857699,1155.367
     32.63698751,0.33860712,1156.018
     32.63704605,0.33865066,1156.102
     32.63709446,0.33867802,1156.926
     32.63714232,0.33870860,1156.741
     32.63719326,0.33874294,1156.731
     32.63723968,0.33877764,1156.607
     32.63728760,0.33881185,1157.076
     32.63733651,0.33885225,1157.569
     32.63738334,0.33889119,1157.865
     32.63742965,0.33893677,1158.157
     32.63747058,0.33897859,1158.493
     32.63751711,0.33902208,1158.498
     32.63756413,0.33907200,1158.390
     32.63760760,0.33911714,1158.878
     32.63764917,0.33915912,1159.407
     32.63768918,0.33920173,1159.669
     32.63772618,0.33924035,1159.946
     32.63776927,0.33928130,1160.389
     32.63781343,0.33932135,1160.663
     32.63786125,0.33936331,1160.624
     32.63788823,0.33940935,1161.674
     32.63794320,0.33944665,1161.512
     32.63799222,0.33948877,1161.730
     32.63804542,0.33953160,1161.766
     32.63810104,0.33957081,1161.733
     32.63816490,0.33962227,1159.901
     32.63821832,0.33966225,1159.969
     32.63827471,0.33970181,1160.236
     32.63833016,0.33974175,1160.191
     32.63838171,0.33977315,1160.706
     32.63843551,0.33981132,1161.153
     32.63849148,0.33984149,1162.042
     32.63854259,0.33987050,1162.112
     32.63859282,0.33990262,1161.786
     32.63864946,0.33993622,1161.926
     32.63871072,0.33997236,1162.431
     32.63876666,0.34000515,1162.965
     32.63881942,0.34003845,1163.974
     32.63887540,0.34007064,1164.368
     32.63893091,0.34010509,1165.180
     32.63899737,0.34015039,1165.757
     32.63905221,0.34017995,1166.276
     32.63910974,0.34021243,1166.273
     32.63916406,0.34024204,1166.503
     32.63921615,0.34027425,1166.620
     32.63927159,0.34030494,1166.659
     32.63932505,0.34033349,1166.988
     32.63937955,0.34036846,1167.274
     32.63943870,0.34040337,1167.010
     32.63949662,0.34043667,1167.236
     32.63955231,0.34046912,1167.428
     32.63959742,0.34049758,1167.989
     32.63964028,0.34051850,1167.722
     32.63968483,0.34054520,1167.905
     32.63973327,0.34057213,1167.850
     32.63978406,0.34060264,1168.402
     32.63983629,0.34063194,1168.294
     32.63988811,0.34065945,1168.491
     32.63994018,0.34068621,1168.744
     32.63999605,0.34071889,1168.972
     32.64004424,0.34075602,1169.089
     32.64009923,0.34079050,1168.877
     32.64015296,0.34082220,1169.166
     32.64020458,0.34085850,1169.359
     32.64025236,0.34088578,1169.946
     32.64030629,0.34091995,1170.060
     32.64036175,0.34095083,1170.380
     32.64041559,0.34097949,1171.090
     32.64046442,0.34100398,1171.355
     32.64051170,0.34102810,1171.589
     32.64055618,0.34105007,1172.074
     32.64059459,0.34106795,1172.361
     32.64063861,0.34108637,1173.143
     32.64068200,0.34110066,1174.044
     32.64072606,0.34111707,1174.295
     32.64077117,0.34113806,1174.414
     32.64081700,0.34115208,1175.344
     32.64087134,0.34117497,1175.038
     32.64092103,0.34120069,1175.354
     32.64096955,0.34121689,1176.014
     32.64102140,0.34123437,1176.329
     32.64107518,0.34125764,1176.635
     32.64113243,0.34127878,1176.763
     32.64118823,0.34130089,1176.717
     32.64124410,0.34132340,1176.738
     32.64129947,0.34134536,1177.041
     32.64135812,0.34136946,1176.853
     32.64141428,0.34139020,1176.959
     32.64146633,0.34141105,1177.109
     32.64151682,0.34142984,1177.036
     32.64157007,0.34144535,1177.515
     32.64162632,0.34146548,1177.959
     32.64168642,0.34148321,1178.127
     32.64174698,0.34150332,1178.410
     32.64180160,0.34152181,1178.267
     32.64186781,0.34154824,1178.180
     32.64192834,0.34157010,1178.569
     32.64199058,0.34159352,1178.589
     32.64205290,0.34161799,1178.721
     32.64211498,0.34164139,1178.911
     32.64217308,0.34166367,1179.019
     32.64222917,0.34168457,1179.235
     32.64228149,0.34170637,1179.619
     32.64232666,0.34172225,1179.527
     32.64237128,0.34174043,1179.896
     32.64241892,0.34176459,1179.972
     32.64246667,0.34178874,1180.540
     32.64251516,0.34181082,1181.166
     32.64255863,0.34183094,1181.127
     32.64261199,0.34185581,1180.286
     32.64266675,0.34187375,1180.419
     32.64272832,0.34189836,1180.064
     32.64279360,0.34192890,1179.791
     32.64284950,0.34195173,1179.739
     32.64290399,0.34197766,1179.915
     32.64295261,0.34199327,1179.746
     32.64299832,0.34201015,1179.339
     32.64303945,0.34202472,1179.462
     32.64307088,0.34204128,1178.815
     32.64310323,0.34205356,1178.785
     32.64313159,0.34207057,1179.203
     32.64316583,0.34208202,1179.613
     32.64320859,0.34209953,1179.687
     32.64325309,0.34211726,1179.624
     32.64330491,0.34214591,1179.516
     32.64335355,0.34217034,1179.682
     32.64340912,0.34219761,1179.371
     32.64347267,0.34223100,1179.474
     32.64353510,0.34226147,1179.068
     32.64360402,0.34229224,1178.306
     32.64366588,0.34231767,1178.183
     32.64372829,0.34234415,1177.879
     32.64378822,0.34237247,1178.169
     32.64384968,0.34239949,1178.168
     32.64391347,0.34242640,1178.311
     32.64397724,0.34245420,1178.254
     32.64403884,0.34248034,1177.997
     32.64409210,0.34250674,1178.180
     32.64414603,0.34253353,1178.030
     32.64418933,0.34256122,1177.983
     32.64422243,0.34258273,1177.863
     32.64424924,0.34259769,1177.154
     32.64427801,0.34261805,1176.573
     32.64429248,0.34265480,1176.764
     32.64426466,0.34261249,1177.864
     32.64426384,0.34260954,1177.256
     32.64425945,0.34260818,1177.082
     32.64425586,0.34260924,1177.288
     32.64425445,0.34261197,1177.241
     32.64425388,0.34260841,1177.581
     32.64425576,0.34260837,1177.745
     32.64425694,0.34260757,1177.862
     32.64425712,0.34260645,1178.018
     32.64425900,0.34260915,1178.455
     32.64426014,0.34260877,1178.468
     32.64425927,0.34260772,1178.435
     32.64426151,0.34260684,1178.188
     32.64426535,0.34260650,1178.184
     32.64428075,0.34260916,1178.084
     32.64430393,0.34261292,1178.021
     32.64433340,0.34262349,1177.333
     32.64436171,0.34263429,1177.308
     32.64439496,0.34264696,1177.443
     32.64443809,0.34266485,1177.521
     32.64448913,0.34268582,1177.279
     32.64453959,0.34270763,1177.198
     32.64458825,0.34272379,1177.012
     32.64463967,0.34275505,1177.054
     32.64469127,0.34277777,1176.990
     32.64474829,0.34280679,1177.452
     32.64480207,0.34282741,1177.918
     32.64485559,0.34284880,1177.272
     32.64491366,0.34288659,1177.048
     32.64493534,0.34290008,1176.523
     32.64496856,0.34290906,1176.628
     32.64500299,0.34292384,1176.665
     32.64502729,0.34293414,1176.207
     32.64504334,0.34293754,1175.842
     32.64505741,0.34294387,1175.081
     32.64506869,0.34294858,1175.086
     32.64508097,0.34295518,1174.722
     32.64509265,0.34295970,1174.715
     32.64511062,0.34296670,1174.695
     32.64513126,0.34297450,1174.680
     32.64515900,0.34298514,1174.329
     32.64519151,0.34299917,1174.052
     32.64522469,0.34301531,1173.759
     32.64525336,0.34303063,1174.294
     32.64527736,0.34304476,1174.974
     32.64529614,0.34305596,1175.455
     32.64530848,0.34306383,1175.801
     32.64531891,0.34307028,1175.865
     32.64533264,0.34307803,1175.739
     32.64534698,0.34308522,1176.085
     32.64536137,0.34309266,1176.175
     32.64537450,0.34309988,1176.428
     32.64538327,0.34310491,1176.277
     32.64538583,0.34310643,1176.391
     32.64538242,0.34310474,1176.641
     32.64538038,0.34310366,1176.725
     32.64537904,0.34310276,1176.782
     32.64537801,0.34310181,1176.844
     32.64537766,0.34310133,1176.957
     32.64537818,0.34310090,1176.945
     32.64538004,0.34310213,1176.680
     32.64538005,0.34310254,1176.390
     32.64537972,0.34310217,1176.643
     32.64538008,0.34310229,1176.837
     32.64537997,0.34310026,1177.164
     32.64538013,0.34309893,1177.326
     32.64537988,0.34309803,1177.344
     32.64537921,0.34309774,1177.499
     32.64537828,0.34309717,1177.679
     32.64537751,0.34309695,1177.739
     32.64537760,0.34309793,1177.818
     32.64537682,0.34309736,1177.903
     32.64537717,0.34309673,1177.969
     32.64537684,0.34309597,1177.914
     32.64537704,0.34309580,1178.011
     32.64538031,0.34309700,1178.749
     32.64539050,0.34310209,1178.335
     32.64540930,0.34311192,1177.783
     32.64543380,0.34312532,1177.100
     32.64546046,0.34314014,1177.138
     32.64548961,0.34315592,1176.851
     32.64551988,0.34317267,1176.791
     32.64554925,0.34318847,1176.389
     32.64558141,0.34320439,1176.007
     32.64561672,0.34322287,1175.353
     32.64565154,0.34324083,1175.778
     32.64568559,0.34325747,1175.759
     32.64571996,0.34327349,1175.356
     32.64575374,0.34329010,1175.260
     32.64578639,0.34330611,1174.875
     32.64581977,0.34332302,1175.184
     32.64585344,0.34334002,1175.242
     32.64588484,0.34335612,1175.054
     32.64591289,0.34337157,1174.579
     32.64593782,0.34338574,1173.673
     32.64596181,0.34339864,1173.662
     32.64598629,0.34341218,1173.190
     32.64600996,0.34342444,1173.204
     32.64603152,0.34343520,1173.371
     32.64605162,0.34344467,1173.439
     32.64607166,0.34345353,1173.794
     32.64609493,0.34346364,1174.014
     32.64612134,0.34347354,1173.772
     32.64614471,0.34348158,1173.770
     32.64616289,0.34348993,1173.636
     32.64618017,0.34349967,1172.911
     32.64620360,0.34351409,1172.360
     32.64623461,0.34352938,1171.691
     32.64626808,0.34354460,1171.406
     32.64630271,0.34355898,1171.608
     32.64633567,0.34357435,1172.078
     32.64636544,0.34358885,1172.074
     32.64639140,0.34360138,1172.418
     32.64641517,0.34361279,1172.309
     32.64643704,0.34362194,1172.589
     32.64645703,0.34363101,1172.033
     32.64647480,0.34363905,1171.881
     32.64649088,0.34364581,1171.828
     32.64651124,0.34365386,1172.399
     32.64653195,0.34366258,1172.728
     32.64655008,0.34367148,1172.333
     32.64656770,0.34368032,1172.487
     32.64658365,0.34369095,1172.247
     32.64659841,0.34370239,1173.033
     32.64660990,0.34371301,1173.181
     32.64662029,0.34372250,1173.339
     32.64663064,0.34373095,1173.296
     32.64664133,0.34373937,1172.461
     32.64665184,0.34374502,1172.393
     32.64665728,0.34374842,1172.125
     32.64665881,0.34375048,1172.262
     32.64665909,0.34375325,1173.329
     32.64665577,0.34375266,1173.731
     32.64665357,0.34375124,1174.001
     32.64665268,0.34375038,1174.153
     32.64665170,0.34374903,1174.105
     32.64665116,0.34374768,1173.824
     32.64665077,0.34374664,1173.718
     32.64665167,0.34374576,1173.928
     32.64665755,0.34374811,1174.449
     32.64666759,0.34375032,1174.396
     32.64667823,0.34375097,1173.527
     32.64668461,0.34375109,1173.936
     32.64668886,0.34375031,1173.985
     32.64669735,0.34375088,1173.838
     32.64670830,0.34375169,1174.060
     32.64672488,0.34375460,1174.146
     32.64674868,0.34376087,1174.312
     32.64677517,0.34377052,1174.640
     32.64681043,0.34378601,1174.298
     32.64686743,0.34381810,1174.312
     32.64691589,0.34384182,1174.405
     32.64696255,0.34386475,1174.388
     32.64701622,0.34389316,1173.880
     32.64707014,0.34392011,1173.652
     32.64712584,0.34394862,1173.274
     32.64717779,0.34397536,1173.510
     32.64723296,0.34400306,1173.409
     32.64728705,0.34403477,1172.874
     32.64734327,0.34406052,1172.133
     32.64739996,0.34409047,1171.457
     32.64744282,0.34411356,1170.927
     32.64748250,0.34412611,1170.391
     32.64752988,0.34414445,1170.428
     32.64758237,0.34416524,1170.337
     32.64763740,0.34418607,1170.151
     32.64769084,0.34420299,1170.366
     32.64774078,0.34422186,1170.677
     32.64779672,0.34424048,1170.602
     32.64785353,0.34425393,1170.374
     32.64791191,0.34427449,1170.137
     32.64797608,0.34429115,1170.488
     32.64803712,0.34431003,1171.014
     32.64810234,0.34432996,1170.201
     32.64817276,0.34434545,1170.421
     32.64824098,0.34436303,1170.316
     32.64831212,0.34437652,1170.069
     32.64837618,0.34439025,1170.003
     32.64843735,0.34440437,1169.983
     32.64849576,0.34441407,1170.123
     32.64855575,0.34442540,1170.243
     32.64861779,0.34443848,1169.719
     32.64867816,0.34445030,1169.984
     32.64873309,0.34446149,1169.535
     32.64878553,0.34447372,1169.672
     32.64882601,0.34447852,1169.592
     32.64887252,0.34448556,1169.679
     32.64892036,0.34449078,1169.419
     32.64896845,0.34449902,1169.247
     32.64901327,0.34450565,1169.230
     32.64906461,0.34451366,1169.133
     32.64911107,0.34452527,1168.318
     32.64915928,0.34453151,1168.011
     32.64920708,0.34453903,1167.581
     32.64925134,0.34454591,1167.589
     32.64929226,0.34455173,1167.676
     32.64933100,0.34455787,1167.798
     32.64936983,0.34456350,1168.063
     32.64940565,0.34456449,1167.812
     32.64943793,0.34456793,1167.840
     32.64947185,0.34457281,1167.693
     32.64951012,0.34457969,1167.215
     32.64954188,0.34458410,1167.418
     32.64957488,0.34458529,1167.340
     32.64961112,0.34458770,1167.051
     32.64964795,0.34458954,1166.372
     32.64968300,0.34459138,1166.116
     32.64971478,0.34459298,1165.953
     32.64974393,0.34459429,1166.276
     32.64976970,0.34459582,1166.672
     32.64979611,0.34459697,1166.493
     32.64982395,0.34459806,1166.449
     32.64985749,0.34459886,1165.811
     32.64989906,0.34460017,1165.403
     32.64995567,0.34460100,1165.503
     32.65000857,0.34459962,1164.940
     32.65006310,0.34460216,1165.007
     32.65012313,0.34460257,1164.349
     32.65017887,0.34460112,1163.973
     32.65023667,0.34459986,1163.565
     32.65029360,0.34459466,1163.053
     32.65034684,0.34458737,1162.761
     32.65039573,0.34458056,1162.734
     32.65042839,0.34457658,1162.885
     32.65045667,0.34457541,1162.605
     32.65047100,0.34457621,1162.710
     32.65048209,0.34457679,1163.310
     32.65049287,0.34457793,1163.771
     32.65051127,0.34457853,1163.814
     32.65054531,0.34457911,1163.833
     32.65059501,0.34457392,1163.893
     32.65064389,0.34456233,1163.558
     32.65069938,0.34455257,1163.143
     32.65076556,0.34453818,1162.531
     32.65083273,0.34452671,1162.512
     32.65090342,0.34451088,1162.607
     32.65097777,0.34449713,1162.003
     32.65105575,0.34448007,1161.521
     32.65113519,0.34446815,1160.665
     32.65120967,0.34445374,1160.524
     32.65128856,0.34443476,1159.849
     32.65137050,0.34441886,1159.515
     32.65145230,0.34439914,1159.517
     32.65153471,0.34437712,1158.646
     32.65161605,0.34435780,1158.988
     32.65169741,0.34433380,1158.503
     32.65177851,0.34431260,1158.165
     32.65185850,0.34428734,1157.473
     32.65193981,0.34426682,1156.804
     32.65202488,0.34424567,1156.829
     32.65210332,0.34421905,1155.843
     32.65218562,0.34419209,1155.809
     32.65226559,0.34416493,1155.512
     32.65234071,0.34414006,1155.041
     32.65241851,0.34410917,1154.200
     32.65249683,0.34408581,1154.181
     32.65257298,0.34406198,1154.015
     32.65264414,0.34404078,1153.703
     32.65272222,0.34401451,1154.345
     32.65279590,0.34399030,1153.633
     32.65287514,0.34396513,1152.856
     32.65296181,0.34393539,1152.590
     32.65305011,0.34390802,1151.879
     32.65314444,0.34387978,1151.228
     32.65323646,0.34385716,1150.592
     32.65333489,0.34382702,1149.951
     32.65343184,0.34380171,1149.406
     32.65352564,0.34378011,1148.198
     32.65362341,0.34375638,1147.509
     32.65371828,0.34373622,1146.676
     32.65381211,0.34372360,1146.174
     32.65390300,0.34371386,1145.394
     32.65398737,0.34370560,1144.647
     32.65407221,0.34370058,1144.571
     32.65415349,0.34369472,1144.094
     32.65423456,0.34369007,1143.627
     32.65430829,0.34368149,1143.142
     32.65438137,0.34367496,1142.692
     32.65445122,0.34367505,1142.462
     32.65452225,0.34367213,1142.428
     32.65458814,0.34367020,1142.234
     32.65465541,0.34367101,1141.937
     32.65472037,0.34367194,1142.135
     32.65478104,0.34367358,1141.984
     32.65483651,0.34367617,1141.803
     32.65490008,0.34368201,1141.426
     32.65496906,0.34369470,1141.448
     32.65504371,0.34370897,1141.087
     32.65511574,0.34372333,1140.988
     32.65518389,0.34373936,1141.014
     32.65525659,0.34375647,1141.101
     32.65532351,0.34377397,1141.059
     32.65538756,0.34379318,1140.866
     32.65544921,0.34381154,1140.936
     32.65550805,0.34382810,1140.970
     32.65557025,0.34384468,1141.181
     32.65563371,0.34386372,1141.830
     32.65569488,0.34388477,1141.975
     32.65575342,0.34390924,1141.908
     32.65581240,0.34392481,1141.977
     32.65587243,0.34394893,1142.416
     32.65593195,0.34396998,1142.758
     32.65598818,0.34398948,1143.217
     32.65604625,0.34401196,1143.650
     32.65610201,0.34403042,1143.741
     32.65615192,0.34405654,1143.615
     32.65620346,0.34407176,1144.096
     32.65624798,0.34409285,1144.065
     32.65629724,0.34410985,1144.006
     32.65634112,0.34413042,1144.145
     32.65638706,0.34415024,1144.138
     32.65643121,0.34417313,1144.184
     32.65647762,0.34419977,1144.278
     32.65652540,0.34421919,1144.247
     32.65656665,0.34423263,1144.764
     32.65660463,0.34424760,1145.599
     32.65664573,0.34426744,1145.987
     32.65668829,0.34428541,1146.008
     32.65673231,0.34430715,1146.359
     32.65677622,0.34432776,1146.692
     32.65682163,0.34434657,1146.994
     32.65686776,0.34436906,1147.583
     32.65691435,0.34439266,1148.227
     32.65696135,0.34441279,1148.068
     32.65700599,0.34443680,1148.221
     32.65705528,0.34445777,1148.731
     32.65710620,0.34448080,1148.734
     32.65715452,0.34450733,1148.419
     32.65720206,0.34452643,1148.533
     32.65724994,0.34455223,1148.932
     32.65729524,0.34457610,1149.101
     32.65733762,0.34459910,1148.695
     32.65737918,0.34462260,1149.257
     32.65743179,0.34463772,1148.883
     32.65747992,0.34465736,1149.196
     32.65752998,0.34467567,1150.594
     32.65758244,0.34470100,1150.874
     32.65763490,0.34472154,1151.352
     32.65768476,0.34474098,1152.028
     32.65773318,0.34475983,1152.155
     32.65778364,0.34477181,1152.344
     32.65783205,0.34478436,1152.782
     32.65787996,0.34479436,1153.283
     32.65792905,0.34480314,1153.435
     32.65797431,0.34480941,1153.811
     32.65801805,0.34481647,1154.236
     32.65806123,0.34482159,1154.852
     32.65810287,0.34482583,1155.400
     32.65814465,0.34483351,1155.159
     32.65817764,0.34483974,1155.158
     32.65820216,0.34484021,1155.374
     32.65821742,0.34483621,1155.538
     32.65822553,0.34483124,1155.903
     32.65824565,0.34483143,1156.504
     32.65824063,0.34483352,1156.395
     32.65823945,0.34483439,1156.373
     32.65823732,0.34483621,1156.072
     32.65823689,0.34483660,1156.139
     32.65823756,0.34483769,1156.143
     32.65823489,0.34484101,1155.953
     32.65823338,0.34484361,1155.709
     32.65823368,0.34484371,1155.741
     32.65824557,0.34484566,1155.597
     32.65827107,0.34484823,1156.143
     32.65830828,0.34484890,1155.889
     32.65834708,0.34484956,1157.057
     32.65838780,0.34484929,1156.842
     32.65844000,0.34484641,1157.462
     32.65847971,0.34484478,1157.443
     32.65850712,0.34484437,1158.517
     32.65853700,0.34485179,1158.324
     32.65856897,0.34485033,1158.986
     32.65860137,0.34484846,1159.729
     32.65865472,0.34485119,1160.053
     32.65870744,0.34485272,1160.267
     32.65875834,0.34485320,1160.371
     32.65880613,0.34485456,1160.428
     32.65884894,0.34486442,1160.279
     32.65887913,0.34485669,1160.895
     32.65891557,0.34485712,1161.158
     32.65895221,0.34485977,1161.165
     32.65900149,0.34486397,1162.197
     32.65905370,0.34486573,1161.522
     32.65911667,0.34487832,1160.513
     32.65916965,0.34488547,1160.474
     32.65922466,0.34489946,1161.308
     32.65928817,0.34490947,1161.604
     32.65935602,0.34492258,1161.773
     32.65942243,0.34494083,1161.948
     32.65948942,0.34496047,1162.251
     32.65955706,0.34497707,1164.811
     32.65963111,0.34499724,1165.946
     32.65971238,0.34501658,1167.091
     32.65978431,0.34504180,1167.429
     32.65985561,0.34506946,1168.281
     32.65992473,0.34510214,1168.135
     32.65999296,0.34513198,1168.361
     32.66006260,0.34516452,1168.254
     32.66011917,0.34519425,1168.780
     32.66017837,0.34522477,1169.536
     32.66022659,0.34525308,1168.367
     32.66027959,0.34528492,1166.567
     32.66032213,0.34531095,1167.175
     32.66036605,0.34534330,1167.628
     32.66040800,0.34536050,1167.059
     32.66045087,0.34539588,1167.447
     32.66049117,0.34542778,1167.213
     32.66052817,0.34545820,1167.201
     32.66056579,0.34549043,1167.310
     32.66059989,0.34551661,1167.492
     32.66063413,0.34555049,1166.891
     32.66066302,0.34557081,1167.264
     32.66068311,0.34559088,1167.823
     32.66070141,0.34560852,1167.681
     32.66072084,0.34562544,1167.995
     32.66074033,0.34564306,1167.355
     32.66075367,0.34565531,1167.498
     32.66077130,0.34567218,1167.824
     32.66079471,0.34569438,1167.762
     32.66081868,0.34571740,1168.037
     32.66084184,0.34574010,1167.548
     32.66087384,0.34577261,1167.997
     32.66089485,0.34579092,1169.765
     32.66092430,0.34581351,1169.434
     32.66094464,0.34584331,1170.886
     32.66097341,0.34586361,1171.057
     32.66100133,0.34587382,1172.135
     32.66102240,0.34588482,1171.743
     32.66104175,0.34588899,1170.997
     32.66106206,0.34588906,1171.324
     32.66108243,0.34588478,1171.932
     32.66110210,0.34587493,1172.184
     32.66110988,0.34586908,1172.649
     32.66110331,0.34586863,1172.627
     32.66110361,0.34586622,1173.149
     32.66110893,0.34585662,1173.266
     32.66111732,0.34583897,1173.253
     32.66112405,0.34581242,1173.193
     32.66112649,0.34578611,1173.629
     32.66112657,0.34576359,1173.017
     32.66112469,0.34574890,1172.688
     32.66111876,0.34575140,1172.724
     32.66111439,0.34575526,1173.026
     32.66111229,0.34575679,1173.084
     32.66111158,0.34575730,1173.086
     32.66111248,0.34575416,1173.113
     32.66111261,0.34574203,1173.469
     32.66111016,0.34571784,1172.859
     32.66110395,0.34568632,1172.046
     32.66109643,0.34565235,1172.905
     32.66108738,0.34561145,1173.600
     32.66107627,0.34555983,1173.648
     32.66106467,0.34549952,1174.165
     32.66104912,0.34542510,1174.021
     32.66104004,0.34536222,1175.937
     32.66102985,0.34529302,1175.931
     32.66101893,0.34522266,1176.173
     32.66100394,0.34515534,1176.306
     32.66099259,0.34508069,1176.601
     32.66098041,0.34501449,1177.197
     32.66097092,0.34493955,1177.348
     32.66096368,0.34486134,1178.055
     32.66095060,0.34478193,1178.684
     32.66093815,0.34469564,1179.061
     32.66092472,0.34460811,1179.417
     32.66090654,0.34451687,1179.343
     32.66088917,0.34441744,1179.517
     32.66087404,0.34431347,1179.773
     32.66085609,0.34421145,1180.915
     32.66084303,0.34411525,1181.442
     32.66082793,0.34401174,1181.451
     32.66080927,0.34391417,1182.269
     32.66079102,0.34381898,1182.895
     32.66077615,0.34371795,1183.410
     32.66076283,0.34361606,1184.437
     32.66074346,0.34351562,1185.229
     32.66073166,0.34341679,1185.666
     32.66071605,0.34332028,1186.458
     32.66070097,0.34322853,1186.866
     32.66068893,0.34313184,1186.670
     32.66068051,0.34303674,1186.640
     32.66067054,0.34295259,1187.075
     32.66065762,0.34287412,1187.093
     32.66065309,0.34279352,1187.617
     32.66064857,0.34271727,1187.987
     32.66065180,0.34263574,1188.305
     32.66065721,0.34256093,1188.776
     32.66066283,0.34248934,1189.181
     32.66067109,0.34242254,1189.550
     32.66067334,0.34236994,1189.606
     32.66068098,0.34231838,1189.593
     32.66068659,0.34227090,1189.509
     32.66068459,0.34222791,1190.292
     32.66066266,0.34219675,1189.416
     32.66063703,0.34216186,1189.098
     32.66060374,0.34212406,1189.439
     32.66056280,0.34206292,1189.377
     32.66052108,0.34199850,1188.910
     32.66047621,0.34192467,1188.103
     32.66042737,0.34185168,1187.691
     32.66037712,0.34176625,1186.637
     32.66032611,0.34168779,1185.914
     32.66027837,0.34160394,1185.105
     32.66022805,0.34152436,1184.677
     32.66018324,0.34144057,1183.985
     32.66014393,0.34136056,1183.783
     32.66011877,0.34127266,1183.193
     32.66010118,0.34118547,1183.028
     32.66009072,0.34109709,1182.721
     32.66009502,0.34100538,1182.249
     32.66011063,0.34091737,1182.080
     32.66013109,0.34082371,1181.665
     32.66015947,0.34073546,1181.013
     32.66018794,0.34065244,1180.139
     32.66021615,0.34055984,1179.289
     32.66024589,0.34048129,1178.432
     32.66028103,0.34040407,1178.309
     32.66031370,0.34033062,1178.163
     32.66034686,0.34026126,1176.923
     32.66037093,0.34020871,1176.745
     32.66038981,0.34016604,1176.660
     32.66040336,0.34012859,1176.115
     32.66042066,0.34009427,1176.263
     32.66043707,0.34006487,1176.320
     32.66044812,0.34004218,1176.920
     32.66045253,0.34002930,1177.001
     32.66045507,0.34002791,1176.670
     32.66045509,0.34002830,1176.632
     32.66045619,0.34002742,1176.795
     32.66045546,0.34002585,1177.109
     32.66045529,0.34002536,1177.171
     32.66045610,0.34002572,1177.365
     32.66045693,0.34002696,1177.628
     32.66045813,0.34002820,1177.601
     32.66045944,0.34002858,1177.495
     32.66046003,0.34002840,1177.254
     32.66046011,0.34002692,1177.317
     32.66045999,0.34002569,1177.348
     32.66046011,0.34002645,1177.197
     32.66046004,0.34002653,1177.204
     32.66046002,0.34002644,1177.200
     32.66046257,0.34002486,1176.995
     32.66045882,0.34003033,1176.472
     32.66045639,0.34002977,1176.377
     32.66045540,0.34002776,1176.476
     32.66045901,0.34002412,1176.054
     32.66046080,0.34002609,1175.796
     32.66046085,0.34003080,1175.917
     32.66046026,0.34003294,1175.913
     32.66045985,0.34003302,1176.233
     32.66046002,0.34003346,1176.567
     32.66046022,0.34003358,1176.637
     32.66045955,0.34003347,1176.825
     32.66045916,0.34003322,1176.931
     32.66045874,0.34003287,1177.280
     32.66045902,0.34003308,1177.218
     32.66045908,0.34003308,1177.310
     32.66045916,0.34003352,1177.360
     32.66045906,0.34003441,1177.498
     32.66045894,0.34003511,1177.477
     32.66045889,0.34003545,1177.523
     32.66046084,0.34003082,1177.531
     32.66046381,0.34002062,1177.724
     32.66046674,0.34000939,1177.974
     32.66047034,0.33999762,1178.029
     32.66047356,0.33998819,1177.509
     32.66047790,0.33997802,1177.776
     32.66048506,0.33995864,1177.947
     32.66049670,0.33992517,1177.992
     32.66051226,0.33988418,1177.943
     32.66053515,0.33983687,1178.390
     32.66055101,0.33980095,1178.732
     32.66056610,0.33975822,1178.553
     32.66058339,0.33971047,1178.107
     32.66060825,0.33966141,1178.526
     32.66063282,0.33961085,1178.432
     32.66065909,0.33956203,1177.999
     32.66068575,0.33951743,1178.400
     32.66070209,0.33947149,1178.160
     32.66071187,0.33942325,1178.160
     32.66072129,0.33937425,1177.598
     32.66072907,0.33932772,1177.429
     32.66073721,0.33927985,1177.046
     32.66074380,0.33923269,1176.781
     32.66075738,0.33917465,1176.689
     32.66076372,0.33911310,1176.555
     32.66076619,0.33904612,1176.022
     32.66076602,0.33898004,1175.386
     32.66076514,0.33891638,1174.835
     32.66076377,0.33886769,1174.569
     32.66076294,0.33882787,1174.134
     32.66076385,0.33879355,1174.051
     32.66076446,0.33875560,1173.777
     32.66076360,0.33871658,1173.509
     32.66076384,0.33867276,1172.960
     32.66076103,0.33861858,1172.505
     32.66075513,0.33856148,1171.700
     32.66073965,0.33850099,1171.034
     32.66071888,0.33844138,1170.315
     32.66069155,0.33838985,1169.527
     32.66065940,0.33833975,1169.386
     32.66062142,0.33828987,1169.030
     32.66057872,0.33823725,1168.507
     32.66052743,0.33818996,1168.097
     32.66047648,0.33813891,1167.346
     32.66040705,0.33808820,1166.597
     32.66035054,0.33803816,1165.649
     32.66029549,0.33797849,1164.376
     32.66024030,0.33792095,1163.995
     32.66018378,0.33785609,1163.191
     32.66013565,0.33778320,1162.635
     32.66009831,0.33770965,1162.233
     32.66006355,0.33763853,1161.932
     32.66003368,0.33757405,1161.179
     32.66001044,0.33752207,1160.770
     32.65999746,0.33748825,1160.810
     32.65998346,0.33745859,1160.775
     32.65996246,0.33743191,1159.475
     32.65994753,0.33739674,1159.340
     32.65993893,0.33737447,1159.306
     32.65993267,0.33736004,1160.292
     32.65991214,0.33731754,1158.893
     32.65987931,0.33725025,1158.997
     32.65984344,0.33717617,1158.164
     32.65979614,0.33706945,1157.766
     32.65975220,0.33696578,1158.115
     32.65971667,0.33689197,1158.143
     32.65968008,0.33681617,1158.389
     32.65964583,0.33673708,1158.709
     32.65960987,0.33665631,1158.638
     32.65957346,0.33657575,1158.173
     32.65953709,0.33649083,1158.200
     32.65950007,0.33640952,1157.753
     32.65945515,0.33632602,1158.134
     32.65941853,0.33624625,1158.030
     32.65938853,0.33617152,1158.229
     32.65935802,0.33610542,1158.121
     32.65933062,0.33604590,1158.439
     32.65930411,0.33598742,1159.559
     32.65927758,0.33592273,1159.564
     32.65924483,0.33585815,1159.459
     32.65921324,0.33579820,1159.692
     32.65918384,0.33573105,1159.620
     32.65914714,0.33566925,1159.606
     32.65912405,0.33559155,1160.040
     32.65910711,0.33551721,1160.412
     32.65908618,0.33544087,1160.151
     32.65906967,0.33536393,1160.508
     32.65905717,0.33529187,1160.046
     32.65903516,0.33521304,1160.053
     32.65903767,0.33514525,1159.664
     32.65904738,0.33509235,1159.974
     32.65902924,0.33513392,1159.318
     32.65902809,0.33512816,1160.591
     32.65902934,0.33512923,1160.217
     32.65903262,0.33512599,1160.808
     32.65903487,0.33512599,1161.192
     32.65903546,0.33512365,1161.164
     32.65903664,0.33512251,1160.865
     32.65904178,0.33511838,1160.705
     32.65904416,0.33511481,1160.821
     32.65904369,0.33512142,1160.517
     32.65904254,0.33512388,1160.586
     32.65904265,0.33512220,1159.774
     32.65904057,0.33511773,1159.722
     32.65903712,0.33512151,1159.928
     32.65903790,0.33512198,1159.813
     32.65903770,0.33512050,1159.625
     32.65903639,0.33511899,1159.632
     32.65903504,0.33512086,1159.513
     32.65903352,0.33510969,1160.114
     32.65903009,0.33509290,1160.246
     32.65902179,0.33507518,1160.305
     32.65901569,0.33505677,1159.608
     32.65901141,0.33503890,1159.843
     32.65900821,0.33502562,1160.089
     32.65900649,0.33501326,1160.084
     32.65900094,0.33498011,1160.137
     32.65899288,0.33493053,1160.863
     32.65898710,0.33488104,1160.083
     32.65898509,0.33479501,1160.043
     32.65898831,0.33476436,1159.055
     32.65898615,0.33472501,1159.209
     32.65898437,0.33467315,1159.198
     32.65898600,0.33460988,1158.946
     32.65898560,0.33454548,1158.031
     32.65898542,0.33448234,1158.072
     32.65898220,0.33441310,1157.939
     32.65898466,0.33433871,1157.214
     32.65898971,0.33426493,1156.665
     32.65899919,0.33419217,1156.035
     32.65900714,0.33411599,1155.389
     32.65901457,0.33404268,1155.478
     32.65902715,0.33397471,1154.775
     32.65904073,0.33391460,1155.050
     32.65906009,0.33386777,1154.945
     32.65907201,0.33383184,1155.093
     32.65908628,0.33380099,1155.162
     32.65909707,0.33377135,1155.422
     32.65911236,0.33373803,1155.034
     32.65913292,0.33370279,1155.332
     32.65916584,0.33366399,1154.432
     32.65919530,0.33363129,1154.660
     32.65923662,0.33359618,1153.845
     32.65927426,0.33355589,1154.148
     32.65931007,0.33351444,1154.581
     32.65934574,0.33347922,1154.304
     32.65937859,0.33344646,1154.456
     32.65940808,0.33341355,1154.606
     32.65942778,0.33338124,1154.631
     32.65945730,0.33334578,1154.254
     32.65947514,0.33331888,1153.171
     32.65948508,0.33330283,1153.334
     32.65949946,0.33327313,1152.402
     32.65951149,0.33324402,1152.047
     32.65951816,0.33321991,1152.162
     32.65952321,0.33315525,1151.859
     32.65953592,0.33309643,1151.957
     32.65952595,0.33308436,1152.616
     32.65952234,0.33306583,1152.801
     32.65952162,0.33303771,1151.783
     32.65950699,0.33298867,1151.734
     32.65949326,0.33294685,1151.242
     32.65947586,0.33290763,1151.414
     32.65945613,0.33286696,1151.134
     32.65943865,0.33282576,1150.662
     32.65942830,0.33278689,1150.631
     32.65941862,0.33275078,1151.122
     32.65940845,0.33271348,1150.917
     32.65940383,0.33267549,1151.793
     32.65938335,0.33264857,1151.020
     32.65936872,0.33261871,1150.670
     32.65935862,0.33259641,1149.817
     32.65935371,0.33257555,1150.045
     32.65934331,0.33255372,1150.282
     32.65933448,0.33253027,1150.030
     32.65932690,0.33250821,1150.135
     32.65932089,0.33248795,1150.120
     32.65931445,0.33246701,1149.933
     32.65930917,0.33244277,1149.664
     32.65930399,0.33241598,1149.697
     32.65929988,0.33238502,1149.659
     32.65929845,0.33235429,1150.055
     32.65930061,0.33232829,1149.670
     32.65930516,0.33230731,1148.771
     32.65931122,0.33229092,1148.931
     32.65931860,0.33227661,1148.628
     32.65932734,0.33226035,1147.987
     32.65933709,0.33224119,1147.740
     32.65934658,0.33221955,1146.578
     32.65935501,0.33219733,1146.651
     32.65936303,0.33217260,1145.644
     32.65937052,0.33214565,1145.099
     32.65937757,0.33211769,1144.318
     32.65938272,0.33208889,1143.844
     32.65938849,0.33205889,1143.279
     32.65939193,0.33202917,1142.816
     32.65939498,0.33199893,1142.873
     32.65939942,0.33196987,1142.971
     32.65940475,0.33194108,1142.284
     32.65941082,0.33191306,1141.918
     32.65941655,0.33188822,1141.595
     32.65942137,0.33186319,1142.070
     32.65942111,0.33183771,1142.664
     32.65942116,0.33181091,1142.348
     32.65942277,0.33178491,1141.842
     32.65942929,0.33175730,1141.442
     32.65943599,0.33173741,1141.073
     32.65944592,0.33170696,1140.172
     32.65945751,0.33166431,1140.724
     32.65946691,0.33162625,1140.706
     32.65948854,0.33156925,1140.233
     32.65949858,0.33154537,1139.894
     32.65950669,0.33150976,1139.843
     32.65951480,0.33146894,1139.755
     32.65952565,0.33143551,1139.837
     32.65953350,0.33140192,1139.572
     32.65954215,0.33136636,1139.927
     32.65954718,0.33134370,1139.971
     32.65955069,0.33132653,1140.202
     32.65955467,0.33130623,1139.499
     32.65955933,0.33128372,1138.037
     32.65956375,0.33125973,1138.181
     32.65956948,0.33122657,1138.190
     32.65959247,0.33111928,1138.319
     32.65960165,0.33108074,1138.198
     32.65960385,0.33104571,1138.073
     32.65961455,0.33101344,1137.727
     32.65963196,0.33097754,1136.495
     32.65964375,0.33094497,1135.964
     32.65964705,0.33091814,1135.694
     32.65964933,0.33089717,1135.107
     32.65964986,0.33088025,1135.077
     32.65964764,0.33086342,1135.287
     32.65964200,0.33084678,1135.448
     32.65963300,0.33083286,1135.451
     32.65962250,0.33082477,1135.743
     32.65961578,0.33082103,1135.975
     32.65961305,0.33082108,1136.699
     32.65961271,0.33082277,1136.986
     32.65961485,0.33082611,1137.130
     32.65961967,0.33082964,1137.633
     32.65962648,0.33083236,1138.078
     32.65963301,0.33083315,1138.520
     32.65963889,0.33083184,1138.183
     32.65964426,0.33082873,1138.468
     32.65964574,0.33082554,1138.233
     32.65964391,0.33082343,1137.720
     32.65963646,0.33082424,1137.974
     32.65962621,0.33083137,1137.640
     32.65961742,0.33084051,1137.749
     32.65961185,0.33084877,1137.964
     32.65960915,0.33085265,1138.204
     32.65960665,0.33085271,1138.543
     32.65960487,0.33085310,1139.221
     32.65960274,0.33085384,1139.738
     32.65960257,0.33085701,1140.195
     32.65960283,0.33086051,1140.511
     32.65960250,0.33086439,1140.394
     32.65960218,0.33086646,1140.455
     32.65960160,0.33086844,1140.233
     32.65960132,0.33087026,1140.095
     32.65960149,0.33087109,1140.234
     32.65960005,0.33087197,1140.030
     32.65959823,0.33087120,1140.139
     32.65959419,0.33087153,1140.547
     32.65958872,0.33087072,1141.110
     32.65958543,0.33086793,1141.338
     32.65958241,0.33086593,1141.283
     32.65957880,0.33086517,1140.966
     32.65957749,0.33086572,1141.628
     32.65957558,0.33086718,1141.687
     32.65957362,0.33086799,1141.745
     32.65957068,0.33086618,1141.759
     32.65957005,0.33086225,1142.050
     32.65957209,0.33085824,1142.429
     32.65957337,0.33085592,1140.872
     32.65958231,0.33085450,1140.367
     32.65958610,0.33085468,1140.229
     32.65958810,0.33085400,1140.534
     32.65959011,0.33085243,1139.504
     32.65959169,0.33084980,1139.742
     32.65960026,0.33084172,1139.015
     32.65960247,0.33082986,1139.165
     32.65959299,0.33081729,1139.359
     32.65958096,0.33081778,1138.751
     32.65957598,0.33082323,1138.392
     32.65957848,0.33082677,1138.329
     32.65957980,0.33083022,1138.362
     32.65958323,0.33082998,1138.319
     32.65958547,0.33082765,1138.127
     32.65957690,0.33083039,1137.603
     32.65956628,0.33084060,1137.959
     32.65956550,0.33085755,1137.851
     32.65957366,0.33087087,1138.051
     32.65958465,0.33088343,1137.843
     32.65959623,0.33089340,1139.005
     32.65960117,0.33089564,1139.101
     32.65960168,0.33088649,1139.574
     32.65960198,0.33088168,1139.544
     32.65960214,0.33087922,1139.548
     32.65960225,0.33087793,1139.547
     32.65960231,0.33087725,1139.546
     32.65960237,0.33087688,1139.542
    </coordinates>
   </LineString>
  </Placemark>

 </Document>
</kml>
 