deviceid,devicephonenum,device_info,duration,caseid,branch_code,stage_code,stage,park,park_label,park_other,enumerator,enumerator_label,enumerator_1,enumerator_2,enumerator_3,enumerator_4,enumerator_5,enumerator_6,enumerator_7,enumerator_8,enumerator_9,enumerator_10,the_stage,a2,a2_label,a2_other,a3,a4,a5,a5_label,a5_other,a6,a7,a7_label,a8,a8_label,a8_1,a8_2,a8_3,a8_4,a8_5,a8_6,a8_7,a8_8,a8_9,a8_10,a8_99,a8_100,a8_other,p1_photo,b1,b2,branch_total_count,p2_photo,b3_count,setofb3,setofp3_photo_loop,setofb4,setofp4_photo_loop,setofc1,route_count,setofp5_photo_loop,r_count,setofr,c7,c7_label,c8,c8_label,c8_1,c8_2,c8_3,c8_4,c8_5,c8_6,c8_99,c8_100,c9_branch_loop_count,setofc9_branch_loop,setofp7_photo_loop,d11,d12,d13,d14,d2,d31,d32,d33,d34,d4,d5,d5_label,d5_1,d5_2,d5_3,d5_4,d5_5,d5_6,d5_7,d5_99,d5_100,d5_other,d6,d7,d7_label,d7_other,d8,d8_label,d8_1,d8_2,d8_3,d8_4,d8_5,d8_6,d8_7,d8_8,d8_9,d8_99,d8_100,d8_other,d9,d9_label,d10,v130,d11_label,d11_1,d11_2,d11_3,d11_4,d11_5,d11_6,d11_99,d11_100,d11c,d11f,d11_other,v143,d12_label,d12_1,d12_2,d12_3,d12_4,d12_5,d12_6,d12_99,d12_100,d12c,d12f,d12_other,p8_photo,p9_photo,formdef_version,key,submissiondate,starttime,endtime,date,respondent,stage_id,stage_name,branch_id,branch,taxi_park,_merge
2aa80707e1ac7359,,TCL|T610K|13|SurveyCTO Collect 2.81.2 (3771098),2299,,1.0,28.0,Kibuli,Old Taxi Park,Old Taxi Park,,1 8,Claire & Rhoda,1.0,0.0,0.0,0.0,0.0,0.0,0.0,1.0,0.0,0.0,Kibuli Stage,Chairperson,Chairperson,,1980.0,1975.0,Founded by drivers who did not belong to an older stage,Founded by drivers who did not belong to an older stage,,,,,,,,,,,,,,,,,,,,media/1724340029146.jpg,1.0,1.0,2,media/1724338242481.jpg,2,uuid:c9f4c2e5-cdc4-4ce6-9d9c-79cb6e8c83d3/B-B3,uuid:c9f4c2e5-cdc4-4ce6-9d9c-79cb6e8c83d3/B-p3_photo_loop,,,uuid:c9f4c2e5-cdc4-4ce6-9d9c-79cb6e8c83d3/C-C1,2,uuid:c9f4c2e5-cdc4-4ce6-9d9c-79cb6e8c83d3/C-p5_photo_loop,2,uuid:c9f4c2e5-cdc4-4ce6-9d9c-79cb6e8c83d3/C-R,Yes,Yes,2 4 6 99,Poor road quality & Opposition from other stages & Drivers don’t want to go & Other,0.0,1.0,0.0,1.0,0.0,1.0,1.0,0.0,2,uuid:c9f4c2e5-cdc4-4ce6-9d9c-79cb6e8c83d3/C-C9_branch_loop,uuid:c9f4c2e5-cdc4-4ce6-9d9c-79cb6e8c83d3/C-p7_photo_loop,80,-99,120.0,130.0,50.0,50.0,-99.0,70.0,80.0,45.0,1 2 4 7,Must have a driver permit & Must have been a conductor at the stage & Must be referred by an existing stage member & Must have previous work experience,1.0,1.0,0.0,1.0,0.0,0.0,1.0,0.0,0.0,,25.0,"First come, first serve on the day","First come, first serve on the day",,1 2 3 4 5 6 7 9,Chairperson & Vice Chairperson & Secretary & Treasurer & Welfare & Defence & Mobiliser & Elder Advisor,1.0,1.0,1.0,1.0,1.0,1.0,1.0,0.0,1.0,0.0,0.0,,Yes,Yes,3.0,1 2 99,Be a driver & Have a permit/driving license & Other,1.0,1.0,0.0,0.0,0.0,0.0,1.0,0.0,,,Must be a Stage member,1 2 4 6,Be a driver & Have a permit/driving license & No criminal record & Need to have been at the stage for ____ years,1.0,1.0,0.0,1.0,0.0,1.0,0.0,0.0,,15,,media/1724339720498.jpg,media/1724339737399.jpg,2407230723.0,uuid:c9f4c2e5-cdc4-4ce6-9d9c-79cb6e8c83d3,2024-08-22 11:43:54,2024-08-22 10:48:51,2024-08-22 11:31:47,2024-08-21,Respondent_273221,28,Kibuli,45,Kibuli,Old Taxi Park,both
3e91b3bc962f0796,,TECNO|TECNO KI5k|12|SurveyCTO Collect 2.81.2 (3771098),1879,,1.0,57.0,Ggaba,Nateete,Nateete,,1 3 7,Claire & Fatumah & Olivia,1.0,0.0,1.0,0.0,0.0,0.0,1.0,0.0,0.0,0.0,Ggaba Stage,Secretary,Secretary,,2000.0,1999.0,"Originated from an older stage, split off","Originated from an older stage, split off",,Ggaba stage,Yes,Yes,8,Old Taxi Park,0.0,0.0,0.0,0.0,0.0,0.0,0.0,1.0,0.0,0.0,0.0,0.0,,media/1725877499809.jpg,1.0,0.0,1,media/1725877530897.jpg,1,uuid:bbd36097-41d7-46d1-963f-eaf8002ef8d9/B-B3,uuid:bbd36097-41d7-46d1-963f-eaf8002ef8d9/B-p3_photo_loop,,,uuid:bbd36097-41d7-46d1-963f-eaf8002ef8d9/C-C1,1,uuid:bbd36097-41d7-46d1-963f-eaf8002ef8d9/C-p5_photo_loop,1,uuid:bbd36097-41d7-46d1-963f-eaf8002ef8d9/C-R,Yes,Yes,4,Opposition from other stages,0.0,0.0,0.0,1.0,0.0,0.0,0.0,0.0,1,,,30,20,10.0,6.0,10.0,10.0,10.0,4.0,2.0,10.0,1 2 7,Must have a driver permit & Must have been a conductor at the stage & Must have previous work experience,1.0,1.0,0.0,0.0,0.0,0.0,1.0,0.0,0.0,,2.0,"First come, first serve on the day","First come, first serve on the day",,1 2 3 4 5 6,Chairperson & Vice Chairperson & Secretary & Treasurer & Welfare & Defence,1.0,1.0,1.0,1.0,1.0,1.0,0.0,0.0,0.0,0.0,0.0,,Yes,Yes,10.0,1 99,Be a driver & Other,1.0,0.0,0.0,0.0,0.0,0.0,1.0,0.0,,,Must be a registered stage member,1 2 4 6,Be a driver & Have a permit/driving license & No criminal record & Need to have been at the stage for ____ years,1.0,1.0,0.0,1.0,0.0,1.0,0.0,0.0,,5,,media/1725878546348.jpg,media/1725878580909.jpg,2407230723.0,uuid:bbd36097-41d7-46d1-963f-eaf8002ef8d9,2024-09-09 07:33:35,2024-09-09 06:19:39,2024-09-09 06:59:42,2024-09-09,Respondent_329743,57,Ggaba,78,Ggaba,Nateete,both
0F717E25-0542-496A-9B46-40D56DB59F40,,Apple|iPhone|17.6.1|SurveyCTO Collect 2.80 (274730),1612,,4.0,5.0,Busabaala,Bwaise,Bwaise,,8 10,Rhoda & Vivian,0.0,0.0,0.0,0.0,0.0,0.0,0.0,1.0,0.0,1.0,Busabaala Stage,Other,Other,Stage master,2014.0,2004.0,"Originated from an older stage, split off","Originated from an older stage, split off",,Bunamwaya,Yes,Yes,1 8,Bwaise & Old Taxi Park,1.0,0.0,0.0,0.0,0.0,0.0,0.0,1.0,0.0,0.0,0.0,0.0,,media/1726307351583.jpg,5.0,1.0,6,media/1726305596238.jpg,6,uuid:3336f4d0-1543-4093-85bb-32f7f0a75588/B-B3,uuid:3336f4d0-1543-4093-85bb-32f7f0a75588/B-p3_photo_loop,,,uuid:3336f4d0-1543-4093-85bb-32f7f0a75588/C-C1,1,uuid:3336f4d0-1543-4093-85bb-32f7f0a75588/C-p5_photo_loop,1,uuid:3336f4d0-1543-4093-85bb-32f7f0a75588/C-R,No,No,,,,,,,,,,,6,uuid:3336f4d0-1543-4093-85bb-32f7f0a75588/C-C9_branch_loop,uuid:3336f4d0-1543-4093-85bb-32f7f0a75588/C-p7_photo_loop,300,200,100.0,,11.0,200.0,150.0,100.0,,11.0,1 2,Must have a driver permit & Must have been a conductor at the stage,1.0,1.0,0.0,0.0,0.0,0.0,0.0,0.0,0.0,,0.0,"First come, first serve on the day","First come, first serve on the day",,1 2 3 4 5 6 7 8,Chairperson & Vice Chairperson & Secretary & Treasurer & Welfare & Defence & Mobiliser & Stage Master,1.0,1.0,1.0,1.0,1.0,1.0,1.0,1.0,0.0,0.0,0.0,,No,No,,,,,,,,,,,,,,,,,,,,,,,,,,,,media/1726306321768.jpg,media/1726306332651.jpg,2407230723.0,uuid:3336f4d0-1543-4093-85bb-32f7f0a75588,2024-09-14 07:07:51,2024-09-14 05:18:15,2024-09-14 07:07:16,2024-09-13,Respondent_770173,5,Busabaala,89,Busabaala,Bwaise,both
2aa80707e1ac7359,,TCL|T610K|13|SurveyCTO Collect 2.81.2 (3771098),1612,,1.0,14.0,Ggaba,Kisenyi/Gwanda,Kisenyi/Gwanda,,3 5 8,Fatumah & Joviah & Rhoda,0.0,0.0,1.0,0.0,1.0,0.0,0.0,1.0,0.0,0.0,Ggaba Stage,Secretary,Secretary,,2014.0,2009.0,"Originated from an older stage, formed as a separate, independent stage by their","Originated from an older stage, formed as a separate, independent stage by their leaders",,Ggaba,Yes,Yes,8,Old Taxi Park,0.0,0.0,0.0,0.0,0.0,0.0,0.0,1.0,0.0,0.0,0.0,0.0,,media/1723012742811.jpg,1.0,0.0,1,media/1723012768797.jpg,1,uuid:ab0c3936-fbf5-42d6-9da6-f8d8a88220ec/B-B3,uuid:ab0c3936-fbf5-42d6-9da6-f8d8a88220ec/B-p3_photo_loop,,,uuid:ab0c3936-fbf5-42d6-9da6-f8d8a88220ec/C-C1,1,uuid:ab0c3936-fbf5-42d6-9da6-f8d8a88220ec/C-p5_photo_loop,1,uuid:ab0c3936-fbf5-42d6-9da6-f8d8a88220ec/C-R,No,No,,,,,,,,,,,1,,,19,0,0.0,,19.0,14.0,0.0,0.0,,14.0,1 2 4 7 99,Must have a driver permit & Must have been a conductor at the stage & Must be referred by an existing stage member & Must have previous work experience & Other,1.0,1.0,0.0,1.0,0.0,0.0,1.0,1.0,0.0,Must pay membership fees,5.0,"First come, first serve on the day","First come, first serve on the day",,1 3 9,Chairperson & Secretary & Elder Advisor,1.0,0.0,1.0,0.0,0.0,0.0,0.0,0.0,1.0,0.0,0.0,,No,No,,,,,,,,,,,,,,,,,,,,,,,,,,,,media/1723013153879.jpg,,2407230723.0,uuid:ab0c3936-fbf5-42d6-9da6-f8d8a88220ec,2024-08-07 02:52:48,2024-08-06 04:43:10,2024-08-07 02:48:23,2024-08-03,Respondent_25228,14,Ggaba,15,Ggaba,Kisenyi/Gwanda,both
665B1D11-2673-4244-885F-7BA73AF1E3C2,,Apple|iPhone|17.3.1|SurveyCTO Collect 2.80 (274730),5288,,1.0,46.0,Makindye - Luwafu Stage,Old Taxi Park,Old Taxi Park,,3 7 8,Fatumah & Olivia & Rhoda,0.0,0.0,1.0,0.0,0.0,0.0,1.0,1.0,0.0,0.0,Makindye - Luwafu Stage Stage,Elder,Elder,,1994.0,1960.0,Founded by drivers who did not belong to an older stage,Founded by drivers who did not belong to an older stage,,,,,,,,,,,,,,,,,,,,media/1725283010133.jpg,1.0,3.0,4,media/1725283027389.jpg,4,uuid:ce3c1ad0-edaa-4e44-88d8-ee94f7fc18f0/B-B3,uuid:ce3c1ad0-edaa-4e44-88d8-ee94f7fc18f0/B-p3_photo_loop,uuid:ce3c1ad0-edaa-4e44-88d8-ee94f7fc18f0/B-B4,uuid:ce3c1ad0-edaa-4e44-88d8-ee94f7fc18f0/B-p4_photo_loop,uuid:ce3c1ad0-edaa-4e44-88d8-ee94f7fc18f0/C-C1,3,uuid:ce3c1ad0-edaa-4e44-88d8-ee94f7fc18f0/C-p5_photo_loop,3,uuid:ce3c1ad0-edaa-4e44-88d8-ee94f7fc18f0/C-R,Yes,Yes,5,Hard to get approval from UTOF or KCCA,0.0,0.0,0.0,0.0,1.0,0.0,0.0,0.0,4,uuid:ce3c1ad0-edaa-4e44-88d8-ee94f7fc18f0/C-C9_branch_loop,uuid:ce3c1ad0-edaa-4e44-88d8-ee94f7fc18f0/C-p7_photo_loop,70,90,150.0,70.0,50.0,50.0,80.0,100.0,40.0,50.0,1 2 4 7,Must have a driver permit & Must have been a conductor at the stage & Must be referred by an existing stage member & Must have previous work experience,1.0,1.0,0.0,1.0,0.0,0.0,1.0,0.0,0.0,,10.0,"First come, first serve on the day","First come, first serve on the day",,1 2 3 4 5 6 9,Chairperson & Vice Chairperson & Secretary & Treasurer & Welfare & Defence & Elder Advisor,1.0,1.0,1.0,1.0,1.0,1.0,0.0,0.0,1.0,0.0,0.0,,Yes,Yes,5.0,1 2 99,Be a driver & Have a permit/driving license & Other,1.0,1.0,0.0,0.0,0.0,0.0,1.0,0.0,,,Must be a stage member,1 2 4 6,Be a driver & Have a permit/driving license & No criminal record & Need to have been at the stage for ____ years,1.0,1.0,0.0,1.0,0.0,1.0,0.0,0.0,,5,,media/1725286686208.jpg,media/1725286694712.jpg,2407230723.0,uuid:ce3c1ad0-edaa-4e44-88d8-ee94f7fc18f0,2024-09-02 12:04:24,2024-09-02 09:14:19,2024-09-02 12:02:42,2024-08-28,Respondent_329644,46,Makindye-Luwafu,66,Makindye-Luwafu,Old Taxi Park,both
353309090902287,,samsung|SM-G960U|9|SurveyCTO Collect 2.81.2 (3771098),3873,,2.0,8.0,Entebbe stage,Kisenyi/Gwanda,Kisenyi/Gwanda,,1 9 10,Claire & Sumaiya & Vivian,1.0,0.0,0.0,0.0,0.0,0.0,0.0,0.0,1.0,1.0,Entebbe stage Stage,Other,Other,Vice chairperson/elder,1999.0,1974.0,Founded by drivers who did not belong to an older stage,Founded by drivers who did not belong to an older stage,,,,,,,,,,,,,,,,,,,,media/1722427808925.jpg,9.0,1.0,10,media/1722427862880.jpg,10,uuid:2c8dbd97-2f16-4903-8289-6dbdcd56dba6/B-B3,uuid:2c8dbd97-2f16-4903-8289-6dbdcd56dba6/B-p3_photo_loop,,,uuid:2c8dbd97-2f16-4903-8289-6dbdcd56dba6/C-C1,2,uuid:2c8dbd97-2f16-4903-8289-6dbdcd56dba6/C-p5_photo_loop,2,uuid:2c8dbd97-2f16-4903-8289-6dbdcd56dba6/C-R,Yes,Yes,99,Other,0.0,0.0,0.0,0.0,0.0,0.0,1.0,0.0,10,uuid:2c8dbd97-2f16-4903-8289-6dbdcd56dba6/C-C9_branch_loop,uuid:2c8dbd97-2f16-4903-8289-6dbdcd56dba6/C-p7_photo_loop,1400,900,700.0,700.0,160.0,1200.0,800.0,400.0,400.0,120.0,3 4 99,Must be a friend or relative of existing stage member & Must be referred by an existing stage member & Other,0.0,0.0,1.0,1.0,0.0,0.0,0.0,1.0,0.0,"LC 1 letter, no criminal record, good conduct",15.0,Predetermined schedule before the day,Predetermined schedule before the day,,1 2 3 4 5 6 7 8 9 99,Chairperson & Vice Chairperson & Secretary & Treasurer & Welfare & Defence & Mobiliser & Stage Master & Elder Advisor & Other,1.0,1.0,1.0,1.0,1.0,1.0,1.0,1.0,1.0,1.0,0.0,"Deputy secretary, Deputy treasure, Deputy welfare, cordinator",Yes,Yes,5.0,99,Other,0.0,0.0,0.0,0.0,0.0,0.0,1.0,0.0,,,Stage member with the branch ID,4 6 99,No criminal record & Need to have been at the stage for ____ years & Other,0.0,0.0,0.0,1.0,0.0,1.0,1.0,0.0,,10,"S4 certificate,can write and read English, Good conduct",media/1722431004325.jpg,media/1722431050981.jpg,2407230723.0,uuid:2c8dbd97-2f16-4903-8289-6dbdcd56dba6,2024-08-01 02:55:56,2024-07-31 08:06:10,2024-08-01 02:51:32,2024-07-31,Respondent_936700,8,Entebbe,12,Entebbe,Kisenyi/Gwanda,both
0F717E25-0542-496A-9B46-40D56DB59F40,,Apple|iPhone|17.5.1|SurveyCTO Collect 2.80 (274730),1025,,1.0,22.0,Nateete wakaliga stage B,Kisenyi/Gwanda,Kisenyi/Gwanda,,3 4 10,Fatumah & Gerald & Vivian,0.0,0.0,1.0,1.0,0.0,0.0,0.0,0.0,0.0,1.0,Nateete wakaliga stage B Stage,Chairperson,Chairperson,,2004.0,1984.0,"Originated from an older stage, split off","Originated from an older stage, split off",,Kibuuye-Ndeeba,Yes,Yes,8,Old Taxi Park,0.0,0.0,0.0,0.0,0.0,0.0,0.0,1.0,0.0,0.0,0.0,0.0,,media/1723285768732.jpg,2.0,1.0,3,media/1723285786084.jpg,3,uuid:46bc3375-ffc6-4423-ba24-c87c2a73c51b/B-B3,uuid:46bc3375-ffc6-4423-ba24-c87c2a73c51b/B-p3_photo_loop,,,uuid:46bc3375-ffc6-4423-ba24-c87c2a73c51b/C-C1,1,uuid:46bc3375-ffc6-4423-ba24-c87c2a73c51b/C-p5_photo_loop,1,uuid:46bc3375-ffc6-4423-ba24-c87c2a73c51b/C-R,Yes,Yes,99,Other,0.0,0.0,0.0,0.0,0.0,0.0,1.0,0.0,3,uuid:46bc3375-ffc6-4423-ba24-c87c2a73c51b/C-C9_branch_loop,uuid:46bc3375-ffc6-4423-ba24-c87c2a73c51b/C-p7_photo_loop,55,60,0.0,0.0,65.0,40.0,40.0,0.0,0.0,40.0,2 99,Must have been a conductor at the stage & Other,0.0,1.0,0.0,0.0,0.0,0.0,0.0,1.0,0.0,"LC1 letter, National ID",10.0,"First come, first serve on the day","First come, first serve on the day",,1 2 3 4 6 9,Chairperson & Vice Chairperson & Secretary & Treasurer & Defence & Elder Advisor,1.0,1.0,1.0,1.0,0.0,1.0,0.0,0.0,1.0,0.0,0.0,,Yes,Yes,3.0,1 5 99,Be a driver & Must have a family & Other,1.0,0.0,0.0,0.0,1.0,0.0,1.0,0.0,,,Membership card,1 6,Be a driver & Need to have been at the stage for ____ years,1.0,0.0,0.0,0.0,0.0,1.0,0.0,0.0,,5,,media/1723286662631.jpg,media/1723286669434.jpg,2407230723.0,uuid:46bc3375-ffc6-4423-ba24-c87c2a73c51b,2024-08-10 09:40:47,2024-08-10 06:28:05,2024-08-10 09:38:15,2024-08-09,Respondent_762907,22,Nateete-Wakaliga,24,Nateete-Wakaliga 'B',Kisenyi/Gwanda,both
0F717E25-0542-496A-9B46-40D56DB59F40,,Apple|iPhone|17.6.1|SurveyCTO Collect 2.80 (274730),1867,,1.0,70.0,Nansana-Wakiso-Kakiri,Bwaise,Bwaise,,8 10,Rhoda & Vivian,0.0,0.0,0.0,0.0,0.0,0.0,0.0,1.0,0.0,1.0,Nansana-Wakiso-Kakiri Stage,Secretary,Secretary,,2023.0,2023.0,"Originated from an older stage, split off","Originated from an older stage, split off",,Nansana-Wakiso-Kakiri-Busunju,Yes,Yes,3 8,Kisenyi/Gwanda & Old Taxi Park,0.0,0.0,1.0,0.0,0.0,0.0,0.0,1.0,0.0,0.0,0.0,0.0,,media/1726479331595.jpg,1.0,0.0,1,media/1726479348224.jpg,1,uuid:0b2559b1-5f22-4d1d-b9a3-b402362e61ed/B-B3,uuid:0b2559b1-5f22-4d1d-b9a3-b402362e61ed/B-p3_photo_loop,,,uuid:0b2559b1-5f22-4d1d-b9a3-b402362e61ed/C-C1,3,uuid:0b2559b1-5f22-4d1d-b9a3-b402362e61ed/C-p5_photo_loop,3,uuid:0b2559b1-5f22-4d1d-b9a3-b402362e61ed/C-R,No,No,,,,,,,,,,,1,,,45,,,,35.0,30.0,,,,30.0,99,Other,0.0,0.0,0.0,0.0,0.0,0.0,0.0,1.0,0.0,"Membership fee (100k), 10k for stage ID",5.0,"First come, first serve on the day","First come, first serve on the day",,1 2 3 4 5 6 9,Chairperson & Vice Chairperson & Secretary & Treasurer & Welfare & Defence & Elder Advisor,1.0,1.0,1.0,1.0,1.0,1.0,0.0,0.0,1.0,0.0,0.0,,No,No,,,,,,,,,,,,,,,,,,,,,,,,,,,,media/1726480203046.jpg,media/1726480212603.jpg,2407230723.0,uuid:0b2559b1-5f22-4d1d-b9a3-b402362e61ed,2024-09-16 07:47:23,2024-09-16 05:33:09,2024-09-16 06:14:43,2024-09-14,Respondent_230408,70,Nansana- Wakiso- Kakiri,92,Nansana- Wakiso- Kakiri,Bwaise,both
2aa80707e1ac7359,,TCL|T610K|13|SurveyCTO Collect 2.81.2 (3771098),5660,,1.0,33.0,Makerere-Kikoni,Old Taxi Park,Old Taxi Park,,1 8,Claire & Rhoda,1.0,0.0,0.0,0.0,0.0,0.0,0.0,1.0,0.0,0.0,Makerere-Kikoni Stage,Elder,Elder,,1990.0,1980.0,Founded by drivers who did not belong to an older stage,Founded by drivers who did not belong to an older stage,,,,,,,,,,,,,,,,,,,,media/1724053706548.jpg,1.0,1.0,2,media/1724053728964.jpg,2,uuid:94931b91-bb60-4049-8c1f-8a276895a37d/B-B3,uuid:94931b91-bb60-4049-8c1f-8a276895a37d/B-p3_photo_loop,uuid:94931b91-bb60-4049-8c1f-8a276895a37d/B-B4,uuid:94931b91-bb60-4049-8c1f-8a276895a37d/B-p4_photo_loop,uuid:94931b91-bb60-4049-8c1f-8a276895a37d/C-C1,3,uuid:94931b91-bb60-4049-8c1f-8a276895a37d/C-p5_photo_loop,3,uuid:94931b91-bb60-4049-8c1f-8a276895a37d/C-R,No,No,,,,,,,,,,,2,uuid:94931b91-bb60-4049-8c1f-8a276895a37d/C-C9_branch_loop,uuid:94931b91-bb60-4049-8c1f-8a276895a37d/C-p7_photo_loop,40,0,0.0,0.0,40.0,21.0,0.0,0.0,0.0,21.0,2,Must have been a conductor at the stage,0.0,1.0,0.0,0.0,0.0,0.0,0.0,0.0,0.0,,5.0,"First come, first serve on the day","First come, first serve on the day",,1 2 3 4 5 6 9 99,Chairperson & Vice Chairperson & Secretary & Treasurer & Welfare & Defence & Elder Advisor & Other,1.0,1.0,1.0,1.0,1.0,1.0,0.0,0.0,1.0,1.0,0.0,Guide,Yes,Yes,3.0,1 99,Be a driver & Other,1.0,0.0,0.0,0.0,0.0,0.0,1.0,0.0,,,Must be a stage member,1 2 6,Be a driver & Have a permit/driving license & Need to have been at the stage for ____ years,1.0,1.0,0.0,0.0,0.0,1.0,0.0,0.0,,5,,media/1724057245520.jpg,media/1724057257445.jpg,2407230723.0,uuid:94931b91-bb60-4049-8c1f-8a276895a37d,2024-08-19 05:28:59,2024-08-17 05:41:37,2024-08-19 04:47:57,2024-08-16,Respondent_781113,33,Makerere / Makerere-Kikoni,36,Makerere-Kikoni,Old Taxi Park,both
e912dcc7bdab73f5,,Itel|itel A665L|13|SurveyCTO Collect 2.81.2 (3771098),1077,,1.0,98.0,Ndejje,Bwaise,Bwaise,,4 5 9,Gerald & Joviah & Sumaiya,0.0,0.0,0.0,1.0,1.0,0.0,0.0,0.0,1.0,0.0,Ndejje  Stage,Branch Leader (but not one of the above),Branch Leader (but not one of the above),,2023.0,2023.0,"Originated from an older stage, formed as a separate, independent stage by their","Originated from an older stage, formed as a separate, independent stage by their leaders",,Bombo,Yes,Yes,1,Bwaise,1.0,0.0,0.0,0.0,0.0,0.0,0.0,0.0,0.0,0.0,0.0,0.0,,media/1728466982429.jpg,1.0,0.0,1,media/1728467002862.jpg,1,uuid:9348691c-f7a8-4a1d-8a59-83975b987064/B-B3,uuid:9348691c-f7a8-4a1d-8a59-83975b987064/B-p3_photo_loop,,,uuid:9348691c-f7a8-4a1d-8a59-83975b987064/C-C1,1,uuid:9348691c-f7a8-4a1d-8a59-83975b987064/C-p5_photo_loop,1,uuid:9348691c-f7a8-4a1d-8a59-83975b987064/C-R,No,No,,,,,,,,,,,1,,,20,,,,8.0,20.0,,,,8.0,1 99,Must have a driver permit & Other,1.0,0.0,0.0,0.0,0.0,0.0,0.0,1.0,0.0,"Good conduct, LC letter",5.0,Predetermined schedule before the day,Predetermined schedule before the day,,1 2 3 4 5 6 7 8 9,Chairperson & Vice Chairperson & Secretary & Treasurer & Welfare & Defence & Mobiliser & Stage Master & Elder Advisor,1.0,1.0,1.0,1.0,1.0,1.0,1.0,1.0,1.0,0.0,0.0,,Yes,Yes,5.0,99,Other,0.0,0.0,0.0,0.0,0.0,0.0,1.0,0.0,,,Be a member of the stage,1 2 4 5,Be a driver & Have a permit/driving license & No criminal record & Must have a family,1.0,1.0,0.0,1.0,1.0,0.0,0.0,0.0,,,,media/1728467794632.jpg,media/1728467813654.jpg,2407230723.0,uuid:9348691c-f7a8-4a1d-8a59-83975b987064,2024-10-09 07:07:50,2024-10-09 05:37:53,2024-10-09 05:57:40,2024-10-09,Respondent_865591,98,Ndejje,137,Ndejje,Bwaise,both
353309090902287,,samsung|SM-G960U|9|SurveyCTO Collect 2.81.2 (3771098),2290,,1.0,21.0,Makindye Luwafu,Kisenyi/Gwanda,Kisenyi/Gwanda,,5 7 9,Joviah & Olivia & Sumaiya,0.0,0.0,0.0,0.0,1.0,0.0,1.0,0.0,1.0,0.0,Makindye Luwafu Stage,Chairperson,Chairperson,,2017.0,2017.0,"Originated from an older stage, formed as a separate, independent stage by their","Originated from an older stage, formed as a separate, independent stage by their leaders",,Makindye luwafu,Yes,Yes,8,Old Taxi Park,0.0,0.0,0.0,0.0,0.0,0.0,0.0,1.0,0.0,0.0,0.0,0.0,,media/1723277903515.jpg,1.0,0.0,1,media/1723278047636.jpg,1,uuid:2fe38a54-9d43-4a6d-ab54-ad3c3a12a67e/B-B3,uuid:2fe38a54-9d43-4a6d-ab54-ad3c3a12a67e/B-p3_photo_loop,,,uuid:2fe38a54-9d43-4a6d-ab54-ad3c3a12a67e/C-C1,2,uuid:2fe38a54-9d43-4a6d-ab54-ad3c3a12a67e/C-p5_photo_loop,2,uuid:2fe38a54-9d43-4a6d-ab54-ad3c3a12a67e/C-R,No,No,,,,,,,,,,,1,,,30,60,,,30.0,25.0,45.0,,,25.0,1 7 99,Must have a driver permit & Must have previous work experience & Other,1.0,0.0,0.0,0.0,0.0,0.0,1.0,1.0,0.0,"National ID, Former stage ID,letter from village",6.0,"First come, first serve on the day","First come, first serve on the day",,1 2 3 4 5 6 7 8 9,Chairperson & Vice Chairperson & Secretary & Treasurer & Welfare & Defence & Mobiliser & Stage Master & Elder Advisor,1.0,1.0,1.0,1.0,1.0,1.0,1.0,1.0,1.0,0.0,0.0,,Yes,Yes,3.0,1 2,Be a driver & Have a permit/driving license,1.0,1.0,0.0,0.0,0.0,0.0,0.0,0.0,,,,1 2,Be a driver & Have a permit/driving license,1.0,1.0,0.0,0.0,0.0,0.0,0.0,0.0,,,,media/1723279427166.jpg,media/1723279438284.jpg,2407230723.0,uuid:2fe38a54-9d43-4a6d-ab54-ad3c3a12a67e,2024-08-10 05:34:50,2024-08-10 04:14:26,2024-08-10 05:34:25,2024-08-09,Respondent_933416,21,Makindye-Luwafu,21,Makindye-Luwafu,Kisenyi/Gwanda,both
0F717E25-0542-496A-9B46-40D56DB59F40,,Apple|iPhone|17.5.1|SurveyCTO Collect 2.80 (274730),3025,,4.0,8.0,Entebbe,Other,Other,Nakawa,8 10,Rhoda & Vivian,0.0,0.0,0.0,0.0,0.0,0.0,0.0,1.0,0.0,1.0,Entebbe Stage,Chairperson,Chairperson,,2007.0,1970.0,Founded by drivers who did not belong to an older stage,Founded by drivers who did not belong to an older stage,,,,,,,,,,,,,,,,,,,,media/1725503304942.jpg,7.0,2.0,9,media/1725503331886.jpg,9,uuid:9beea63e-1fe3-417d-987d-930c9a4554e5/B-B3,uuid:9beea63e-1fe3-417d-987d-930c9a4554e5/B-p3_photo_loop,,,uuid:9beea63e-1fe3-417d-987d-930c9a4554e5/C-C1,1,uuid:9beea63e-1fe3-417d-987d-930c9a4554e5/C-p5_photo_loop,1,uuid:9beea63e-1fe3-417d-987d-930c9a4554e5/C-R,Yes,Yes,1,Not enough passengers,1.0,0.0,0.0,0.0,0.0,0.0,0.0,0.0,9,uuid:9beea63e-1fe3-417d-987d-930c9a4554e5/C-C9_branch_loop,uuid:9beea63e-1fe3-417d-987d-930c9a4554e5/C-p7_photo_loop,800,600,550.0,500.0,20.0,750.0,580.0,500.0,470.0,20.0,1 2 7 99,Must have a driver permit & Must have been a conductor at the stage & Must have previous work experience & Other,1.0,1.0,0.0,0.0,0.0,0.0,1.0,1.0,0.0,Good conduct,5.0,Predetermined schedule before the day,Predetermined schedule before the day,,1 2 3 4 5 6 7 99,Chairperson & Vice Chairperson & Secretary & Treasurer & Welfare & Defence & Mobiliser & Other,1.0,1.0,1.0,1.0,1.0,1.0,1.0,0.0,0.0,1.0,0.0,Chief guide,Yes,Yes,5.0,99,Other,0.0,0.0,0.0,0.0,0.0,0.0,1.0,0.0,,,Registered stage member with ID,1 2 6 99,Be a driver & Have a permit/driving license & Need to have been at the stage for ____ years & Other,1.0,1.0,0.0,0.0,0.0,1.0,1.0,0.0,,5,"S.4 certificate for secretary, chairman, vice chairman",media/1725504459262.jpg,media/1725504467369.jpg,2407230723.0,uuid:9beea63e-1fe3-417d-987d-930c9a4554e5,2024-09-05 02:33:15,2024-09-04 22:27:14,2024-09-05 02:32:43,2024-09-04,Respondent_958239,8,Entebbe,71,Entebbe,Nakawa,both
353309090902287,,samsung|SM-G960U|9|SurveyCTO Collect 2.81.2 (3771098),4887,,1.0,35.0,Kalerwe-Ttula-Kidokolo-kizingiza stage,Old Taxi Park,Old Taxi Park,,5 7 9,Joviah & Olivia & Sumaiya,0.0,0.0,0.0,0.0,1.0,0.0,1.0,0.0,1.0,0.0,Kalerwe-Ttula-Kidokolo-kizingiza stage Stage,Branch Leader (but not one of the above),Branch Leader (but not one of the above),,2014.0,1980.0,Founded by drivers who did not belong to an older stage,Founded by drivers who did not belong to an older stage,,,,,,,,,,,,,,,,,,,,media/1724145837096.jpg,1.0,1.0,2,media/1724146791698.jpg,2,uuid:829e2842-4f87-42f1-a2d0-a280c561ca25/B-B3,uuid:829e2842-4f87-42f1-a2d0-a280c561ca25/B-p3_photo_loop,uuid:829e2842-4f87-42f1-a2d0-a280c561ca25/B-B4,uuid:829e2842-4f87-42f1-a2d0-a280c561ca25/B-p4_photo_loop,uuid:829e2842-4f87-42f1-a2d0-a280c561ca25/C-C1,3,uuid:829e2842-4f87-42f1-a2d0-a280c561ca25/C-p5_photo_loop,3,uuid:829e2842-4f87-42f1-a2d0-a280c561ca25/C-R,No,No,,,,,,,,,,,2,uuid:829e2842-4f87-42f1-a2d0-a280c561ca25/C-C9_branch_loop,uuid:829e2842-4f87-42f1-a2d0-a280c561ca25/C-p7_photo_loop,28,30,35.0,99.0,25.0,30.0,40.0,25.0,99.0,30.0,2 4 99,Must have been a conductor at the stage & Must be referred by an existing stage member & Other,0.0,1.0,0.0,1.0,0.0,0.0,0.0,1.0,0.0,"Membership fee, Lc I letter,  passport photos",10.0,"First come, first serve on the day","First come, first serve on the day",,1 2 3 4 5 6 7 9 99,Chairperson & Vice Chairperson & Secretary & Treasurer & Welfare & Defence & Mobiliser & Elder Advisor & Other,1.0,1.0,1.0,1.0,1.0,1.0,1.0,0.0,1.0,1.0,0.0,Communication publicity,Yes,Yes,3.0,1 2 4 6,Be a driver & Have a permit/driving license & No criminal record & Need to have been at the stage for ____ years,1.0,1.0,0.0,1.0,0.0,1.0,0.0,0.0,,10,,1 2 4 6,Be a driver & Have a permit/driving license & No criminal record & Need to have been at the stage for ____ years,1.0,1.0,0.0,1.0,0.0,1.0,0.0,0.0,,10,,media/1724150513947.jpg,media/1724150531288.jpg,2407230723.0,uuid:829e2842-4f87-42f1-a2d0-a280c561ca25,2024-08-20 12:24:53,2024-08-20 05:20:42,2024-08-20 06:59:16,2024-08-20,Respondent_779635,35,Kalerwe / Kalerwe-Ttula-Kidokolo-Kizingiza,40,Kalerwe-Ttula-Kidokolo-Kizingiza,Old Taxi Park,both
357759081484347,,samsung|SM-G955U|9|SurveyCTO Collect 2.81.2 (3771098),2861,,3.0,5.0,Busabala,Old Taxi Park,Old Taxi Park,,5 10,Joviah & Vivian,0.0,0.0,0.0,0.0,1.0,0.0,0.0,0.0,0.0,1.0,Busabala Stage,Elder,Elder,,1998.0,1976.0,Founded by drivers who did not belong to an older stage,Founded by drivers who did not belong to an older stage,,,,,,,,,,,,,,,,,,,,media/1724741799317.jpg,6.0,0.0,6,media/1724741837334.jpg,6,uuid:cc94b418-d9b5-46c2-8117-458210e56362/B-B3,uuid:cc94b418-d9b5-46c2-8117-458210e56362/B-p3_photo_loop,uuid:cc94b418-d9b5-46c2-8117-458210e56362/B-B4,uuid:cc94b418-d9b5-46c2-8117-458210e56362/B-p4_photo_loop,uuid:cc94b418-d9b5-46c2-8117-458210e56362/C-C1,4,uuid:cc94b418-d9b5-46c2-8117-458210e56362/C-p5_photo_loop,4,uuid:cc94b418-d9b5-46c2-8117-458210e56362/C-R,Yes,Yes,1,Not enough passengers,1.0,0.0,0.0,0.0,0.0,0.0,0.0,0.0,6,,,500,280,180.0,30.0,20.0,300.0,280.0,150.0,15.0,20.0,1 2 7,Must have a driver permit & Must have been a conductor at the stage & Must have previous work experience,1.0,1.0,0.0,0.0,0.0,0.0,1.0,0.0,0.0,,4.0,"First come, first serve on the day","First come, first serve on the day",,1 2 3 4 5 6 7 8 9,Chairperson & Vice Chairperson & Secretary & Treasurer & Welfare & Defence & Mobiliser & Stage Master & Elder Advisor,1.0,1.0,1.0,1.0,1.0,1.0,1.0,1.0,1.0,0.0,0.0,,Yes,Yes,5.0,1 2 6 99,Be a driver & Have a permit/driving license & Need to have been at the stage for ____ years & Other,1.0,1.0,0.0,0.0,0.0,1.0,1.0,0.0,,7,Disciplined  Stage card,1 2 3 4 6,Be a driver & Have a permit/driving license & Older than _____ & No criminal record & Need to have been at the stage for ____ years,1.0,1.0,1.0,1.0,0.0,1.0,0.0,0.0,30,10,,media/1724743706609.jpg,media/1724743715300.jpg,2407230723.0,uuid:cc94b418-d9b5-46c2-8117-458210e56362,2024-08-27 10:28:23,2024-08-27 02:55:04,2024-08-27 03:56:51,2024-08-26,Respondent_174895,5,Busabaala,52,Busabaala,Old Taxi Park,both
3e91b3bc962f0796,,TECNO|TECNO KI5k|12|SurveyCTO Collect 2.81.2 (3771098),1862,,3.0,13.0,Namugongo,Bwaise,Bwaise,,1 7,Claire & Olivia,1.0,0.0,0.0,0.0,0.0,0.0,1.0,0.0,0.0,0.0,Namugongo Stage,Other,Other,Stage master,2014.0,1970.0,Founded by drivers who did not belong to an older stage,Founded by drivers who did not belong to an older stage,,,,,,,,,,,,,,,,,,,,media/1728375846302.jpg,3.0,1.0,4,media/1728375866349.jpg,4,uuid:7b1ead81-1cb3-4060-81e0-fdce38664ff5/B-B3,uuid:7b1ead81-1cb3-4060-81e0-fdce38664ff5/B-p3_photo_loop,,,uuid:7b1ead81-1cb3-4060-81e0-fdce38664ff5/C-C1,2,uuid:7b1ead81-1cb3-4060-81e0-fdce38664ff5/C-p5_photo_loop,2,uuid:7b1ead81-1cb3-4060-81e0-fdce38664ff5/C-R,No,No,,,,,,,,,,,4,uuid:7b1ead81-1cb3-4060-81e0-fdce38664ff5/C-C9_branch_loop,uuid:7b1ead81-1cb3-4060-81e0-fdce38664ff5/C-p7_photo_loop,72,80,-99.0,-99.0,15.0,50.0,70.0,-99.0,-99.0,15.0,1 2 7,Must have a driver permit & Must have been a conductor at the stage & Must have previous work experience,1.0,1.0,0.0,0.0,0.0,0.0,1.0,0.0,0.0,,2.0,Other,Other,Predetermined schedule for the 8 vehicles that operate from Bwaise branch and other vehicles from other branches use first come first serve,1 2 3 4 5 6 7 8 9,Chairperson & Vice Chairperson & Secretary & Treasurer & Welfare & Defence & Mobiliser & Stage Master & Elder Advisor,1.0,1.0,1.0,1.0,1.0,1.0,1.0,1.0,1.0,0.0,0.0,,Yes,Yes,5.0,1 2 99,Be a driver & Have a permit/driving license & Other,1.0,1.0,0.0,0.0,0.0,0.0,1.0,0.0,,,Must have been driving at the stage for atleast 3 years,1 2 99,Be a driver & Have a permit/driving license & Other,1.0,1.0,0.0,0.0,0.0,0.0,1.0,0.0,,,Must have been driving at the stage for atleast 3 years,media/1728377186382.jpg,media/1728377197964.jpg,2407230723.0,uuid:7b1ead81-1cb3-4060-81e0-fdce38664ff5,2024-10-08 05:05:43,2024-10-08 04:22:37,2024-10-08 05:00:36,2024-09-14,Respondent_25790,13,Namugongo,133,Namugongo,Bwaise,both
357759081484347,,samsung|SM-G955U|9|SurveyCTO Collect 2.81.2 (3771098),7278,,1.0,73.0,Gayaza B,New Taxi Park,New Taxi Park,,4 5 9,Gerald & Joviah & Sumaiya,0.0,0.0,0.0,1.0,1.0,0.0,0.0,0.0,1.0,0.0,Gayaza B Stage,Chairperson,Chairperson,,1992.0,1990.0,"Originated from an older stage, split off","Originated from an older stage, split off",,Kalerwe,Yes,Yes,8,Old Taxi Park,0.0,0.0,0.0,0.0,0.0,0.0,0.0,1.0,0.0,0.0,0.0,0.0,,media/1726646358740.jpg,1.0,2.0,3,media/1726646383150.jpg,3,uuid:65495d04-4c61-4f90-af08-f1c1c55e1dd7/B-B3,uuid:65495d04-4c61-4f90-af08-f1c1c55e1dd7/B-p3_photo_loop,uuid:65495d04-4c61-4f90-af08-f1c1c55e1dd7/B-B4,uuid:65495d04-4c61-4f90-af08-f1c1c55e1dd7/B-p4_photo_loop,uuid:65495d04-4c61-4f90-af08-f1c1c55e1dd7/C-C1,4,uuid:65495d04-4c61-4f90-af08-f1c1c55e1dd7/C-p5_photo_loop,4,uuid:65495d04-4c61-4f90-af08-f1c1c55e1dd7/C-R,Yes,Yes,6,Drivers don’t want to go,0.0,0.0,0.0,0.0,0.0,1.0,0.0,0.0,3,uuid:65495d04-4c61-4f90-af08-f1c1c55e1dd7/C-C9_branch_loop,,60,70,-99.0,-99.0,42.0,42.0,50.0,-99.0,-99.0,42.0,1 2 3 4 99,Must have a driver permit & Must have been a conductor at the stage & Must be a friend or relative of existing stage member & Must be referred by an existing stage member & Other,1.0,1.0,1.0,1.0,0.0,0.0,0.0,1.0,0.0,Disciplined,10.0,"First come, first serve on the day","First come, first serve on the day",,1 2 3 4 5 6,Chairperson & Vice Chairperson & Secretary & Treasurer & Welfare & Defence,1.0,1.0,1.0,1.0,1.0,1.0,0.0,0.0,0.0,0.0,0.0,,Yes,Yes,3.0,1 2 4 99,Be a driver & Have a permit/driving license & No criminal record & Other,1.0,1.0,0.0,1.0,0.0,0.0,1.0,0.0,,,Be on stage membership list,1 2 6,Be a driver & Have a permit/driving license & Need to have been at the stage for ____ years,1.0,1.0,0.0,0.0,0.0,1.0,0.0,0.0,,5,,media/1726654023506.jpg,media/1726654030320.jpg,2407230723.0,uuid:65495d04-4c61-4f90-af08-f1c1c55e1dd7,2024-09-18 06:51:55,2024-09-18 03:56:18,2024-09-18 06:51:34,2024-09-17,Respondent_274681,73,Gayaza B,98,Gayaza B,New Taxi Park,both
0F717E25-0542-496A-9B46-40D56DB59F40,,Apple|iPhone|17.5.1|SurveyCTO Collect 2.80 (274730),2916,,3.0,5.0,Busabaala,Old Taxi Park,Old Taxi Park,,5 10,Joviah & Vivian,0.0,0.0,0.0,0.0,1.0,0.0,0.0,0.0,0.0,1.0,Busabaala Stage,Elder,Elder,,2001.0,1973.0,Founded by drivers who did not belong to an older stage,Founded by drivers who did not belong to an older stage,,,,,,,,,,,,,,,,,,,,media/1724730438343.jpg,6.0,0.0,6,media/1724730456757.jpg,6,uuid:50a498e0-2433-448d-8c48-5f06562f0559/B-B3,uuid:50a498e0-2433-448d-8c48-5f06562f0559/B-p3_photo_loop,,,uuid:50a498e0-2433-448d-8c48-5f06562f0559/C-C1,2,uuid:50a498e0-2433-448d-8c48-5f06562f0559/C-p5_photo_loop,2,uuid:50a498e0-2433-448d-8c48-5f06562f0559/C-R,Yes,Yes,1,Not enough passengers,1.0,0.0,0.0,0.0,0.0,0.0,0.0,0.0,6,,,500,280,180.0,30.0,40.0,300.0,220.0,150.0,15.0,40.0,1 2 99,Must have a driver permit & Must have been a conductor at the stage & Other,1.0,1.0,0.0,0.0,0.0,0.0,0.0,1.0,0.0,5yrs as a conductor at the stage,3.0,Predetermined schedule before the day,Predetermined schedule before the day,,1 8 99,Chairperson & Stage Master & Other,1.0,0.0,0.0,0.0,0.0,0.0,0.0,1.0,0.0,1.0,0.0,2 guides,No,No,,,,,,,,,,,,,,,,,,,,,,,,,,,,media/1724732343200.jpg,media/1724732349728.jpg,2407230723.0,uuid:50a498e0-2433-448d-8c48-5f06562f0559,2024-08-27 03:50:48,2024-08-26 23:45:47,2024-08-27 03:50:22,2024-08-23,Respondent_820750,5,Busabaala,52,Busabaala,Old Taxi Park,both
2aa80707e1ac7359,,TCL|T610K|13|SurveyCTO Collect 2.81.2 (3771098),2707,,4.0,4.0,Kajjansi,Usafi,Usafi,,5 8 9,Joviah & Rhoda & Sumaiya,0.0,0.0,0.0,0.0,1.0,0.0,0.0,1.0,1.0,0.0,Kajjansi Stage,Secretary,Secretary,,2010.0,1976.0,"Originated from an older stage, split off","Originated from an older stage, split off",,Entebbe,Yes,Yes,8,Old Taxi Park,0.0,0.0,0.0,0.0,0.0,0.0,0.0,1.0,0.0,0.0,0.0,0.0,,media/1721816512289.jpg,2.0,0.0,2,media/1721816547599.jpg,2,uuid:d6d57f97-8472-40f4-bbbc-0dad9bf23bc0/B-B3,uuid:d6d57f97-8472-40f4-bbbc-0dad9bf23bc0/B-p3_photo_loop,,,uuid:d6d57f97-8472-40f4-bbbc-0dad9bf23bc0/C-C1,4,uuid:d6d57f97-8472-40f4-bbbc-0dad9bf23bc0/C-p5_photo_loop,4,uuid:d6d57f97-8472-40f4-bbbc-0dad9bf23bc0/C-R,No,No,,,,,,,,,,,2,,,0,0,0.0,0.0,6.0,0.0,0.0,0.0,0.0,6.0,1 2 7,Must have a driver permit & Must have been a conductor at the stage & Must have previous work experience,1.0,1.0,0.0,0.0,0.0,0.0,1.0,0.0,0.0,,3.0,"First come, first serve on the day","First come, first serve on the day",,1 2 3 4 5 6 7 8 9,Chairperson & Vice Chairperson & Secretary & Treasurer & Welfare & Defence & Mobiliser & Stage Master & Elder Advisor,1.0,1.0,1.0,1.0,1.0,1.0,1.0,1.0,1.0,0.0,0.0,,Yes,Yes,3.0,4 6 99,No criminal record & Need to have been at the stage for ____ years & Other,0.0,0.0,0.0,1.0,0.0,1.0,1.0,0.0,,4,Must have a membership card for the stage,1 2 3 4 5 6,Be a driver & Have a permit/driving license & Older than _____ & No criminal record & Must have a family & Need to have been at the stage for ____ years,1.0,1.0,1.0,1.0,1.0,1.0,0.0,0.0,35,8,,media/1721819172206.jpg,media/1721819185204.jpg,2407230723.0,uuid:d6d57f97-8472-40f4-bbbc-0dad9bf23bc0,2024-07-24 07:17:44,2024-07-24 06:19:36,2024-07-24 07:17:21,2024-07-22,Respondent_821657,4,Kajjansi,4,Kajjansi,Usafi,both
357759081484347,,samsung|SM-G955U|9|SurveyCTO Collect 2.81.2 (3771098),2453,,1.0,76.0,Kawanda-Matugga stage,New Taxi Park,New Taxi Park,,4 5 9,Gerald & Joviah & Sumaiya,0.0,0.0,0.0,1.0,1.0,0.0,0.0,0.0,1.0,0.0,Kawanda-Matugga stage Stage,Secretary,Secretary,,1999.0,1994.0,"Originated from an older stage, split off","Originated from an older stage, split off",,Bwaise Kawempe Maganjo Kawanda Matugga,Yes,Yes,8,Old Taxi Park,0.0,0.0,0.0,0.0,0.0,0.0,0.0,1.0,0.0,0.0,0.0,0.0,,media/1727074345926.jpg,1.0,0.0,1,media/1727074401062.jpg,1,uuid:c0eaef67-a0d7-43d5-8f3a-2f0c4223ea15/B-B3,uuid:c0eaef67-a0d7-43d5-8f3a-2f0c4223ea15/B-p3_photo_loop,,,uuid:c0eaef67-a0d7-43d5-8f3a-2f0c4223ea15/C-C1,1,uuid:c0eaef67-a0d7-43d5-8f3a-2f0c4223ea15/C-p5_photo_loop,1,uuid:c0eaef67-a0d7-43d5-8f3a-2f0c4223ea15/C-R,No,No,,,,,,,,,,,1,,,70,50,40.0,20.0,60.0,70.0,50.0,40.0,15.0,60.0,1 2 7 99,Must have a driver permit & Must have been a conductor at the stage & Must have previous work experience & Other,1.0,1.0,0.0,0.0,0.0,0.0,1.0,1.0,0.0,Disciplined  Follow up for like 6 months while driving on the road,25.0,Predetermined schedule before the day,Predetermined schedule before the day,,1 2 3 5 6 7 9,Chairperson & Vice Chairperson & Secretary & Welfare & Defence & Mobiliser & Elder Advisor,1.0,1.0,1.0,0.0,1.0,1.0,1.0,0.0,1.0,0.0,0.0,,No,No,,,,,,,,,,,,,,,,,,,,,,,,,,,,media/1727076297430.jpg,media/1727076308220.jpg,2407230723.0,uuid:c0eaef67-a0d7-43d5-8f3a-2f0c4223ea15,2024-09-23 03:57:37,2024-09-23 02:50:35,2024-09-23 03:56:59,2024-09-18,Respondent_342018,76,Kawanda-Matugga,106,Kawanda-Matugga,New Taxi Park,both
e912dcc7bdab73f5,,Itel|itel A665L|13|SurveyCTO Collect 2.81.2 (3771098),2639,,5.0,2.0,Namasuba Zzana - Ndejje,Nateete,Nateete,,4 5 9,Gerald & Joviah & Sumaiya,0.0,0.0,0.0,1.0,1.0,0.0,0.0,0.0,1.0,0.0,Namasuba Zzana - Ndejje Stage,Chairperson,Chairperson,,1990.0,1970.0,Founded by drivers who did not belong to an older stage,Founded by drivers who did not belong to an older stage,,,,,,,,,,,,,,,,,,,,media/1725615450893.jpg,7.0,1.0,8,media/1725617817250.jpg,8,uuid:10282bdd-7e73-45af-b026-1215b8d53f2a/B-B3,uuid:10282bdd-7e73-45af-b026-1215b8d53f2a/B-p3_photo_loop,,,uuid:10282bdd-7e73-45af-b026-1215b8d53f2a/C-C1,2,uuid:10282bdd-7e73-45af-b026-1215b8d53f2a/C-p5_photo_loop,2,uuid:10282bdd-7e73-45af-b026-1215b8d53f2a/C-R,No,No,,,,,,,,,,,8,uuid:10282bdd-7e73-45af-b026-1215b8d53f2a/C-C9_branch_loop,uuid:10282bdd-7e73-45af-b026-1215b8d53f2a/C-p7_photo_loop,-99,-99,-99.0,-99.0,14.0,-99.0,-99.0,-99.0,-99.0,14.0,1 99,Must have a driver permit & Other,1.0,0.0,0.0,0.0,0.0,0.0,0.0,1.0,0.0,Good conduct,3.0,"First come, first serve on the day","First come, first serve on the day",,1 2 3 4 5 6 9,Chairperson & Vice Chairperson & Secretary & Treasurer & Welfare & Defence & Elder Advisor,1.0,1.0,1.0,1.0,1.0,1.0,0.0,0.0,1.0,0.0,0.0,,No,No,,,,,,,,,,,,,,,,,,,,,,,,,,,,media/1725617626489.jpg,,2407230723.0,uuid:10282bdd-7e73-45af-b026-1215b8d53f2a,2024-09-06 06:31:20,2024-09-06 05:36:10,2024-09-06 06:23:16,2024-09-06,Respondent_315445,2,Ndejje,75,Namasuba-Zana Ndejje,Nateete,both
2aa80707e1ac7359,,TCL|T610K|13|SurveyCTO Collect 2.81.2 (3771098),828,,1.0,90.0,Busega,Other,Other,Kalerwe,1 8,Claire & Rhoda,1.0,0.0,0.0,0.0,0.0,0.0,0.0,1.0,0.0,0.0,Busega Stage,Elder,Elder,,2011.0,2011.0,Founded by drivers who did not belong to an older stage,Founded by drivers who did not belong to an older stage,,,,,,,,,,,,,,,,,,,,media/1727695614211.jpg,1.0,0.0,1,media/1727695639957.jpg,1,uuid:c68d40ff-605d-40fe-ac7a-83878b016ee1/B-B3,uuid:c68d40ff-605d-40fe-ac7a-83878b016ee1/B-p3_photo_loop,,,uuid:c68d40ff-605d-40fe-ac7a-83878b016ee1/C-C1,1,uuid:c68d40ff-605d-40fe-ac7a-83878b016ee1/C-p5_photo_loop,1,uuid:c68d40ff-605d-40fe-ac7a-83878b016ee1/C-R,No,No,,,,,,,,,,,1,,,35,25,,,28.0,30.0,15.0,,,28.0,1 4 7 99,Must have a driver permit & Must be referred by an existing stage member & Must have previous work experience & Other,1.0,0.0,0.0,1.0,0.0,0.0,1.0,1.0,0.0,Application letter  LC letter  National ID,5.0,"First come, first serve on the day","First come, first serve on the day",,4 9 99,Treasurer & Elder Advisor & Other,0.0,0.0,0.0,1.0,0.0,0.0,0.0,0.0,1.0,1.0,0.0,Councillor,No,No,,,,,,,,,,,,,,,,,,,,,,,,,,,,media/1727696168138.jpg,media/1727696186892.jpg,2407230723.0,uuid:c68d40ff-605d-40fe-ac7a-83878b016ee1,2024-09-30 07:42:40,2024-09-30 07:25:42,2024-09-30 07:41:33,2024-09-30,Respondent_593930,90,Busega,120,Busega,Kalerwe,both
e912dcc7bdab73f5,,Itel|itel A665L|13|SurveyCTO Collect 2.81.2 (3771098),1774,,1.0,76.0,Kawanda matugga stage,New Taxi Park,New Taxi Park,,4 5 9,Gerald & Joviah & Sumaiya,0.0,0.0,0.0,1.0,1.0,0.0,0.0,0.0,1.0,0.0,Kawanda matugga stage Stage,Branch Leader (but not one of the above),Branch Leader (but not one of the above),,1996.0,1996.0,"Originated from an older stage, split off","Originated from an older stage, split off",,Kawempe maganjo kawanda matugga stage,Yes,Yes,8,Old Taxi Park,0.0,0.0,0.0,0.0,0.0,0.0,0.0,1.0,0.0,0.0,0.0,0.0,,media/1727076430152.jpg,1.0,1.0,2,media/1727076471527.jpg,2,uuid:d1c39b7b-14df-4a88-a57e-68710e505116/B-B3,uuid:d1c39b7b-14df-4a88-a57e-68710e505116/B-p3_photo_loop,uuid:d1c39b7b-14df-4a88-a57e-68710e505116/B-B4,uuid:d1c39b7b-14df-4a88-a57e-68710e505116/B-p4_photo_loop,uuid:d1c39b7b-14df-4a88-a57e-68710e505116/C-C1,1,uuid:d1c39b7b-14df-4a88-a57e-68710e505116/C-p5_photo_loop,1,uuid:d1c39b7b-14df-4a88-a57e-68710e505116/C-R,No,No,,,,,,,,,,,2,uuid:d1c39b7b-14df-4a88-a57e-68710e505116/C-C9_branch_loop,uuid:d1c39b7b-14df-4a88-a57e-68710e505116/C-p7_photo_loop,70,60,60.0,10.0,70.0,50.0,40.0,40.0,10.0,50.0,1 2,Must have a driver permit & Must have been a conductor at the stage,1.0,1.0,0.0,0.0,0.0,0.0,0.0,0.0,0.0,,25.0,"First come, first serve on the day","First come, first serve on the day",,1 2 3 4 5 6 8 9,Chairperson & Vice Chairperson & Secretary & Treasurer & Welfare & Defence & Stage Master & Elder Advisor,1.0,1.0,1.0,1.0,1.0,1.0,0.0,1.0,1.0,0.0,0.0,,No,No,,,,,,,,,,,,,,,,,,,,,,,,,,,,media/1727077782008.jpg,media/1727077794541.jpg,2407230723.0,uuid:d1c39b7b-14df-4a88-a57e-68710e505116,2024-09-23 04:05:46,2024-09-23 03:24:38,2024-09-23 03:55:57,2024-09-21,Respondent_814067,76,Kawanda-Matugga,106,Kawanda-Matugga,New Taxi Park,both
357759081484347,,samsung|SM-G955U|9|SurveyCTO Collect 2.81.2 (3771098),2228,,1.0,15.0,Bunamwaya-Mutundwe-Kabuusu-Ngobe,Kisenyi/Gwanda,Kisenyi/Gwanda,,3 5 8,Fatumah & Joviah & Rhoda,0.0,0.0,1.0,0.0,1.0,0.0,0.0,1.0,0.0,0.0,Bunamwaya-Mutundwe-Kabuusu-Ngobe Stage,Chairperson,Chairperson,,1994.0,1982.0,Founded by drivers who did not belong to an older stage,Founded by drivers who did not belong to an older stage,,,,,,,,,,,,,,,,,,,,media/1723631326895.jpg,4.0,1.0,5,media/1723631362885.jpg,5,uuid:a94bb434-6906-4c20-a79c-48decfc05a39/B-B3,uuid:a94bb434-6906-4c20-a79c-48decfc05a39/B-p3_photo_loop,,,uuid:a94bb434-6906-4c20-a79c-48decfc05a39/C-C1,2,uuid:a94bb434-6906-4c20-a79c-48decfc05a39/C-p5_photo_loop,2,uuid:a94bb434-6906-4c20-a79c-48decfc05a39/C-R,No,No,,,,,,,,,,,5,uuid:a94bb434-6906-4c20-a79c-48decfc05a39/C-C9_branch_loop,uuid:a94bb434-6906-4c20-a79c-48decfc05a39/C-p7_photo_loop,174,84,52.0,35.0,40.0,100.0,50.0,30.0,10.0,30.0,1 2 7 99,Must have a driver permit & Must have been a conductor at the stage & Must have previous work experience & Other,1.0,1.0,0.0,0.0,0.0,0.0,1.0,1.0,0.0,LC letter National ID Stage Membership fees,15.0,"First come, first serve on the day","First come, first serve on the day",,1 2 3 4 5 6 7 8 9,Chairperson & Vice Chairperson & Secretary & Treasurer & Welfare & Defence & Mobiliser & Stage Master & Elder Advisor,1.0,1.0,1.0,1.0,1.0,1.0,1.0,1.0,1.0,0.0,0.0,,Yes,Yes,4.0,1 2 3 6 99,Be a driver & Have a permit/driving license & Older than _____ & Need to have been at the stage for ____ years & Other,1.0,1.0,1.0,0.0,0.0,1.0,1.0,0.0,18,5,Be a known stage member,1 2 5 6 99,Be a driver & Have a permit/driving license & Must have a family & Need to have been at the stage for ____ years & Other,1.0,1.0,0.0,0.0,1.0,1.0,1.0,0.0,,5,Disciplined,media/1723632998416.jpg,media/1723633007713.jpg,2407230723.0,uuid:a94bb434-6906-4c20-a79c-48decfc05a39,2024-08-14 07:26:05,2024-08-14 06:27:18,2024-08-14 07:25:49,2024-08-06,Respondent_322286,15,Bunamwaya,33,Bunamwaya-Mutundwe-Kabuusu-Ngobe,Kisenyi/Gwanda,both
357759081484347,,samsung|SM-G955U|9|SurveyCTO Collect 2.81.2 (3771098),1708,,1.0,63.0,Kasubi Nansana Wakiso Kakiri,Nateete,Nateete,,4 5 9,Gerald & Joviah & Sumaiya,0.0,0.0,0.0,1.0,1.0,0.0,0.0,0.0,1.0,0.0,Kasubi Nansana Wakiso Kakiri Stage,Elder,Elder,,2005.0,2005.0,"Originated from an older stage, split off","Originated from an older stage, split off",,Busunju,Yes,Yes,7,New Taxi Park,0.0,0.0,0.0,0.0,0.0,0.0,1.0,0.0,0.0,0.0,0.0,0.0,,media/1725956368235.jpg,1.0,0.0,1,media/1725956382184.jpg,1,uuid:19ad99ab-ba0f-40c5-b81e-a75e1861ab89/B-B3,uuid:19ad99ab-ba0f-40c5-b81e-a75e1861ab89/B-p3_photo_loop,,,uuid:19ad99ab-ba0f-40c5-b81e-a75e1861ab89/C-C1,3,uuid:19ad99ab-ba0f-40c5-b81e-a75e1861ab89/C-p5_photo_loop,3,uuid:19ad99ab-ba0f-40c5-b81e-a75e1861ab89/C-R,No,No,,,,,,,,,,,1,,,60,60,10.0,,20.0,60.0,60.0,10.0,,20.0,1 2 99,Must have a driver permit & Must have been a conductor at the stage & Other,1.0,1.0,0.0,0.0,0.0,0.0,0.0,1.0,0.0,Disciplined  Been at the stage for 10 years,5.0,Predetermined schedule before the day,Predetermined schedule before the day,,1 2 3 4 5 6 7 8 9,Chairperson & Vice Chairperson & Secretary & Treasurer & Welfare & Defence & Mobiliser & Stage Master & Elder Advisor,1.0,1.0,1.0,1.0,1.0,1.0,1.0,1.0,1.0,0.0,0.0,,No,No,,,,,,,,,,,,,,,,,,,,,,,,,,,,media/1725957558430.jpg,,2407230723.0,uuid:19ad99ab-ba0f-40c5-b81e-a75e1861ab89,2024-09-11 04:13:45,2024-09-10 04:15:40,2024-09-11 03:51:17,2024-09-10,Respondent_346275,63,Kasubi Nansana Wakiso Kakiri,82,Kasubi Nansana Wakiso Kakiri,Nateete,both
357759081484347,,samsung|SM-G955U|9|SurveyCTO Collect 2.81.2 (3771098),4831,,1.0,16.0,Lugala-Masanafu,Kisenyi/Gwanda,Kisenyi/Gwanda,,5 7 9,Joviah & Olivia & Sumaiya,0.0,0.0,0.0,0.0,1.0,0.0,1.0,0.0,1.0,0.0,Lugala-Masanafu Stage,Secretary,Secretary,,2012.0,1986.0,Founded by drivers who did not belong to an older stage,Founded by drivers who did not belong to an older stage,,,,,,,,,,,,,,,,,,,,media/1723539450674.jpg,2.0,1.0,3,media/1723539475788.jpg,3,uuid:d57b5ab6-18fe-4e30-a1fb-ceebdaa4cf79/B-B3,uuid:d57b5ab6-18fe-4e30-a1fb-ceebdaa4cf79/B-p3_photo_loop,,,uuid:d57b5ab6-18fe-4e30-a1fb-ceebdaa4cf79/C-C1,5,uuid:d57b5ab6-18fe-4e30-a1fb-ceebdaa4cf79/C-p5_photo_loop,5,uuid:d57b5ab6-18fe-4e30-a1fb-ceebdaa4cf79/C-R,No,No,,,,,,,,,,,3,uuid:d57b5ab6-18fe-4e30-a1fb-ceebdaa4cf79/C-C9_branch_loop,uuid:d57b5ab6-18fe-4e30-a1fb-ceebdaa4cf79/C-p7_photo_loop,247,211,90.0,0.0,117.0,120.0,96.0,76.0,0.0,63.0,1 2 99,Must have a driver permit & Must have been a conductor at the stage & Other,1.0,1.0,0.0,0.0,0.0,0.0,0.0,1.0,0.0,Disciplined at work place,15.0,"First come, first serve on the day","First come, first serve on the day",,1 2 3 4 5 6 7 9,Chairperson & Vice Chairperson & Secretary & Treasurer & Welfare & Defence & Mobiliser & Elder Advisor,1.0,1.0,1.0,1.0,1.0,1.0,1.0,0.0,1.0,0.0,0.0,,Yes,Yes,3.0,1 2 4 99,Be a driver & Have a permit/driving license & No criminal record & Other,1.0,1.0,0.0,1.0,0.0,0.0,1.0,0.0,,,Be a member at the stage,1 2 3 4 5 6 99,Be a driver & Have a permit/driving license & Older than _____ & No criminal record & Must have a family & Need to have been at the stage for ____ years & Other,1.0,1.0,1.0,1.0,1.0,1.0,1.0,0.0,25,25,Have an address,media/1723542354792.jpg,media/1723542364345.jpg,2407230723.0,uuid:d57b5ab6-18fe-4e30-a1fb-ceebdaa4cf79,2024-08-14 02:30:42,2024-08-13 04:55:12,2024-08-13 10:49:15,2024-08-08,Respondent_100931,16,Lugala-Masanafu,28,Lugala-Masanafu,Kisenyi/Gwanda,both
3e91b3bc962f0796,,TECNO|TECNO KI5k|12|SurveyCTO Collect 2.81.2 (3771098),2756,,7.0,8.0,Entebbe,Kibuye,Kibuye,,1 8,Claire & Rhoda,1.0,0.0,0.0,0.0,0.0,0.0,0.0,1.0,0.0,0.0,Entebbe Stage,Elder,Elder,,2004.0,1970.0,Founded by drivers who did not belong to an older stage,Founded by drivers who did not belong to an older stage,,,,,,,,,,,,,,,,,,,,media/1727884456936.jpg,8.0,2.0,10,media/1727884485134.jpg,10,uuid:18be6d37-60e1-4d7e-a1b7-ded4d813646e/B-B3,uuid:18be6d37-60e1-4d7e-a1b7-ded4d813646e/B-p3_photo_loop,,,uuid:18be6d37-60e1-4d7e-a1b7-ded4d813646e/C-C1,2,uuid:18be6d37-60e1-4d7e-a1b7-ded4d813646e/C-p5_photo_loop,2,uuid:18be6d37-60e1-4d7e-a1b7-ded4d813646e/C-R,Yes,Yes,1 99,Not enough passengers & Other,1.0,0.0,0.0,0.0,0.0,0.0,1.0,0.0,10,uuid:18be6d37-60e1-4d7e-a1b7-ded4d813646e/C-C9_branch_loop,uuid:18be6d37-60e1-4d7e-a1b7-ded4d813646e/C-p7_photo_loop,1000,800,750.0,500.0,60.0,600.0,500.0,500.0,400.0,40.0,1 2 7 99,Must have a driver permit & Must have been a conductor at the stage & Must have previous work experience & Other,1.0,1.0,0.0,0.0,0.0,0.0,1.0,1.0,0.0,LC Letter,10.0,"First come, first serve on the day","First come, first serve on the day",,1 2 3 4 5 6 8,Chairperson & Vice Chairperson & Secretary & Treasurer & Welfare & Defence & Stage Master,1.0,1.0,1.0,1.0,1.0,1.0,0.0,1.0,0.0,0.0,0.0,,No,No,,,,,,,,,,,,,,,,,,,,,,,,,,,,media/1727886803973.jpg,media/1727886817772.jpg,2407230723.0,uuid:18be6d37-60e1-4d7e-a1b7-ded4d813646e,2024-10-02 12:40:49,2024-10-02 11:52:34,2024-10-02 12:39:11,2024-10-02,Respondent_646247,8,Entebbe,123,Entebbe,Kibuye,both
e912dcc7bdab73f5,,Itel|itel A665L|13|SurveyCTO Collect 2.81.2 (3771098),1828,,1.0,89.0,Nansana Wakiso stage,Other,Other,Kalerwe,4 5 9,Gerald & Joviah & Sumaiya,0.0,0.0,0.0,1.0,1.0,0.0,0.0,0.0,1.0,0.0,Nansana Wakiso stage Stage,Branch Leader (but not one of the above),Branch Leader (but not one of the above),,2004.0,2004.0,Founded by drivers who did not belong to an older stage,Founded by drivers who did not belong to an older stage,,,,,,,,,,,,,,,,,,,,media/1727693578904.jpg,1.0,0.0,1,media/1727693612770.jpg,1,uuid:d9c06fdb-9b8f-4c94-9bc8-46a0ffd459d8/B-B3,uuid:d9c06fdb-9b8f-4c94-9bc8-46a0ffd459d8/B-p3_photo_loop,,,uuid:d9c06fdb-9b8f-4c94-9bc8-46a0ffd459d8/C-C1,3,uuid:d9c06fdb-9b8f-4c94-9bc8-46a0ffd459d8/C-p5_photo_loop,3,uuid:d9c06fdb-9b8f-4c94-9bc8-46a0ffd459d8/C-R,No,No,,,,,,,,,,,1,,,30,50,20.0,,10.0,10.0,25.0,15.0,,10.0,1 99,Must have a driver permit & Other,1.0,0.0,0.0,0.0,0.0,0.0,0.0,1.0,0.0,Be at the stage for 5 years  LC letter  Membership card,3.0,"First come, first serve on the day","First come, first serve on the day",,99,Other,0.0,0.0,0.0,0.0,0.0,0.0,0.0,0.0,0.0,1.0,0.0,Councilor,Yes,Yes,5.0,99,Other,0.0,0.0,0.0,0.0,0.0,0.0,1.0,0.0,,,Stage membership card,1 2 4 6,Be a driver & Have a permit/driving license & No criminal record & Need to have been at the stage for ____ years,1.0,1.0,0.0,1.0,0.0,1.0,0.0,0.0,,5,,media/1727695250948.jpg,media/1727695270170.jpg,2407230723.0,uuid:d9c06fdb-9b8f-4c94-9bc8-46a0ffd459d8,2024-09-30 07:49:46,2024-09-30 06:50:28,2024-09-30 07:48:06,2024-09-30,Respondent_217685,89,Nansana Wakiso,121,Nansana Wakiso,Kalerwe,both
357759081484347,,samsung|SM-G955U|9|SurveyCTO Collect 2.81.2 (3771098),2480,,6.0,5.0,Busabala,Other,Other,Kategula,4 5 9,Gerald & Joviah & Sumaiya,0.0,0.0,0.0,1.0,1.0,0.0,0.0,0.0,1.0,0.0,Busabala Stage,Other,Other,Vice chairman,1996.0,1970.0,Founded by drivers who did not belong to an older stage,Founded by drivers who did not belong to an older stage,,,,,,,,,,,,,,,,,,,,media/1727961630385.jpg,6.0,2.0,8,media/1727961763967.jpg,8,uuid:9f17c69f-b68a-4b6b-b4a4-adccf8261404/B-B3,uuid:9f17c69f-b68a-4b6b-b4a4-adccf8261404/B-p3_photo_loop,uuid:9f17c69f-b68a-4b6b-b4a4-adccf8261404/B-B4,uuid:9f17c69f-b68a-4b6b-b4a4-adccf8261404/B-p4_photo_loop,uuid:9f17c69f-b68a-4b6b-b4a4-adccf8261404/C-C1,2,uuid:9f17c69f-b68a-4b6b-b4a4-adccf8261404/C-p5_photo_loop,2,uuid:9f17c69f-b68a-4b6b-b4a4-adccf8261404/C-R,Yes,Yes,1 2 6,Not enough passengers & Poor road quality & Drivers don’t want to go,1.0,1.0,0.0,0.0,0.0,1.0,0.0,0.0,8,uuid:9f17c69f-b68a-4b6b-b4a4-adccf8261404/C-C9_branch_loop,uuid:9f17c69f-b68a-4b6b-b4a4-adccf8261404/C-p7_photo_loop,300,150,95.0,30.0,70.0,210.0,100.0,80.0,20.0,60.0,1 2 99,Must have a driver permit & Must have been a conductor at the stage & Other,1.0,1.0,0.0,0.0,0.0,0.0,0.0,1.0,0.0,Disciplined,15.0,"First come, first serve on the day","First come, first serve on the day",,1 2 3 4 5 6 7 8 9,Chairperson & Vice Chairperson & Secretary & Treasurer & Welfare & Defence & Mobiliser & Stage Master & Elder Advisor,1.0,1.0,1.0,1.0,1.0,1.0,1.0,1.0,1.0,0.0,0.0,,No,No,,,,,,,,,,,,,,,,,,,,,,,,,,,,media/1727963876567.jpg,media/1727963882367.jpg,2407230723.0,uuid:9f17c69f-b68a-4b6b-b4a4-adccf8261404,2024-10-03 10:43:06,2024-10-03 09:13:19,2024-10-03 10:42:49,2024-10-03,Respondent_478769,5,Busabaala,125,Busabaala,Kategula,both
357759081484347,,samsung|SM-G955U|9|SurveyCTO Collect 2.81.2 (3771098),2688,,2.0,24.0,Kasanje Nakawuka,New Taxi Park,New Taxi Park,,4 5 9,Gerald & Joviah & Sumaiya,0.0,0.0,0.0,1.0,1.0,0.0,0.0,0.0,1.0,0.0,Kasanje Nakawuka Stage,Elder,Elder,,1997.0,1970.0,Founded by drivers who did not belong to an older stage,Founded by drivers who did not belong to an older stage,,,,,,,,,,,,,,,,,,,,media/1726733764191.jpg,3.0,0.0,3,media/1726733832420.jpg,3,uuid:bf7a59ad-1a5f-495e-a880-4d735fd33fa7/B-B3,uuid:bf7a59ad-1a5f-495e-a880-4d735fd33fa7/B-p3_photo_loop,,,uuid:bf7a59ad-1a5f-495e-a880-4d735fd33fa7/C-C1,3,uuid:bf7a59ad-1a5f-495e-a880-4d735fd33fa7/C-p5_photo_loop,3,uuid:bf7a59ad-1a5f-495e-a880-4d735fd33fa7/C-R,No,No,,,,,,,,,,,3,,,150,100,60.0,10.0,150.0,150.0,70.0,60.0,3.0,150.0,1 3 99,Must have a driver permit & Must be a friend or relative of existing stage member & Other,1.0,0.0,1.0,0.0,0.0,0.0,0.0,1.0,0.0,"LC letter Parents background and approval National ID Driver Pays 6,000,000 Conductor pays 3,000,000 Disciplined",50.0,Predetermined schedule before the day,Predetermined schedule before the day,,1 2 3 4 5 6 7 8 9,Chairperson & Vice Chairperson & Secretary & Treasurer & Welfare & Defence & Mobiliser & Stage Master & Elder Advisor,1.0,1.0,1.0,1.0,1.0,1.0,1.0,1.0,1.0,0.0,0.0,,No,No,,,,,,,,,,,,,,,,,,,,,,,,,,,,media/1726736284945.jpg,media/1726736291359.jpg,2407230723.0,uuid:bf7a59ad-1a5f-495e-a880-4d735fd33fa7,2024-09-19 05:31:25,2024-09-19 04:15:18,2024-09-19 05:31:02,2024-09-19,Respondent_123932,24,Kasanje-Nakawuka,100,Kasanje Nakawuka,New Taxi Park,both
2aa80707e1ac7359,,TCL|T610K|13|SurveyCTO Collect 2.81.2 (3771098),3854,,1.0,37.0,Luzira A - Mutungo - Biina,Old Taxi Park,Old Taxi Park,,1 8,Claire & Rhoda,1.0,0.0,0.0,0.0,0.0,0.0,0.0,1.0,0.0,0.0,Luzira A - Mutungo - Biina Stage,Elder,Elder,,1995.0,1975.0,Founded by drivers who did not belong to an older stage,Founded by drivers who did not belong to an older stage,,,,,,,,,,,,,,,,,,,,media/1724224195794.jpg,1.0,1.0,2,media/1724224237481.jpg,2,uuid:545c2b75-fd86-41ad-b068-a59af5738380/B-B3,uuid:545c2b75-fd86-41ad-b068-a59af5738380/B-p3_photo_loop,uuid:545c2b75-fd86-41ad-b068-a59af5738380/B-B4,uuid:545c2b75-fd86-41ad-b068-a59af5738380/B-p4_photo_loop,uuid:545c2b75-fd86-41ad-b068-a59af5738380/C-C1,4,uuid:545c2b75-fd86-41ad-b068-a59af5738380/C-p5_photo_loop,4,uuid:545c2b75-fd86-41ad-b068-a59af5738380/C-R,Yes,Yes,1 2 4 6,Not enough passengers & Poor road quality & Opposition from other stages & Drivers don’t want to go,1.0,1.0,0.0,1.0,0.0,1.0,0.0,0.0,2,uuid:545c2b75-fd86-41ad-b068-a59af5738380/C-C9_branch_loop,uuid:545c2b75-fd86-41ad-b068-a59af5738380/C-p7_photo_loop,120,70,50.0,120.0,55.0,60.0,40.0,40.0,60.0,40.0,1 2 7 99,Must have a driver permit & Must have been a conductor at the stage & Must have previous work experience & Other,1.0,1.0,0.0,0.0,0.0,0.0,1.0,1.0,0.0,LC letter,10.0,"First come, first serve on the day","First come, first serve on the day",,1 2 3 4 5 6 9,Chairperson & Vice Chairperson & Secretary & Treasurer & Welfare & Defence & Elder Advisor,1.0,1.0,1.0,1.0,1.0,1.0,0.0,0.0,1.0,0.0,0.0,,Yes,Yes,2.0,6 99,Need to have been at the stage for ____ years & Other,0.0,0.0,0.0,0.0,0.0,1.0,1.0,0.0,,5,Must be a stage member,1 2 4 6 99,Be a driver & Have a permit/driving license & No criminal record & Need to have been at the stage for ____ years & Other,1.0,1.0,0.0,1.0,0.0,1.0,1.0,0.0,,10,Secretary and treasurer must have completed at least S. 4 level,media/1724230168492.jpg,media/1724230185723.jpg,2407230723.0,uuid:545c2b75-fd86-41ad-b068-a59af5738380,2024-08-21 05:20:32,2024-08-21 03:07:50,2024-08-21 05:09:04,2024-08-20,Respondent_389352,37,Luzira A,41,Luzira A - Mutungo - Biina,Old Taxi Park,both
665B1D11-2673-4244-885F-7BA73AF1E3C2,,Apple|iPhone|17.3.1|SurveyCTO Collect 2.80 (274730),5254,,1.0,55.0,Mutungo-Biina-Kirombe-Kasokoso,Other,Other,Nakawa,1 3 7,Claire & Fatumah & Olivia,1.0,0.0,1.0,0.0,0.0,0.0,1.0,0.0,0.0,0.0,Mutungo-Biina-Kirombe-Kasokoso Stage,Branch Leader (but not one of the above),Branch Leader (but not one of the above),,2003.0,2003.0,"Originated from an older stage, split off","Originated from an older stage, split off",,Luzira,Yes,Yes,8,Old Taxi Park,0.0,0.0,0.0,0.0,0.0,0.0,0.0,1.0,0.0,0.0,0.0,0.0,,media/1725461678400.jpg,1.0,3.0,4,media/1725461708511.jpg,4,uuid:94ff8b24-8c2d-4f02-9619-0006cae17d70/B-B3,uuid:94ff8b24-8c2d-4f02-9619-0006cae17d70/B-p3_photo_loop,uuid:94ff8b24-8c2d-4f02-9619-0006cae17d70/B-B4,uuid:94ff8b24-8c2d-4f02-9619-0006cae17d70/B-p4_photo_loop,uuid:94ff8b24-8c2d-4f02-9619-0006cae17d70/C-C1,3,uuid:94ff8b24-8c2d-4f02-9619-0006cae17d70/C-p5_photo_loop,3,uuid:94ff8b24-8c2d-4f02-9619-0006cae17d70/C-R,Yes,Yes,3 4 5,Police presence & Opposition from other stages & Hard to get approval from UTOF or KCCA,0.0,0.0,1.0,1.0,1.0,0.0,0.0,0.0,4,uuid:94ff8b24-8c2d-4f02-9619-0006cae17d70/C-C9_branch_loop,uuid:94ff8b24-8c2d-4f02-9619-0006cae17d70/C-p7_photo_loop,36,76,150.0,,20.0,20.0,50.0,130.0,,20.0,1 4 99,Must have a driver permit & Must be referred by an existing stage member & Other,1.0,0.0,0.0,1.0,0.0,0.0,0.0,1.0,0.0,"LC letter, Registration fee (700k)",6.0,"First come, first serve on the day","First come, first serve on the day",,1 2 3 4 5 6 7 9 99,Chairperson & Vice Chairperson & Secretary & Treasurer & Welfare & Defence & Mobiliser & Elder Advisor & Other,1.0,1.0,1.0,1.0,1.0,1.0,1.0,0.0,1.0,1.0,0.0,Sportsperson,Yes,Yes,2.0,99,Other,0.0,0.0,0.0,0.0,0.0,0.0,1.0,0.0,,,Must be a registered stage member,1 2 4 5 6 99,Be a driver & Have a permit/driving license & No criminal record & Must have a family & Need to have been at the stage for ____ years & Other,1.0,1.0,0.0,1.0,1.0,1.0,1.0,0.0,,5,Good conduct,media/1725465838849.jpg,media/1725465846789.jpg,2407230723.0,uuid:94ff8b24-8c2d-4f02-9619-0006cae17d70,2024-09-04 12:23:34,2024-09-04 10:51:05,2024-09-04 12:20:10,2024-09-04,Respondent_790689,55,Mutungo-Biina-Kirombe-Kasokoso,70,Mutungo-Biina-Kirombe-Kasokoso,Nakawa,both
0F717E25-0542-496A-9B46-40D56DB59F40,,Apple|iPhone|17.5.1|SurveyCTO Collect 2.80 (274730),3446,,1.0,38.0,Bweyogerere A-Jokas-Bukasa-Kito-Naguru,Old Taxi Park,Old Taxi Park,,3 4 10,Fatumah & Gerald & Vivian,0.0,0.0,1.0,1.0,0.0,0.0,0.0,0.0,0.0,1.0,Bweyogerere A-Jokas-Bukasa-Kito-Naguru Stage,Chairperson,Chairperson,,2002.0,1989.0,Founded by drivers who did not belong to an older stage,Founded by drivers who did not belong to an older stage,,,,,,,,,,,,,,,,,,,,media/1724208395143.jpg,1.0,3.0,4,media/1724208427482.jpg,4,uuid:36f257b4-155b-4105-8253-f958379c5fb5/B-B3,uuid:36f257b4-155b-4105-8253-f958379c5fb5/B-p3_photo_loop,uuid:36f257b4-155b-4105-8253-f958379c5fb5/B-B4,uuid:36f257b4-155b-4105-8253-f958379c5fb5/B-p4_photo_loop,uuid:36f257b4-155b-4105-8253-f958379c5fb5/C-C1,5,uuid:36f257b4-155b-4105-8253-f958379c5fb5/C-p5_photo_loop,5,uuid:36f257b4-155b-4105-8253-f958379c5fb5/C-R,Yes,Yes,1 2,Not enough passengers & Poor road quality,1.0,1.0,0.0,0.0,0.0,0.0,0.0,0.0,4,uuid:36f257b4-155b-4105-8253-f958379c5fb5/C-C9_branch_loop,uuid:36f257b4-155b-4105-8253-f958379c5fb5/C-p7_photo_loop,110,70,50.0,30.0,110.0,80.0,50.0,35.0,15.0,80.0,2 99,Must have been a conductor at the stage & Other,0.0,1.0,0.0,0.0,0.0,0.0,0.0,1.0,0.0,"Original national ID, LC letter",10.0,"First come, first serve on the day","First come, first serve on the day",,1 2 3 4 5 6 7 8 99,Chairperson & Vice Chairperson & Secretary & Treasurer & Welfare & Defence & Mobiliser & Stage Master & Other,1.0,1.0,1.0,1.0,1.0,1.0,1.0,1.0,0.0,1.0,0.0,Conductor representative,Yes,Yes,3.0,6 99,Need to have been at the stage for ____ years & Other,0.0,0.0,0.0,0.0,0.0,1.0,1.0,0.0,,3,Goo conduct,1 2 6 99,Be a driver & Have a permit/driving license & Need to have been at the stage for ____ years & Other,1.0,1.0,0.0,0.0,0.0,1.0,1.0,0.0,,10,National ID,media/1724211696738.jpg,media/1724211709446.jpg,2407230723.0,uuid:36f257b4-155b-4105-8253-f958379c5fb5,2024-08-22 07:35:10,2024-08-20 22:45:22,2024-08-22 07:30:49,2024-08-20,Respondent_60799,38,Bweyogerere A,43,Bweyogerere A -Jokers - Bukasa -Naguru -Kito,Old Taxi Park,both
2aa80707e1ac7359,,TCL|T610K|13|SurveyCTO Collect 2.81.2 (3771098),2689,,1.0,75.0,Luzira,New Taxi Park,New Taxi Park,,8 10,Rhoda & Vivian,0.0,0.0,0.0,0.0,0.0,0.0,0.0,1.0,0.0,1.0,Luzira Stage,Secretary,Secretary,,1996.0,1995.0,"Originated from an older stage, split off","Originated from an older stage, split off",,Luzira A,Yes,Yes,8,Old Taxi Park,0.0,0.0,0.0,0.0,0.0,0.0,0.0,1.0,0.0,0.0,0.0,0.0,,media/1726916436529.jpg,1.0,3.0,4,media/1726916465694.jpg,4,uuid:ff91a20f-cf93-4cf5-93e5-ee3bf45edf18/B-B3,uuid:ff91a20f-cf93-4cf5-93e5-ee3bf45edf18/B-p3_photo_loop,,,uuid:ff91a20f-cf93-4cf5-93e5-ee3bf45edf18/C-C1,3,uuid:ff91a20f-cf93-4cf5-93e5-ee3bf45edf18/C-p5_photo_loop,3,uuid:ff91a20f-cf93-4cf5-93e5-ee3bf45edf18/C-R,Yes,Yes,99,Other,0.0,0.0,0.0,0.0,0.0,0.0,1.0,0.0,4,uuid:ff91a20f-cf93-4cf5-93e5-ee3bf45edf18/C-C9_branch_loop,uuid:ff91a20f-cf93-4cf5-93e5-ee3bf45edf18/C-p7_photo_loop,35,50,40.0,70.0,16.0,16.0,18.0,20.0,40.0,16.0,1 99,Must have a driver permit & Other,1.0,0.0,0.0,0.0,0.0,0.0,0.0,1.0,0.0,"LC letter  National ID  Membership fee 500,000",4.0,"First come, first serve on the day","First come, first serve on the day",,1 2 3 4 5 6 7 8,Chairperson & Vice Chairperson & Secretary & Treasurer & Welfare & Defence & Mobiliser & Stage Master,1.0,1.0,1.0,1.0,1.0,1.0,1.0,1.0,0.0,0.0,0.0,,No,No,,,,,,,,,,,,,,,,,,,,,,,,,,,,media/1726918334127.jpg,media/1726918344792.jpg,2407230723.0,uuid:ff91a20f-cf93-4cf5-93e5-ee3bf45edf18,2024-09-21 07:50:09,2024-09-21 06:59:24,2024-09-21 07:48:52,2024-09-18,Respondent_154404,75,Luzira,104,Luzira,New Taxi Park,both
0F717E25-0542-496A-9B46-40D56DB59F40,,Apple|iPhone|17.6.1|SurveyCTO Collect 2.80 (274730),1205,,1.0,97.0,Busega-Kyengera-Nsangi-Maya,Bwaise,Bwaise,,8 10,Rhoda & Vivian,0.0,0.0,0.0,0.0,0.0,0.0,0.0,1.0,0.0,1.0,Busega-Kyengera-Nsangi-Maya Stage,Other,Other,Vice chairman,2008.0,1994.0,Founded by drivers who did not belong to an older stage,Founded by drivers who did not belong to an older stage,,,,,,,,,,,,,,,,,,,,media/1728395218274.jpg,2.0,0.0,2,media/1728395237468.jpg,2,uuid:6869834d-22a4-456b-bc27-f7cda9281ed6/B-B3,uuid:6869834d-22a4-456b-bc27-f7cda9281ed6/B-p3_photo_loop,,,uuid:6869834d-22a4-456b-bc27-f7cda9281ed6/C-C1,1,uuid:6869834d-22a4-456b-bc27-f7cda9281ed6/C-p5_photo_loop,1,uuid:6869834d-22a4-456b-bc27-f7cda9281ed6/C-R,Yes,Yes,2,Poor road quality,0.0,1.0,0.0,0.0,0.0,0.0,0.0,0.0,2,,,85,120,70.0,-99.0,15.0,50.0,80.0,60.0,-99.0,10.0,1 2,Must have a driver permit & Must have been a conductor at the stage,1.0,1.0,0.0,0.0,0.0,0.0,0.0,0.0,0.0,,3.0,"First come, first serve on the day","First come, first serve on the day",,1 2 3 4 5 6 7 8,Chairperson & Vice Chairperson & Secretary & Treasurer & Welfare & Defence & Mobiliser & Stage Master,1.0,1.0,1.0,1.0,1.0,1.0,1.0,1.0,0.0,0.0,0.0,,No,No,,,,,,,,,,,,,,,,,,,,,,,,,,,,media/1728395657255.jpg,media/1728395664629.jpg,2407230723.0,uuid:6869834d-22a4-456b-bc27-f7cda9281ed6,2024-10-08 11:18:24,2024-10-08 09:35:24,2024-10-08 11:17:25,2024-10-08,Respondent_740769,97,Busega,135,Busega-Kyengera-Nsangi-Maya,Bwaise,both
0F717E25-0542-496A-9B46-40D56DB59F40,,Apple|iPhone|17.5.1|SurveyCTO Collect 2.80 (274730),1652,,1.0,2.0,Ssembule -Pr.Tom Mutundwe,Usafi,Usafi,,1 3 10,Claire & Fatumah & Vivian,1.0,0.0,1.0,0.0,0.0,0.0,0.0,0.0,0.0,1.0,Ssembule -Pr.Tom Mutundwe  Stage,Elder,Elder,,1999.0,1990.0,Founded by drivers who did not belong to an older stage,Founded by drivers who did not belong to an older stage,,,,,,,,,,,,,,,,,,,,media/1721825405066.jpg,2.0,2.0,4,media/1721825425830.jpg,4,uuid:d66527f3-d55c-4e98-9352-fcb93748932a/B-B3,uuid:d66527f3-d55c-4e98-9352-fcb93748932a/B-p3_photo_loop,,,uuid:d66527f3-d55c-4e98-9352-fcb93748932a/C-C1,4,uuid:d66527f3-d55c-4e98-9352-fcb93748932a/C-p5_photo_loop,4,uuid:d66527f3-d55c-4e98-9352-fcb93748932a/C-R,Yes,Yes,3 6,Police presence & Drivers don’t want to go,0.0,0.0,1.0,0.0,0.0,1.0,0.0,0.0,4,uuid:d66527f3-d55c-4e98-9352-fcb93748932a/C-C9_branch_loop,uuid:d66527f3-d55c-4e98-9352-fcb93748932a/C-p7_photo_loop,0,0,0.0,0.0,60.0,0.0,0.0,0.0,0.0,40.0,99,Other,0.0,0.0,0.0,0.0,0.0,0.0,0.0,1.0,0.0,Pay membership fee of 2million,15.0,"First come, first serve on the day","First come, first serve on the day",,1 2 3 4 5 6 7 8,Chairperson & Vice Chairperson & Secretary & Treasurer & Welfare & Defence & Mobiliser & Stage Master,1.0,1.0,1.0,1.0,1.0,1.0,1.0,1.0,0.0,0.0,0.0,,Yes,Yes,3.0,2 6,Have a permit/driving license & Need to have been at the stage for ____ years,0.0,1.0,0.0,0.0,0.0,1.0,0.0,0.0,,5,,1 2,Be a driver & Have a permit/driving license,1.0,1.0,0.0,0.0,0.0,0.0,0.0,0.0,,,,media/1721826910483.jpg,media/1721826917149.jpg,2407230723.0,uuid:d66527f3-d55c-4e98-9352-fcb93748932a,2024-07-24 09:22:12,2024-07-24 08:48:32,2024-07-24 09:16:03,2024-07-24,Respondent_6869,3,Ssembule / Pastor Tom Mutundwe,3,Ssembule-Pr.Tom Mutundwe,Usafi,both
0F717E25-0542-496A-9B46-40D56DB59F40,,Apple|iPhone|17.6.1|SurveyCTO Collect 2.80 (274730),1421,,1.0,60.0,Busabaala,Nateete,Nateete,,8 10,Rhoda & Vivian,0.0,0.0,0.0,0.0,0.0,0.0,0.0,1.0,0.0,1.0,Busabaala Stage,Other,Other,Vice chairperson,2016.0,2016.0,"Originated from an older stage, split off","Originated from an older stage, split off",,Busabaala,Yes,Yes,8 99,Old Taxi Park & Other,0.0,0.0,0.0,0.0,0.0,0.0,0.0,1.0,0.0,0.0,1.0,0.0,Kategula,media/1726048260298.jpg,1.0,0.0,1,media/1726048280471.jpg,1,uuid:d5de584b-7edd-40aa-921d-57ccf5e17b5d/B-B3,uuid:d5de584b-7edd-40aa-921d-57ccf5e17b5d/B-p3_photo_loop,,,uuid:d5de584b-7edd-40aa-921d-57ccf5e17b5d/C-C1,2,uuid:d5de584b-7edd-40aa-921d-57ccf5e17b5d/C-p5_photo_loop,2,uuid:d5de584b-7edd-40aa-921d-57ccf5e17b5d/C-R,No,No,,,,,,,,,,,1,,,8,8,,,7.0,5.0,5.0,,,5.0,2 99,Must have been a conductor at the stage & Other,0.0,1.0,0.0,0.0,0.0,0.0,0.0,1.0,0.0,Good conduct,-99.0,"First come, first serve on the day","First come, first serve on the day",,1 2 3,Chairperson & Vice Chairperson & Secretary,1.0,1.0,1.0,0.0,0.0,0.0,0.0,0.0,0.0,0.0,0.0,,No,No,,,,,,,,,,,,,,,,,,,,,,,,,,,,media/1726049128332.jpg,media/1726049136941.jpg,2407230723.0,uuid:d5de584b-7edd-40aa-921d-57ccf5e17b5d,2024-09-11 07:52:48,2024-09-11 05:49:08,2024-09-11 06:18:44,2024-09-10,Respondent_694331,60,Busabaala,84,Busabaala,Nateete,both
665B1D11-2673-4244-885F-7BA73AF1E3C2,,Apple|iPhone|17.3.1|SurveyCTO Collect 2.80 (274730),3385,,2.0,20.0,Nateete-Rubaga road-Nalukolongo,Old Taxi Park,Old Taxi Park,,3 7 8,Fatumah & Olivia & Rhoda,0.0,0.0,1.0,0.0,0.0,0.0,1.0,1.0,0.0,0.0,Nateete-Rubaga road-Nalukolongo Stage,Secretary,Secretary,,2000.0,1993.0,"Originated from an older stage, split off","Originated from an older stage, split off",,Kibuye Ndeeba Nateete,Yes,Yes,8,Old Taxi Park,0.0,0.0,0.0,0.0,0.0,0.0,0.0,1.0,0.0,0.0,0.0,0.0,,media/1724493452121.jpg,2.0,1.0,3,media/1724493475385.jpg,3,uuid:eb197e63-a7ec-490b-aa0a-410c12f7eb0a/B-B3,uuid:eb197e63-a7ec-490b-aa0a-410c12f7eb0a/B-p3_photo_loop,uuid:eb197e63-a7ec-490b-aa0a-410c12f7eb0a/B-B4,uuid:eb197e63-a7ec-490b-aa0a-410c12f7eb0a/B-p4_photo_loop,uuid:eb197e63-a7ec-490b-aa0a-410c12f7eb0a/C-C1,2,uuid:eb197e63-a7ec-490b-aa0a-410c12f7eb0a/C-p5_photo_loop,2,uuid:eb197e63-a7ec-490b-aa0a-410c12f7eb0a/C-R,No,No,,,,,,,,,,,3,uuid:eb197e63-a7ec-490b-aa0a-410c12f7eb0a/C-C9_branch_loop,uuid:eb197e63-a7ec-490b-aa0a-410c12f7eb0a/C-p7_photo_loop,30,15,20.0,25.0,20.0,30.0,15.0,20.0,25.0,20.0,1 4 99,Must have a driver permit & Must be referred by an existing stage member & Other,1.0,0.0,0.0,1.0,0.0,0.0,0.0,1.0,0.0,"Must have a National ID, LC letter",15.0,"First come, first serve on the day","First come, first serve on the day",,1 2 3 4 5 6 9,Chairperson & Vice Chairperson & Secretary & Treasurer & Welfare & Defence & Elder Advisor,1.0,1.0,1.0,1.0,1.0,1.0,0.0,0.0,1.0,0.0,0.0,,Yes,Yes,3.0,99,Other,0.0,0.0,0.0,0.0,0.0,0.0,1.0,0.0,,,Must have a membership card,1 2 4 99,Be a driver & Have a permit/driving license & No criminal record & Other,1.0,1.0,0.0,1.0,0.0,0.0,1.0,0.0,,,"Must have a membership card, National ID",media/1724496151016.jpg,media/1724496159989.jpg,2407230723.0,uuid:eb197e63-a7ec-490b-aa0a-410c12f7eb0a,2024-08-24 10:37:57,2024-08-24 05:54:23,2024-08-24 07:02:42,2024-08-24,Respondent_556195,20,Rubaga Road-Nateete / Nateete-Rubaga Road,48,Nateete -Rubaga road- Nalukolongo,Old Taxi Park,both
665B1D11-2673-4244-885F-7BA73AF1E3C2,,Apple|iPhone|17.3.1|SurveyCTO Collect 2.80 (274730),6782,,3.0,3.0,Ssembuule-Pastor Tom - Mutundwe,Old Taxi Park,Old Taxi Park,,3 7 8,Fatumah & Olivia & Rhoda,0.0,0.0,1.0,0.0,0.0,0.0,1.0,1.0,0.0,0.0,Ssembuule-Pastor Tom - Mutundwe Stage,Other,Other,Welfare,2001.0,1981.0,Founded by drivers who did not belong to an older stage,Founded by drivers who did not belong to an older stage,,,,,,,,,,,,,,,,,,,,media/1725086428074.jpg,4.0,0.0,4,media/1725089063049.jpg,4,uuid:7032849e-17ae-4b10-aeb4-f736c0c593f8/B-B3,uuid:7032849e-17ae-4b10-aeb4-f736c0c593f8/B-p3_photo_loop,,,uuid:7032849e-17ae-4b10-aeb4-f736c0c593f8/C-C1,4,uuid:7032849e-17ae-4b10-aeb4-f736c0c593f8/C-p5_photo_loop,4,uuid:7032849e-17ae-4b10-aeb4-f736c0c593f8/C-R,No,No,,,,,,,,,,,4,,,57,300,250.0,-99.0,30.0,30.0,120.0,110.0,-99.0,30.0,1 2 7,Must have a driver permit & Must have been a conductor at the stage & Must have previous work experience,1.0,1.0,0.0,0.0,0.0,0.0,1.0,0.0,0.0,,10.0,"First come, first serve on the day","First come, first serve on the day",,1 2 3 4 5 6 7,Chairperson & Vice Chairperson & Secretary & Treasurer & Welfare & Defence & Mobiliser,1.0,1.0,1.0,1.0,1.0,1.0,1.0,0.0,0.0,0.0,0.0,,Yes,Yes,3.0,99,Other,0.0,0.0,0.0,0.0,0.0,0.0,1.0,0.0,,,Must have a membership card,1 2 4 5 6,Be a driver & Have a permit/driving license & No criminal record & Must have a family & Need to have been at the stage for ____ years,1.0,1.0,0.0,1.0,1.0,1.0,0.0,0.0,,10,,media/1725084376330.jpg,media/1725084390453.jpg,2407230723.0,uuid:7032849e-17ae-4b10-aeb4-f736c0c593f8,2024-08-31 04:53:14,2024-08-30 21:41:59,2024-08-31 03:44:08,2024-08-30,Respondent_611684,3,Ndeeba-Kabuusu-Ssembuule-Pastor Tom-Mutundwe,62,Ndeeba-Kabuusu-Ssembuule-Pastor Tom-Mutundwe,Old Taxi Park,both
3e91b3bc962f0796,,TECNO|TECNO KI5k|12|SurveyCTO Collect 2.81.2 (3771098),4452,,1.0,55.0,Mutungo-Biina-Kirombe-Kasokoso,Other,Other,Nakawa,1 3 7,Claire & Fatumah & Olivia,1.0,0.0,1.0,0.0,0.0,0.0,1.0,0.0,0.0,0.0,Mutungo-Biina-Kirombe-Kasokoso Stage,Chairperson,Chairperson,,1999.0,1999.0,"Originated from an older stage, split off","Originated from an older stage, split off",,Luzira,Yes,Yes,8,Old Taxi Park,0.0,0.0,0.0,0.0,0.0,0.0,0.0,1.0,0.0,0.0,0.0,0.0,,media/1725461553900.jpg,2.0,2.0,4,media/1725461575377.jpg,4,uuid:309d3627-48d8-498b-abdd-e862a434c74f/B-B3,uuid:309d3627-48d8-498b-abdd-e862a434c74f/B-p3_photo_loop,uuid:309d3627-48d8-498b-abdd-e862a434c74f/B-B4,uuid:309d3627-48d8-498b-abdd-e862a434c74f/B-p4_photo_loop,uuid:309d3627-48d8-498b-abdd-e862a434c74f/C-C1,3,uuid:309d3627-48d8-498b-abdd-e862a434c74f/C-p5_photo_loop,3,uuid:309d3627-48d8-498b-abdd-e862a434c74f/C-R,Yes,Yes,1 2 4 6,Not enough passengers & Poor road quality & Opposition from other stages & Drivers don’t want to go,1.0,1.0,0.0,1.0,0.0,1.0,0.0,0.0,4,uuid:309d3627-48d8-498b-abdd-e862a434c74f/C-C9_branch_loop,uuid:309d3627-48d8-498b-abdd-e862a434c74f/C-p7_photo_loop,110,300,500.0,80.0,68.0,70.0,80.0,250.0,20.0,45.0,1 4 99,Must have a driver permit & Must be referred by an existing stage member & Other,1.0,0.0,0.0,1.0,0.0,0.0,0.0,1.0,0.0,LC letter  Registration fees,30.0,"First come, first serve on the day","First come, first serve on the day",,1 2 3 4 5 6 7 9 99,Chairperson & Vice Chairperson & Secretary & Treasurer & Welfare & Defence & Mobiliser & Elder Advisor & Other,1.0,1.0,1.0,1.0,1.0,1.0,1.0,0.0,1.0,1.0,0.0,Sportsperson,Yes,Yes,2.0,1 2,Be a driver & Have a permit/driving license,1.0,1.0,0.0,0.0,0.0,0.0,0.0,0.0,,,,1 2 4 99,Be a driver & Have a permit/driving license & No criminal record & Other,1.0,1.0,0.0,1.0,0.0,0.0,1.0,0.0,,,Good conduct  Secretary must have completed at least S.4 Chairman must have been at the stage for at least 5 years,media/1725465256131.jpg,media/1725465267626.jpg,2407230723.0,uuid:309d3627-48d8-498b-abdd-e862a434c74f,2024-09-04 12:21:20,2024-09-04 10:50:36,2024-09-04 12:16:52,2024-09-04,Respondent_290364,55,Mutungo-Biina-Kirombe-Kasokoso,70,Mutungo-Biina-Kirombe-Kasokoso,Nakawa,both
2aa80707e1ac7359,,TCL|T610K|13|SurveyCTO Collect 2.81.2 (3771098),1873,,3.0,23.0,Mengo-Rubaga-Kosovo-Lungujja,New Taxi Park,New Taxi Park,,8 10,Rhoda & Vivian,0.0,0.0,0.0,0.0,0.0,0.0,0.0,1.0,0.0,1.0,Mengo-Rubaga-Kosovo-Lungujja Stage,Secretary,Secretary,,1992.0,1980.0,Founded by drivers who did not belong to an older stage,Founded by drivers who did not belong to an older stage,,,,,,,,,,,,,,,,,,,,media/1726500880107.jpg,3.0,0.0,3,media/1726500900405.jpg,3,uuid:4b48bf6d-89aa-4484-9738-41b2424995f2/B-B3,uuid:4b48bf6d-89aa-4484-9738-41b2424995f2/B-p3_photo_loop,,,uuid:4b48bf6d-89aa-4484-9738-41b2424995f2/C-C1,2,uuid:4b48bf6d-89aa-4484-9738-41b2424995f2/C-p5_photo_loop,2,uuid:4b48bf6d-89aa-4484-9738-41b2424995f2/C-R,No,No,,,,,,,,,,,3,,,100,200,300.0,300.0,80.0,40.0,150.0,250.0,140.0,40.0,1 2 99,Must have a driver permit & Must have been a conductor at the stage & Other,1.0,1.0,0.0,0.0,0.0,0.0,0.0,1.0,0.0,LC letter,6.0,"First come, first serve on the day","First come, first serve on the day",,1 2 3 4 5 6 7 9,Chairperson & Vice Chairperson & Secretary & Treasurer & Welfare & Defence & Mobiliser & Elder Advisor,1.0,1.0,1.0,1.0,1.0,1.0,1.0,0.0,1.0,0.0,0.0,,Yes,Yes,5.0,99,Other,0.0,0.0,0.0,0.0,0.0,0.0,1.0,0.0,,,Member at the stage with stage ID,1 2 99,Be a driver & Have a permit/driving license & Other,1.0,1.0,0.0,0.0,0.0,0.0,1.0,0.0,,,Morale conduct,media/1726487552919.jpg,media/1726487564893.jpg,2407230723.0,uuid:4b48bf6d-89aa-4484-9738-41b2424995f2,2024-09-17 02:31:24,2024-09-16 07:35:19,2024-09-17 02:29:52,2024-09-16,Respondent_177349,23,Mengo-Rubaga-Kosovo-Lusaze,95,Mengo-Rubaga-Kosovo-Lungujja,New Taxi Park,both
0F717E25-0542-496A-9B46-40D56DB59F40,,Apple|iPhone|17.6.1|SurveyCTO Collect 2.80 (274730),2096,,1.0,59.0,Makindye-Salaama-Munyonyo,Nateete,Nateete,,8 10,Rhoda & Vivian,0.0,0.0,0.0,0.0,0.0,0.0,0.0,1.0,0.0,1.0,Makindye-Salaama-Munyonyo Stage,Treasurer,Treasurer,,2010.0,2010.0,"Originated from an older stage, split off","Originated from an older stage, split off",,Kibuye-Salaama,No,No,,,,,,,,,,,,,,,,media/1725961481259.jpg,1.0,0.0,1,media/1725961499539.jpg,1,uuid:4c2a3af6-7fe7-4608-8b47-fd70c80edbf3/B-B3,uuid:4c2a3af6-7fe7-4608-8b47-fd70c80edbf3/B-p3_photo_loop,,,uuid:4c2a3af6-7fe7-4608-8b47-fd70c80edbf3/C-C1,3,uuid:4c2a3af6-7fe7-4608-8b47-fd70c80edbf3/C-p5_photo_loop,3,uuid:4c2a3af6-7fe7-4608-8b47-fd70c80edbf3/C-R,No,No,,,,,,,,,,,1,,,21,22,22.0,,3.0,8.0,8.0,8.0,,3.0,1 99,Must have a driver permit & Other,1.0,0.0,0.0,0.0,0.0,0.0,0.0,1.0,0.0,Must come with a vehicle,2.0,"First come, first serve on the day","First come, first serve on the day",,1 2 3 4 6,Chairperson & Vice Chairperson & Secretary & Treasurer & Defence,1.0,1.0,1.0,1.0,0.0,1.0,0.0,0.0,0.0,0.0,0.0,,No,No,,,,,,,,,,,,,,,,,,,,,,,,,,,,media/1725962702223.jpg,media/1725962711223.jpg,2407230723.0,uuid:4c2a3af6-7fe7-4608-8b47-fd70c80edbf3,2024-09-10 08:44:14,2024-09-10 05:41:00,2024-09-10 06:25:25,2024-09-06,Respondent_617252,59,Makindye -Salaama - Munyonyo,80,Makindye -Salaama - Munyonyo,Nateete,both
0F717E25-0542-496A-9B46-40D56DB59F40,,Apple|iPhone|17.6.1|SurveyCTO Collect 2.80 (274730),2275,,1.0,93.0,Kira-Bulindo,Other,Other,Kireka,7 10,Olivia & Vivian,0.0,0.0,0.0,0.0,0.0,0.0,1.0,0.0,0.0,1.0,Kira-Bulindo Stage,Other,Other,Assistant welfare,1995.0,1992.0,Founded by drivers who did not belong to an older stage,Founded by drivers who did not belong to an older stage,,,,,,,,,,,,,,,,,,,,media/1728032969966.jpg,1.0,1.0,2,media/1728032990435.jpg,2,uuid:4746433e-ca3b-4518-a5ed-1db144b3ca59/B-B3,uuid:4746433e-ca3b-4518-a5ed-1db144b3ca59/B-p3_photo_loop,,,uuid:4746433e-ca3b-4518-a5ed-1db144b3ca59/C-C1,1,uuid:4746433e-ca3b-4518-a5ed-1db144b3ca59/C-p5_photo_loop,1,uuid:4746433e-ca3b-4518-a5ed-1db144b3ca59/C-R,Yes,Yes,1 2,Not enough passengers & Poor road quality,1.0,1.0,0.0,0.0,0.0,0.0,0.0,0.0,2,uuid:4746433e-ca3b-4518-a5ed-1db144b3ca59/C-C9_branch_loop,uuid:4746433e-ca3b-4518-a5ed-1db144b3ca59/C-p7_photo_loop,50,80,25.0,2.0,30.0,15.0,30.0,10.0,2.0,15.0,1 4 99,Must have a driver permit & Must be referred by an existing stage member & Other,1.0,0.0,0.0,1.0,0.0,0.0,0.0,1.0,0.0,"LC letter, National ID, membership fee (300k), No criminal record",12.0,"First come, first serve on the day","First come, first serve on the day",,5 99,Welfare & Other,0.0,0.0,0.0,0.0,1.0,0.0,0.0,0.0,0.0,1.0,0.0,"Guide, Enforcement",Yes,Yes,5.0,99,Other,0.0,0.0,0.0,0.0,0.0,0.0,1.0,0.0,,,Stage ID,1 6,Be a driver & Need to have been at the stage for ____ years,1.0,0.0,0.0,0.0,0.0,1.0,0.0,0.0,,10,,media/1728035020726.jpg,media/1728035027751.jpg,2407230723.0,uuid:4746433e-ca3b-4518-a5ed-1db144b3ca59,2024-10-05 08:55:13,2024-10-04 05:06:12,2024-10-05 08:54:44,2024-10-04,Respondent_207186,93,Kira-Bulindo,130,Kira-Bulindo,Kireka,both
e912dcc7bdab73f5,,Itel|itel A665L|13|SurveyCTO Collect 2.81.2 (3771098),2530,,1.0,54.0,Namugongo - Jokas - Mbuya - Bukasa,Other,Other,Nakawa,3 4 10,Fatumah & Gerald & Vivian,0.0,0.0,1.0,1.0,0.0,0.0,0.0,0.0,0.0,1.0,Namugongo - Jokas - Mbuya - Bukasa Stage,Branch Leader (but not one of the above),Branch Leader (but not one of the above),,2000.0,2000.0,Founded by drivers who did not belong to an older stage,Founded by drivers who did not belong to an older stage,,,,,,,,,,,,,,,,,,,,media/1725429643636.jpg,1.0,0.0,1,media/1725429673614.jpg,1,uuid:8de356cd-92cd-43b1-9feb-7a4d9355f0fb/B-B3,uuid:8de356cd-92cd-43b1-9feb-7a4d9355f0fb/B-p3_photo_loop,,,uuid:8de356cd-92cd-43b1-9feb-7a4d9355f0fb/C-C1,3,uuid:8de356cd-92cd-43b1-9feb-7a4d9355f0fb/C-p5_photo_loop,3,uuid:8de356cd-92cd-43b1-9feb-7a4d9355f0fb/C-R,Yes,Yes,4,Opposition from other stages,0.0,0.0,0.0,1.0,0.0,0.0,0.0,0.0,1,,,50,80,80.0,85.0,30.0,28.0,70.0,70.0,60.0,27.0,1 2 99,Must have a driver permit & Must have been a conductor at the stage & Other,1.0,1.0,0.0,0.0,0.0,0.0,0.0,1.0,0.0,"National ID, LC letter",5.0,"First come, first serve on the day","First come, first serve on the day",,1 2 3 4 5 6 7 9 99,Chairperson & Vice Chairperson & Secretary & Treasurer & Welfare & Defence & Mobiliser & Elder Advisor & Other,1.0,1.0,1.0,1.0,1.0,1.0,1.0,0.0,1.0,1.0,0.0,Ethics leader,No,No,,,,,,,,,,,,,,,,,,,,,,,,,,,,media/1725431769238.jpg,media/1725431777859.jpg,2407230723.0,uuid:8de356cd-92cd-43b1-9feb-7a4d9355f0fb,2024-09-04 05:01:28,2024-09-04 01:58:46,2024-09-04 02:41:45,2024-09-03,Respondent_430061,54,Namugongo,69,Namugongo - Jokas - Mbuya - Bukasa,Nakawa,both
357759081484347,,samsung|SM-G955U|9|SurveyCTO Collect 2.81.2 (3771098),2188,,2.0,26.0,Kawempe Maganjo Kagoma Kazo Lugoba,New Taxi Park,New Taxi Park,,4 5 9,Gerald & Joviah & Sumaiya,0.0,0.0,0.0,1.0,1.0,0.0,0.0,0.0,1.0,0.0,Kawempe Maganjo Kagoma Kazo Lugoba Stage,Elder,Elder,,1994.0,1994.0,"Originated from an older stage, split off","Originated from an older stage, split off",,Kawempe,Yes,Yes,8,Old Taxi Park,0.0,0.0,0.0,0.0,0.0,0.0,0.0,1.0,0.0,0.0,0.0,0.0,,media/1726484526693.jpg,2.0,0.0,2,media/1726484553610.jpg,2,uuid:119238a1-ee3c-40ef-b697-71531fcd53db/B-B3,uuid:119238a1-ee3c-40ef-b697-71531fcd53db/B-p3_photo_loop,,,uuid:119238a1-ee3c-40ef-b697-71531fcd53db/C-C1,4,uuid:119238a1-ee3c-40ef-b697-71531fcd53db/C-p5_photo_loop,4,uuid:119238a1-ee3c-40ef-b697-71531fcd53db/C-R,Yes,Yes,1,Not enough passengers,1.0,0.0,0.0,0.0,0.0,0.0,0.0,0.0,2,,,70,35,20.0,45.0,35.0,245.0,30.0,10.0,45.0,35.0,1 2 99,Must have a driver permit & Must have been a conductor at the stage & Other,1.0,1.0,0.0,0.0,0.0,0.0,0.0,1.0,0.0,Disciplined,10.0,Predetermined schedule before the day,Predetermined schedule before the day,,1 2 3 4 5 6 7 9,Chairperson & Vice Chairperson & Secretary & Treasurer & Welfare & Defence & Mobiliser & Elder Advisor,1.0,1.0,1.0,1.0,1.0,1.0,1.0,0.0,1.0,0.0,0.0,,No,No,,,,,,,,,,,,,,,,,,,,,,,,,,,,media/1726487757647.jpg,media/1726487764265.jpg,2407230723.0,uuid:119238a1-ee3c-40ef-b697-71531fcd53db,2024-09-16 12:45:05,2024-09-16 07:00:46,2024-09-16 12:43:09,2024-09-16,Respondent_207560,26,Kawempe,94,Kawempe maganjo kagoma kazo Lugoba,New Taxi Park,both
0F717E25-0542-496A-9B46-40D56DB59F40,,Apple|iPhone|17.6.1|SurveyCTO Collect 2.80 (274730),1145,,3.0,24.0,Kasanje-Nakawuka,Bwaise,Bwaise,,8 10,Rhoda & Vivian,0.0,0.0,0.0,0.0,0.0,0.0,0.0,1.0,0.0,1.0,Kasanje-Nakawuka Stage,Other,Other,Stage master/ Guide,1996.0,1989.0,Founded by drivers who did not belong to an older stage,Founded by drivers who did not belong to an older stage,,,,,,,,,,,,,,,,,,,,media/1728460254009.jpg,3.0,1.0,4,media/1728460274993.jpg,4,uuid:b1a86c03-a030-4936-9b52-c32b49280955/B-B3,uuid:b1a86c03-a030-4936-9b52-c32b49280955/B-p3_photo_loop,,,uuid:b1a86c03-a030-4936-9b52-c32b49280955/C-C1,1,uuid:b1a86c03-a030-4936-9b52-c32b49280955/C-p5_photo_loop,1,uuid:b1a86c03-a030-4936-9b52-c32b49280955/C-R,Yes,Yes,2,Poor road quality,0.0,1.0,0.0,0.0,0.0,0.0,0.0,0.0,4,uuid:b1a86c03-a030-4936-9b52-c32b49280955/C-C9_branch_loop,uuid:b1a86c03-a030-4936-9b52-c32b49280955/C-p7_photo_loop,152,150,-99.0,-99.0,8.0,45.0,45.0,-99.0,-99.0,8.0,1 2 99,Must have a driver permit & Must have been a conductor at the stage & Other,1.0,1.0,0.0,0.0,0.0,0.0,0.0,1.0,0.0,LC letter,0.0,Predetermined schedule before the day,Predetermined schedule before the day,,1 2 3 4 5 6 7 8 9,Chairperson & Vice Chairperson & Secretary & Treasurer & Welfare & Defence & Mobiliser & Stage Master & Elder Advisor,1.0,1.0,1.0,1.0,1.0,1.0,1.0,1.0,1.0,0.0,0.0,,Yes,Yes,5.0,1 2,Be a driver & Have a permit/driving license,1.0,1.0,0.0,0.0,0.0,0.0,0.0,0.0,,,,1 2 6,Be a driver & Have a permit/driving license & Need to have been at the stage for ____ years,1.0,1.0,0.0,0.0,0.0,1.0,0.0,0.0,,7,,media/1728461160876.jpg,media/1728461171510.jpg,2407230723.0,uuid:b1a86c03-a030-4936-9b52-c32b49280955,2024-10-09 12:03:01,2024-10-09 03:47:37,2024-10-09 04:07:45,2024-10-09,Respondent_370544,24,Kasanje-Nakawuka,138,Kasanje-Nakawuka,Bwaise,both
665B1D11-2673-4244-885F-7BA73AF1E3C2,,Apple|iPhone|17.3.1|SurveyCTO Collect 2.80 (274730),2511,,6.0,8.0,Entebbe stage,Other,Other,Kalerwe Mambule,7 10,Olivia & Vivian,0.0,0.0,0.0,0.0,0.0,0.0,1.0,0.0,0.0,1.0,Entebbe stage Stage,Other,Other,Defence,2009.0,1970.0,Founded by drivers who did not belong to an older stage,Founded by drivers who did not belong to an older stage,,,,,,,,,,,,,,,,,,,,media/1727694712783.jpg,8.0,2.0,10,media/1727694732054.jpg,10,uuid:a63b5ec2-c8a7-4780-9610-eb9c975337d4/B-B3,uuid:a63b5ec2-c8a7-4780-9610-eb9c975337d4/B-p3_photo_loop,,,uuid:a63b5ec2-c8a7-4780-9610-eb9c975337d4/C-C1,2,uuid:a63b5ec2-c8a7-4780-9610-eb9c975337d4/C-p5_photo_loop,2,uuid:a63b5ec2-c8a7-4780-9610-eb9c975337d4/C-R,Yes,Yes,1,Not enough passengers,1.0,0.0,0.0,0.0,0.0,0.0,0.0,0.0,10,uuid:a63b5ec2-c8a7-4780-9610-eb9c975337d4/C-C9_branch_loop,uuid:a63b5ec2-c8a7-4780-9610-eb9c975337d4/C-p7_photo_loop,800,600,500.0,-99.0,40.0,600.0,500.0,400.0,-99.0,30.0,1 2 99,Must have a driver permit & Must have been a conductor at the stage & Other,1.0,1.0,0.0,0.0,0.0,0.0,0.0,1.0,0.0,"LC letter, National ID",5.0,Predetermined schedule before the day,Predetermined schedule before the day,,1 2 3 6,Chairperson & Vice Chairperson & Secretary & Defence,1.0,1.0,1.0,0.0,0.0,1.0,0.0,0.0,0.0,0.0,0.0,,No,No,,,,,,,,,,,,,,,,,,,,,,,,,,,,media/1727696889699.jpg,media/1727696900201.jpg,2407230723.0,uuid:a63b5ec2-c8a7-4780-9610-eb9c975337d4,2024-09-30 15:39:48,2024-09-30 07:09:57,2024-09-30 08:02:15,2024-09-30,Respondent_859894,8,Entebbe,122,Entebbe,Kalerwe,both
357759081484347,,samsung|SM-G955U|9|SurveyCTO Collect 2.81.2 (3771098),2532,,1.0,24.0,Kasanje Nakawuka,Kisenyi/Gwanda,Kisenyi/Gwanda,,5 7 9,Joviah & Olivia & Sumaiya,0.0,0.0,0.0,0.0,1.0,0.0,1.0,0.0,1.0,0.0,Kasanje Nakawuka Stage,Elder,Elder,,2009.0,1992.0,"Originated from an older stage, split off","Originated from an older stage, split off",,Nateete,Yes,Yes,6,Nateete,0.0,0.0,0.0,0.0,0.0,1.0,0.0,0.0,0.0,0.0,0.0,0.0,,media/1723623030494.jpg,2.0,1.0,3,media/1723623054445.jpg,3,uuid:c1f477f1-82e1-4e45-8fea-c1a04f0a9d0b/B-B3,uuid:c1f477f1-82e1-4e45-8fea-c1a04f0a9d0b/B-p3_photo_loop,,,uuid:c1f477f1-82e1-4e45-8fea-c1a04f0a9d0b/C-C1,1,uuid:c1f477f1-82e1-4e45-8fea-c1a04f0a9d0b/C-p5_photo_loop,1,uuid:c1f477f1-82e1-4e45-8fea-c1a04f0a9d0b/C-R,No,No,,,,,,,,,,,3,uuid:c1f477f1-82e1-4e45-8fea-c1a04f0a9d0b/C-C9_branch_loop,,300,40,60.0,0.0,40.0,120.0,80.0,70.0,0.0,37.0,2 99,Must have been a conductor at the stage & Other,0.0,1.0,0.0,0.0,0.0,0.0,0.0,1.0,0.0,"Pay stage fees of 3,000,000 Disciplined  National ID",32.0,Predetermined schedule before the day,Predetermined schedule before the day,,1 2 3 4 5 6 7 8 9,Chairperson & Vice Chairperson & Secretary & Treasurer & Welfare & Defence & Mobiliser & Stage Master & Elder Advisor,1.0,1.0,1.0,1.0,1.0,1.0,1.0,1.0,1.0,0.0,0.0,,Yes,Yes,5.0,1 2 4 99,Be a driver & Have a permit/driving license & No criminal record & Other,1.0,1.0,0.0,1.0,0.0,0.0,1.0,0.0,,,Be on a membership chart,1 2 4 5 6 99,Be a driver & Have a permit/driving license & No criminal record & Must have a family & Need to have been at the stage for ____ years & Other,1.0,1.0,0.0,1.0,1.0,1.0,1.0,0.0,,8,Address Disciplined,media/1723624954443.jpg,media/1723624964905.jpg,2407230723.0,uuid:c1f477f1-82e1-4e45-8fea-c1a04f0a9d0b,2024-08-14 05:07:12,2024-08-14 04:07:43,2024-08-14 05:06:51,2024-08-13,Respondent_682041,24,Kasanje-Nakawuka,32,Kasanje-Nakawuka,Kisenyi/Gwanda,both
665B1D11-2673-4244-885F-7BA73AF1E3C2,,Apple|iPhone|17.3.1|SurveyCTO Collect 2.80 (274730),2740,,1.0,56.0,Luzira-Bugolobi-Kitintale,Other,Other,Nakawa,1 3 7,Claire & Fatumah & Olivia,1.0,0.0,1.0,0.0,0.0,0.0,1.0,0.0,0.0,0.0,Luzira-Bugolobi-Kitintale Stage,Chairperson,Chairperson,,1998.0,1989.0,"Originated from an older stage, split off","Originated from an older stage, split off",,Luzira A,Yes,Yes,8,Old Taxi Park,0.0,0.0,0.0,0.0,0.0,0.0,0.0,1.0,0.0,0.0,0.0,0.0,,media/1725527522233.jpg,1.0,1.0,2,media/1725527548843.jpg,2,uuid:ad6a1dc1-065b-42a5-b387-3115a7fb9213/B-B3,uuid:ad6a1dc1-065b-42a5-b387-3115a7fb9213/B-p3_photo_loop,,,uuid:ad6a1dc1-065b-42a5-b387-3115a7fb9213/C-C1,2,uuid:ad6a1dc1-065b-42a5-b387-3115a7fb9213/C-p5_photo_loop,2,uuid:ad6a1dc1-065b-42a5-b387-3115a7fb9213/C-R,Yes,Yes,1,Not enough passengers,1.0,0.0,0.0,0.0,0.0,0.0,0.0,0.0,2,uuid:ad6a1dc1-065b-42a5-b387-3115a7fb9213/C-C9_branch_loop,uuid:ad6a1dc1-065b-42a5-b387-3115a7fb9213/C-p7_photo_loop,60,250,100.0,20.0,40.0,30.0,80.0,50.0,15.0,30.0,1 4 7 99,Must have a driver permit & Must be referred by an existing stage member & Must have previous work experience & Other,1.0,0.0,0.0,1.0,0.0,0.0,1.0,1.0,0.0,"Must have an LC letter, National ID, Registration fee",5.0,"First come, first serve on the day","First come, first serve on the day",,1 3 4 5 6 9,Chairperson & Secretary & Treasurer & Welfare & Defence & Elder Advisor,1.0,0.0,1.0,1.0,1.0,1.0,0.0,0.0,1.0,0.0,0.0,,No,No,,,,,,,,,,,,,,,,,,,,,,,,,,,,media/1725529537821.jpg,media/1725529549825.jpg,2407230723.0,uuid:ad6a1dc1-065b-42a5-b387-3115a7fb9213,2024-09-05 06:40:08,2024-09-05 05:08:07,2024-09-05 05:54:47,2024-09-05,Respondent_647891,56,Luzira-Bugolobi-Kitintale,74,Luzira - Bugolobi - Kitintale,Nakawa,both
3e91b3bc962f0796,,TECNO|TECNO KI5k|12|SurveyCTO Collect 2.81.2 (3771098),2985,,1.0,48.0,Kinawataka-Mbuya,Old Taxi Park,Old Taxi Park,,1 4 9,Claire & Gerald & Sumaiya,1.0,0.0,0.0,1.0,0.0,0.0,0.0,0.0,1.0,0.0,Kinawataka-Mbuya Stage,Branch Leader (but not one of the above),Branch Leader (but not one of the above),,2004.0,1998.0,"Originated from an older stage, split off","Originated from an older stage, split off",,Bweyogerere A,Yes,Yes,8,Old Taxi Park,0.0,0.0,0.0,0.0,0.0,0.0,0.0,1.0,0.0,0.0,0.0,0.0,,media/1725083820746.jpg,1.0,1.0,2,media/1725083886419.jpg,2,uuid:c3675fb1-78c4-4663-9d19-80920eea0c3b/B-B3,uuid:c3675fb1-78c4-4663-9d19-80920eea0c3b/B-p3_photo_loop,,,uuid:c3675fb1-78c4-4663-9d19-80920eea0c3b/C-C1,1,uuid:c3675fb1-78c4-4663-9d19-80920eea0c3b/C-p5_photo_loop,1,uuid:c3675fb1-78c4-4663-9d19-80920eea0c3b/C-R,No,No,,,,,,,,,,,2,uuid:c3675fb1-78c4-4663-9d19-80920eea0c3b/C-C9_branch_loop,uuid:c3675fb1-78c4-4663-9d19-80920eea0c3b/C-p7_photo_loop,31,57,70.0,-99.0,25.0,20.0,-99.0,-99.0,-99.0,20.0,1 2 4 7 99,Must have a driver permit & Must have been a conductor at the stage & Must be referred by an existing stage member & Must have previous work experience & Other,1.0,1.0,0.0,1.0,0.0,0.0,1.0,1.0,0.0,Good conduct,5.0,"First come, first serve on the day","First come, first serve on the day",,1 2 3 4 5 6 7,Chairperson & Vice Chairperson & Secretary & Treasurer & Welfare & Defence & Mobiliser,1.0,1.0,1.0,1.0,1.0,1.0,1.0,0.0,0.0,0.0,0.0,,Yes,Yes,3.0,1 2 99,Be a driver & Have a permit/driving license & Other,1.0,1.0,0.0,0.0,0.0,0.0,1.0,0.0,,,Must be a stage member,1 2,Be a driver & Have a permit/driving license,1.0,1.0,0.0,0.0,0.0,0.0,0.0,0.0,,,,media/1725085591384.jpg,media/1725085615154.jpg,2407230723.0,uuid:c3675fb1-78c4-4663-9d19-80920eea0c3b,2024-08-31 02:40:36,2024-08-31 01:47:05,2024-08-31 02:38:04,2024-08-30,Respondent_487805,48,Mbuya,61,Kinawatake-Mbuya,Old Taxi Park,both
3e91b3bc962f0796,,TECNO|TECNO KI5k|12|SurveyCTO Collect 2.81.2 (3771098),3737,,2.0,16.0,Lugala-Masanafu-Kireka-Biira-Bujjuko-Ssentema,Namirembe,Namirembe,,1 3,Claire & Fatumah,1.0,0.0,1.0,0.0,0.0,0.0,0.0,0.0,0.0,0.0,Lugala-Masanafu-Kireka-Biira-Bujjuko-Ssentema Stage,Branch Leader (but not one of the above),Branch Leader (but not one of the above),,2004.0,1990.0,"Originated from an older stage, split off","Originated from an older stage, split off",,Kasubi,Yes,Yes,5,Namirembe,0.0,0.0,0.0,0.0,1.0,0.0,0.0,0.0,0.0,0.0,0.0,0.0,,media/1727454730300.jpg,2.0,3.0,5,media/1727454773237.jpg,5,uuid:52428e43-5aba-4c93-a3c1-1a297edf1991/B-B3,uuid:52428e43-5aba-4c93-a3c1-1a297edf1991/B-p3_photo_loop,,,uuid:52428e43-5aba-4c93-a3c1-1a297edf1991/C-C1,8,uuid:52428e43-5aba-4c93-a3c1-1a297edf1991/C-p5_photo_loop,8,uuid:52428e43-5aba-4c93-a3c1-1a297edf1991/C-R,Yes,Yes,1 2 6,Not enough passengers & Poor road quality & Drivers don’t want to go,1.0,1.0,0.0,0.0,0.0,1.0,0.0,0.0,5,uuid:52428e43-5aba-4c93-a3c1-1a297edf1991/C-C9_branch_loop,uuid:52428e43-5aba-4c93-a3c1-1a297edf1991/C-p7_photo_loop,450,400,300.0,100.0,100.0,300.0,250.0,220.0,70.0,80.0,1 2 7,Must have a driver permit & Must have been a conductor at the stage & Must have previous work experience,1.0,1.0,0.0,0.0,0.0,0.0,1.0,0.0,0.0,,30.0,"First come, first serve on the day","First come, first serve on the day",,1 2 3 4 5 6 8 9,Chairperson & Vice Chairperson & Secretary & Treasurer & Welfare & Defence & Stage Master & Elder Advisor,1.0,1.0,1.0,1.0,1.0,1.0,0.0,1.0,1.0,0.0,0.0,,No,No,,,,,,,,,,,,,,,,,,,,,,,,,,,,media/1727458708649.jpg,media/1727458722922.jpg,2407230723.0,uuid:52428e43-5aba-4c93-a3c1-1a297edf1991,2024-09-27 13:41:08,2024-09-27 12:24:27,2024-09-27 13:38:48,2024-09-26,Respondent_510334,16,Lugala-Masanafu,116,Lugala-Masanafu-Kireka-Biira-Bujjuko-Ssentema,Namirembe,both
2aa80707e1ac7359,,TCL|T610K|13|SurveyCTO Collect 2.81.2 (3771098),2779,,1.0,88.0,Bweyogerere -Mukono,Other,Other,Kalerwe,1 8,Claire & Rhoda,1.0,0.0,0.0,0.0,0.0,0.0,0.0,1.0,0.0,0.0,Bweyogerere -Mukono Stage,Elder,Elder,,2007.0,2007.0,Founded by drivers who did not belong to an older stage,Founded by drivers who did not belong to an older stage,,,,,,,,,,,,,,,,,,,,media/1727524021239.jpg,1.0,0.0,1,media/1727524075729.jpg,1,uuid:60be1fab-0144-43bb-be3a-639c49a8e9d8/B-B3,uuid:60be1fab-0144-43bb-be3a-639c49a8e9d8/B-p3_photo_loop,,,uuid:60be1fab-0144-43bb-be3a-639c49a8e9d8/C-C1,2,uuid:60be1fab-0144-43bb-be3a-639c49a8e9d8/C-p5_photo_loop,2,uuid:60be1fab-0144-43bb-be3a-639c49a8e9d8/C-R,Yes,Yes,1 3,Not enough passengers & Police presence,1.0,0.0,1.0,0.0,0.0,0.0,0.0,0.0,1,,,60,20,6.0,,35.0,40.0,15.0,6.0,,30.0,1 2 7 99,Must have a driver permit & Must have been a conductor at the stage & Must have previous work experience & Other,1.0,1.0,0.0,0.0,0.0,0.0,1.0,1.0,0.0,Monitoring for 1 year as a conductor,5.0,"First come, first serve on the day","First come, first serve on the day",,9 99,Elder Advisor & Other,0.0,0.0,0.0,0.0,0.0,0.0,0.0,0.0,1.0,1.0,0.0,Councilor,No,No,,,,,,,,,,,,,,,,,,,,,,,,,,,,media/1727526378379.jpg,media/1727526389065.jpg,2407230723.0,uuid:60be1fab-0144-43bb-be3a-639c49a8e9d8,2024-09-28 08:46:17,2024-09-28 07:44:40,2024-09-28 08:45:20,2024-09-28,Respondent_328148,88,Bweyogerere-Mukono,117,Bweyogerere-Mukono,Kalerwe,both
e912dcc7bdab73f5,,Itel|itel A665L|13|SurveyCTO Collect 2.81.2 (3771098),5178,,1.0,29.0,Namuwongo,Old Taxi Park,Old Taxi Park,,3 4 10,Fatumah & Gerald & Vivian,0.0,0.0,1.0,1.0,0.0,0.0,0.0,0.0,0.0,1.0,Namuwongo Stage,Secretary,Secretary,,1998.0,1970.0,Founded by drivers who did not belong to an older stage,Founded by drivers who did not belong to an older stage,,,,,,,,,,,,,,,,,,,,media/1724084397390.jpg,2.0,4.0,6,media/1724084439927.jpg,6,uuid:b1d11bf7-c49d-4995-a2c8-80d69b2aa704/B-B3,uuid:b1d11bf7-c49d-4995-a2c8-80d69b2aa704/B-p3_photo_loop,,,uuid:b1d11bf7-c49d-4995-a2c8-80d69b2aa704/C-C1,2,uuid:b1d11bf7-c49d-4995-a2c8-80d69b2aa704/C-p5_photo_loop,2,uuid:b1d11bf7-c49d-4995-a2c8-80d69b2aa704/C-R,Yes,Yes,1 6 99,Not enough passengers & Drivers don’t want to go & Other,1.0,0.0,0.0,0.0,0.0,1.0,1.0,0.0,6,uuid:b1d11bf7-c49d-4995-a2c8-80d69b2aa704/C-C9_branch_loop,uuid:b1d11bf7-c49d-4995-a2c8-80d69b2aa704/C-p7_photo_loop,139,120,120.0,100.0,103.0,63.0,74.0,80.0,100.0,63.0,2,Must have been a conductor at the stage,0.0,1.0,0.0,0.0,0.0,0.0,0.0,0.0,0.0,,9.0,"First come, first serve on the day","First come, first serve on the day",,1 2 3 6 9,Chairperson & Vice Chairperson & Secretary & Defence & Elder Advisor,1.0,1.0,1.0,0.0,0.0,1.0,0.0,0.0,1.0,0.0,0.0,,Yes,Yes,5.0,1 99,Be a driver & Other,1.0,0.0,0.0,0.0,0.0,0.0,1.0,0.0,,,Must be a member and subscribe to the stage SACCO,1 2 5 99,Be a driver & Have a permit/driving license & Must have a family & Other,1.0,1.0,0.0,0.0,1.0,0.0,1.0,0.0,,,National identity card,media/1724088305512.jpg,media/1724088324950.jpg,2407230723.0,uuid:b1d11bf7-c49d-4995-a2c8-80d69b2aa704,2024-08-20 02:26:20,2024-08-19 12:18:12,2024-08-20 02:24:21,2024-08-17,Respondent_786176,29,Namuwongo,38,Namuwongo,Old Taxi Park,both
0F717E25-0542-496A-9B46-40D56DB59F40,,Apple|iPhone|17.5.1|SurveyCTO Collect 2.80 (274730),1361,,10.0,9.0,Nyanama,Valley,Valley,,1 3 10,Claire & Fatumah & Vivian,1.0,0.0,1.0,0.0,0.0,0.0,0.0,0.0,0.0,1.0,Nyanama Stage,Chairperson,Chairperson,,2016.0,2004.0,Founded by drivers who did not belong to an older stage,Founded by drivers who did not belong to an older stage,,,,,,,,,,,,,,,,,,,,media/1722305187136.jpg,1.0,0.0,1,media/1722305225103.jpg,1,uuid:4c3016af-739b-4141-8e06-9dd8e3e61fb8/B-B3,uuid:4c3016af-739b-4141-8e06-9dd8e3e61fb8/B-p3_photo_loop,uuid:4c3016af-739b-4141-8e06-9dd8e3e61fb8/B-B4,uuid:4c3016af-739b-4141-8e06-9dd8e3e61fb8/B-p4_photo_loop,uuid:4c3016af-739b-4141-8e06-9dd8e3e61fb8/C-C1,1,uuid:4c3016af-739b-4141-8e06-9dd8e3e61fb8/C-p5_photo_loop,1,uuid:4c3016af-739b-4141-8e06-9dd8e3e61fb8/C-R,Yes,Yes,1,Not enough passengers,1.0,0.0,0.0,0.0,0.0,0.0,0.0,0.0,1,,,20,35,35.0,,20.0,13.0,20.0,20.0,,13.0,7 99,Must have previous work experience & Other,0.0,0.0,0.0,0.0,0.0,0.0,1.0,1.0,0.0,"National ID, LC1 letter",2.0,Predetermined schedule before the day,Predetermined schedule before the day,,1 2 3 4 5 6 8,Chairperson & Vice Chairperson & Secretary & Treasurer & Welfare & Defence & Stage Master,1.0,1.0,1.0,1.0,1.0,1.0,0.0,1.0,0.0,0.0,0.0,,No,No,,,,,,,,,,,,,,,,,,,,,,,,,,,,media/1722306340475.jpg,media/1722306353605.jpg,2407230723.0,uuid:4c3016af-739b-4141-8e06-9dd8e3e61fb8,2024-07-30 10:29:24,2024-07-29 22:03:52,2024-07-30 08:33:02,2024-07-26,Respondent_199849,9,Nyanama,10,Nyanama,Valley,both
2aa80707e1ac7359,,TCL|T610K|13|SurveyCTO Collect 2.81.2 (3771098),1325,,1.0,97.0,Busega -Kyengera -Nsangi -Maya,Bwaise,Bwaise,,8 10,Rhoda & Vivian,0.0,0.0,0.0,0.0,0.0,0.0,0.0,1.0,0.0,1.0,Busega -Kyengera -Nsangi -Maya Stage,Secretary,Secretary,,2014.0,1994.0,Founded by drivers who did not belong to an older stage,Founded by drivers who did not belong to an older stage,,,,,,,,,,,,,,,,,,,,media/1728400692034.jpg,2.0,0.0,2,media/1728400744688.jpg,2,uuid:d4e5574c-0105-4126-8202-fd7cba7e59bf/B-B3,uuid:d4e5574c-0105-4126-8202-fd7cba7e59bf/B-p3_photo_loop,,,uuid:d4e5574c-0105-4126-8202-fd7cba7e59bf/C-C1,1,uuid:d4e5574c-0105-4126-8202-fd7cba7e59bf/C-p5_photo_loop,1,uuid:d4e5574c-0105-4126-8202-fd7cba7e59bf/C-R,No,No,,,,,,,,,,,2,,,75,80,40.0,-99.0,10.0,50.0,70.0,30.0,-99.0,10.0,1 2 7,Must have a driver permit & Must have been a conductor at the stage & Must have previous work experience,1.0,1.0,0.0,0.0,0.0,0.0,1.0,0.0,0.0,,3.0,"First come, first serve on the day","First come, first serve on the day",,1 2 3 4 5 6 7,Chairperson & Vice Chairperson & Secretary & Treasurer & Welfare & Defence & Mobiliser,1.0,1.0,1.0,1.0,1.0,1.0,1.0,0.0,0.0,0.0,0.0,,Yes,Yes,3.0,99,Other,0.0,0.0,0.0,0.0,0.0,0.0,1.0,0.0,,,Registered stage member with stage ID,1 2 6,Be a driver & Have a permit/driving license & Need to have been at the stage for ____ years,1.0,1.0,0.0,0.0,0.0,1.0,0.0,0.0,,5,,media/1728396076222.jpg,media/1728396098643.jpg,2407230723.0,uuid:d4e5574c-0105-4126-8202-fd7cba7e59bf,2024-10-08 11:22:23,2024-10-08 09:45:35,2024-10-08 11:21:47,2024-10-07,Respondent_738285,97,Busega,135,Busega-Kyengera-Nsangi-Maya,Bwaise,both
2aa80707e1ac7359,,TCL|T610K|13|SurveyCTO Collect 2.81.2 (3771098),2051,,1.0,1.0,Kasenyi,Usafi,Usafi,,5 8 9,Joviah & Rhoda & Sumaiya,0.0,0.0,0.0,0.0,1.0,0.0,0.0,1.0,1.0,0.0,Kasenyi Stage,Elder,Elder,,1988.0,1987.0,"Originated from an older stage, split off","Originated from an older stage, split off",,Entebbe,Yes,Yes,3 6 8 9 99,Kisenyi/Gwanda & Nateete & Old Taxi Park & Usafi & Other,0.0,0.0,1.0,0.0,0.0,1.0,0.0,1.0,1.0,0.0,1.0,0.0,Nateete Kalerwe Kibuye Busega,media/1721813354025.jpg,2.0,0.0,2,media/1721813381389.jpg,2,uuid:eba432b5-0e0a-4e2a-8444-330375251163/B-B3,uuid:eba432b5-0e0a-4e2a-8444-330375251163/B-p3_photo_loop,,,uuid:eba432b5-0e0a-4e2a-8444-330375251163/C-C1,2,uuid:eba432b5-0e0a-4e2a-8444-330375251163/C-p5_photo_loop,2,uuid:eba432b5-0e0a-4e2a-8444-330375251163/C-R,No,No,,,,,,,,,,,2,,uuid:eba432b5-0e0a-4e2a-8444-330375251163/C-p7_photo_loop,0,0,0.0,0.0,60.0,0.0,0.0,0.0,0.0,60.0,1 2 7,Must have a driver permit & Must have been a conductor at the stage & Must have previous work experience,1.0,1.0,0.0,0.0,0.0,0.0,1.0,0.0,0.0,,20.0,Predetermined schedule before the day,Predetermined schedule before the day,,1 2 3 4 5 6 7 8 9,Chairperson & Vice Chairperson & Secretary & Treasurer & Welfare & Defence & Mobiliser & Stage Master & Elder Advisor,1.0,1.0,1.0,1.0,1.0,1.0,1.0,1.0,1.0,0.0,0.0,,Yes,Yes,5.0,1 2 4 6,Be a driver & Have a permit/driving license & No criminal record & Need to have been at the stage for ____ years,1.0,1.0,0.0,1.0,0.0,1.0,0.0,0.0,,15,,1 2 3 4 5 6,Be a driver & Have a permit/driving license & Older than _____ & No criminal record & Must have a family & Need to have been at the stage for ____ years,1.0,1.0,1.0,1.0,1.0,1.0,0.0,0.0,25,15,,media/1721814647183.jpg,media/1721814661422.jpg,2407230723.0,uuid:eba432b5-0e0a-4e2a-8444-330375251163,2024-07-24 06:14:49,2024-07-24 05:25:08,2024-07-24 06:14:37,2024-07-20,Respondent_409431,1,Kasenyi,1,Kasenyi,Usafi,both
357759081484347,,samsung|SM-G955U|9|SurveyCTO Collect 2.81.2 (3771098),2878,,1.0,39.0,Bwaise Nabweru Lugoba Katooke,Old Taxi Park,Old Taxi Park,,5 7 9,Joviah & Olivia & Sumaiya,0.0,0.0,0.0,0.0,1.0,0.0,1.0,0.0,1.0,0.0,Bwaise Nabweru Lugoba Katooke Stage,Chairperson,Chairperson,,1997.0,1960.0,Founded by drivers who did not belong to an older stage,Founded by drivers who did not belong to an older stage,,,,,,,,,,,,,,,,,,,,media/1724396131549.jpg,3.0,0.0,3,media/1724396162472.jpg,3,uuid:2311f745-7f3d-4116-be4e-fb66129953ab/B-B3,uuid:2311f745-7f3d-4116-be4e-fb66129953ab/B-p3_photo_loop,,,uuid:2311f745-7f3d-4116-be4e-fb66129953ab/C-C1,5,uuid:2311f745-7f3d-4116-be4e-fb66129953ab/C-p5_photo_loop,5,uuid:2311f745-7f3d-4116-be4e-fb66129953ab/C-R,No,No,,,,,,,,,,,3,,,350,280,300.0,280.0,70.0,120.0,184.0,85.0,100.0,60.0,1 99,Must have a driver permit & Other,1.0,0.0,0.0,0.0,0.0,0.0,0.0,1.0,0.0,National ID Pay stage fees LC letter,10.0,"First come, first serve on the day","First come, first serve on the day",,1 2 3 4 5 6 7 9,Chairperson & Vice Chairperson & Secretary & Treasurer & Welfare & Defence & Mobiliser & Elder Advisor,1.0,1.0,1.0,1.0,1.0,1.0,1.0,0.0,1.0,0.0,0.0,,Yes,Yes,2.0,2 6 99,Have a permit/driving license & Need to have been at the stage for ____ years & Other,0.0,1.0,0.0,0.0,0.0,1.0,1.0,0.0,,10,National ID,1 2 3 4 6 99,Be a driver & Have a permit/driving license & Older than _____ & No criminal record & Need to have been at the stage for ____ years & Other,1.0,1.0,1.0,1.0,0.0,1.0,1.0,0.0,35,10,National ID,media/1724398395157.jpg,media/1724398405152.jpg,2407230723.0,uuid:2311f745-7f3d-4116-be4e-fb66129953ab,2024-08-23 03:45:18,2024-08-23 02:53:47,2024-08-23 03:45:01,2024-08-22,Respondent_731044,39,Bwaise / Bwaise Nabweru Lugoba Katooke,47,Bwaise Nabweru Lugoba Katooke,Old Taxi Park,both
2aa80707e1ac7359,,TCL|T610K|13|SurveyCTO Collect 2.81.2 (3771098),2791,,7.0,8.0,Entebbe,Kibuye,Kibuye,,1 8,Claire & Rhoda,1.0,0.0,0.0,0.0,0.0,0.0,0.0,1.0,0.0,0.0,Entebbe Stage,Secretary,Secretary,,1990.0,1980.0,Founded by drivers who did not belong to an older stage,Founded by drivers who did not belong to an older stage,,,,,,,,,,,,,,,,,,,,media/1727899130735.jpg,8.0,2.0,10,media/1727899171844.jpg,10,uuid:e9ad949e-4dcf-409d-aa0b-36526e77d6ce/B-B3,uuid:e9ad949e-4dcf-409d-aa0b-36526e77d6ce/B-p3_photo_loop,,,uuid:e9ad949e-4dcf-409d-aa0b-36526e77d6ce/C-C1,2,uuid:e9ad949e-4dcf-409d-aa0b-36526e77d6ce/C-p5_photo_loop,2,uuid:e9ad949e-4dcf-409d-aa0b-36526e77d6ce/C-R,Yes,Yes,1,Not enough passengers,1.0,0.0,0.0,0.0,0.0,0.0,0.0,0.0,10,uuid:e9ad949e-4dcf-409d-aa0b-36526e77d6ce/C-C9_branch_loop,uuid:e9ad949e-4dcf-409d-aa0b-36526e77d6ce/C-p7_photo_loop,1500,1000,800.0,450.0,45.0,900.0,700.0,500.0,300.0,35.0,1 2 7,Must have a driver permit & Must have been a conductor at the stage & Must have previous work experience,1.0,1.0,0.0,0.0,0.0,0.0,1.0,0.0,0.0,,10.0,"First come, first serve on the day","First come, first serve on the day",,1 2 3 4 5 6 8,Chairperson & Vice Chairperson & Secretary & Treasurer & Welfare & Defence & Stage Master,1.0,1.0,1.0,1.0,1.0,1.0,0.0,1.0,0.0,0.0,0.0,,No,No,,,,,,,,,,,,,,,,,,,,,,,,,,,,media/1727902123812.jpg,media/1727902136474.jpg,2407230723.0,uuid:e9ad949e-4dcf-409d-aa0b-36526e77d6ce,2024-10-02 17:16:55,2024-10-02 15:57:29,2024-10-02 16:57:58,2024-10-02,Respondent_576489,8,Entebbe,123,Entebbe,Kibuye,both
e912dcc7bdab73f5,,Itel|itel A665L|13|SurveyCTO Collect 2.81.2 (3771098),2010,,1.0,49.0,Ggaba - kansanga - kabalagala,Other,Other,Nakawa,4 5 9,Gerald & Joviah & Sumaiya,0.0,0.0,0.0,1.0,1.0,0.0,0.0,0.0,1.0,0.0,Ggaba - kansanga - kabalagala Stage,Chairperson,Chairperson,,2018.0,2018.0,"Originated from an older stage, formed as a separate, independent stage by their","Originated from an older stage, formed as a separate, independent stage by their leaders",,Kansanga stage,Yes,Yes,8,Old Taxi Park,0.0,0.0,0.0,0.0,0.0,0.0,0.0,1.0,0.0,0.0,0.0,0.0,,media/1725518631770.jpg,1.0,0.0,1,media/1725518670488.jpg,1,uuid:e3fce310-edaa-4d66-a434-474c91f394a8/B-B3,uuid:e3fce310-edaa-4d66-a434-474c91f394a8/B-p3_photo_loop,,,uuid:e3fce310-edaa-4d66-a434-474c91f394a8/C-C1,2,uuid:e3fce310-edaa-4d66-a434-474c91f394a8/C-p5_photo_loop,2,uuid:e3fce310-edaa-4d66-a434-474c91f394a8/C-R,No,No,,,,,,,,,,,1,,,26,31,,,26.0,20.0,27.0,,,20.0,1 2 99,Must have a driver permit & Must have been a conductor at the stage & Other,1.0,1.0,0.0,0.0,0.0,0.0,0.0,1.0,0.0,"Good conduct,  must be 25 years and above",4.0,Predetermined schedule before the day,Predetermined schedule before the day,,1 2 3 4 5 6 7 99,Chairperson & Vice Chairperson & Secretary & Treasurer & Welfare & Defence & Mobiliser & Other,1.0,1.0,1.0,1.0,1.0,1.0,1.0,0.0,0.0,1.0,0.0,1 committee member,No,No,,,,,,,,,,,,,,,,,,,,,,,,,,,,media/1725520142431.jpg,media/1725520154620.jpg,2407230723.0,uuid:e3fce310-edaa-4d66-a434-474c91f394a8,2024-09-05 03:23:18,2024-09-05 02:41:37,2024-09-05 03:22:07,2024-09-04,Respondent_789549,49,Ggaba-Kansanga-Kabalagala,72,Ggaba-Kansanga-Kabalagala,Nakawa,both
0F717E25-0542-496A-9B46-40D56DB59F40,,Apple|iPhone|17.5.1|SurveyCTO Collect 2.80 (274730),3301,,2.0,13.0,Namugongo,Old Taxi Park,Old Taxi Park,,5 10,Joviah & Vivian,0.0,0.0,0.0,0.0,1.0,0.0,0.0,0.0,0.0,1.0,Namugongo Stage,Elder,Elder,,1988.0,1986.0,Founded by drivers who did not belong to an older stage,Founded by drivers who did not belong to an older stage,,,,,,,,,,,,,,,,,,,,media/1724667776056.jpg,3.0,0.0,3,media/1724667791178.jpg,3,uuid:ee9af5c3-bb31-42b9-aa74-4046a986dc05/B-B3,uuid:ee9af5c3-bb31-42b9-aa74-4046a986dc05/B-p3_photo_loop,,,uuid:ee9af5c3-bb31-42b9-aa74-4046a986dc05/C-C1,7,uuid:ee9af5c3-bb31-42b9-aa74-4046a986dc05/C-p5_photo_loop,7,uuid:ee9af5c3-bb31-42b9-aa74-4046a986dc05/C-R,Yes,Yes,1,Not enough passengers,1.0,0.0,0.0,0.0,0.0,0.0,0.0,0.0,3,,,73,76,70.0,60.0,73.0,70.0,70.0,55.0,40.0,50.0,1 2 99,Must have a driver permit & Must have been a conductor at the stage & Other,1.0,1.0,0.0,0.0,0.0,0.0,0.0,1.0,0.0,5 years of working experience at their stage before being confirmed as a driver,10.0,"First come, first serve on the day","First come, first serve on the day",,1 2 3 4 5 6 7,Chairperson & Vice Chairperson & Secretary & Treasurer & Welfare & Defence & Mobiliser,1.0,1.0,1.0,1.0,1.0,1.0,1.0,0.0,0.0,0.0,0.0,,Yes,Yes,4.0,1 2,Be a driver & Have a permit/driving license,1.0,1.0,0.0,0.0,0.0,0.0,0.0,0.0,,,,1 2,Be a driver & Have a permit/driving license,1.0,1.0,0.0,0.0,0.0,0.0,0.0,0.0,,,,media/1724670488542.jpg,media/1724670496480.jpg,2407230723.0,uuid:ee9af5c3-bb31-42b9-aa74-4046a986dc05,2024-08-26 10:20:16,2024-08-26 06:21:22,2024-08-26 07:19:05,2024-08-26,Respondent_454502,13,Namugongo,51,Namugongo,Old Taxi Park,both
665B1D11-2673-4244-885F-7BA73AF1E3C2,,Apple|iPhone|17.3.1|SurveyCTO Collect 2.80 (274730),2297,,1.0,58.0,Kasanje-Nakawuka,Nateete,Nateete,,1 3 7,Claire & Fatumah & Olivia,1.0,0.0,1.0,0.0,0.0,0.0,1.0,0.0,0.0,0.0,Kasanje-Nakawuka Stage,Other,Other,Vice Chairperson,2000.0,2000.0,Founded by drivers who did not belong to an older stage,Founded by drivers who did not belong to an older stage,,,,,,,,,,,,,,,,,,,,media/1725700494306.jpg,1.0,0.0,1,media/1725700520985.jpg,1,uuid:946dbb55-fe38-4cb6-a0b0-9217a76cbbf1/B-B3,uuid:946dbb55-fe38-4cb6-a0b0-9217a76cbbf1/B-p3_photo_loop,,,uuid:946dbb55-fe38-4cb6-a0b0-9217a76cbbf1/C-C1,2,uuid:946dbb55-fe38-4cb6-a0b0-9217a76cbbf1/C-p5_photo_loop,2,uuid:946dbb55-fe38-4cb6-a0b0-9217a76cbbf1/C-R,Yes,Yes,2 99,Poor road quality & Other,0.0,1.0,0.0,0.0,0.0,0.0,1.0,0.0,1,,,116,84,52.0,28.0,90.0,66.0,48.0,36.0,19.0,60.0,1 2 7,Must have a driver permit & Must have been a conductor at the stage & Must have previous work experience,1.0,1.0,0.0,0.0,0.0,0.0,1.0,0.0,0.0,,17.0,Predetermined schedule before the day,Predetermined schedule before the day,,1 2 3 4 5 6 7 9 99,Chairperson & Vice Chairperson & Secretary & Treasurer & Welfare & Defence & Mobiliser & Elder Advisor & Other,1.0,1.0,1.0,1.0,1.0,1.0,1.0,0.0,1.0,1.0,0.0,Guide,Yes,Yes,5.0,1 2,Be a driver & Have a permit/driving license,1.0,1.0,0.0,0.0,0.0,0.0,0.0,0.0,,,,1 2 4 6 99,Be a driver & Have a permit/driving license & No criminal record & Need to have been at the stage for ____ years & Other,1.0,1.0,0.0,1.0,0.0,1.0,1.0,0.0,,10,Good conduct,media/1725701973299.jpg,media/1725701983924.jpg,2407230723.0,uuid:946dbb55-fe38-4cb6-a0b0-9217a76cbbf1,2024-09-07 06:38:35,2024-09-07 05:10:31,2024-09-07 05:51:47,2024-09-06,Respondent_627405,58,Kasanje-Nakawuka,76,Kasanje-Nakawuka,Nateete,both
e912dcc7bdab73f5,,Itel|itel A665L|13|SurveyCTO Collect 2.81.2 (3771098),6646,,2.0,12.0,Kamwokya - bukoto - kisaasi - kulambiro - kyanja - kungu,Old Taxi Park,Old Taxi Park,,1 4 9,Claire & Gerald & Sumaiya,1.0,0.0,0.0,1.0,0.0,0.0,0.0,0.0,1.0,0.0,Kamwokya - bukoto - kisaasi - kulambiro - kyanja - kungu Stage,Secretary,Secretary,,1988.0,1980.0,Founded by drivers who did not belong to an older stage,Founded by drivers who did not belong to an older stage,,,,,,,,,,,,,,,,,,,,media/1724932794691.jpg,2.0,2.0,4,media/1724932822537.jpg,4,uuid:fac1988c-5576-43ff-8f1c-4c38f317b1c4/B-B3,uuid:fac1988c-5576-43ff-8f1c-4c38f317b1c4/B-p3_photo_loop,uuid:fac1988c-5576-43ff-8f1c-4c38f317b1c4/B-B4,uuid:fac1988c-5576-43ff-8f1c-4c38f317b1c4/B-p4_photo_loop,uuid:fac1988c-5576-43ff-8f1c-4c38f317b1c4/C-C1,5,uuid:fac1988c-5576-43ff-8f1c-4c38f317b1c4/C-p5_photo_loop,5,uuid:fac1988c-5576-43ff-8f1c-4c38f317b1c4/C-R,Yes,Yes,1 2 99,Not enough passengers & Poor road quality & Other,1.0,1.0,0.0,0.0,0.0,0.0,1.0,0.0,4,uuid:fac1988c-5576-43ff-8f1c-4c38f317b1c4/C-C9_branch_loop,uuid:fac1988c-5576-43ff-8f1c-4c38f317b1c4/C-p7_photo_loop,120,150,60.0,150.0,50.0,70.0,90.0,50.0,90.0,40.0,1 2 3,Must have a driver permit & Must have been a conductor at the stage & Must be a friend or relative of existing stage member,1.0,1.0,1.0,0.0,0.0,0.0,0.0,0.0,0.0,,20.0,"First come, first serve on the day","First come, first serve on the day",,1 2 3 4 5 6 7 8 9,Chairperson & Vice Chairperson & Secretary & Treasurer & Welfare & Defence & Mobiliser & Stage Master & Elder Advisor,1.0,1.0,1.0,1.0,1.0,1.0,1.0,1.0,1.0,0.0,0.0,,Yes,Yes,3.0,99,Other,0.0,0.0,0.0,0.0,0.0,0.0,1.0,0.0,,,Must be a stage member,1 2 6,Be a driver & Have a permit/driving license & Need to have been at the stage for ____ years,1.0,1.0,0.0,0.0,0.0,1.0,0.0,0.0,,5,,media/1724938165062.jpg,media/1724938179582.jpg,2407230723.0,uuid:fac1988c-5576-43ff-8f1c-4c38f317b1c4,2024-08-29 09:53:05,2024-08-29 07:56:57,2024-08-29 09:49:14,2024-08-28,Respondent_193201,11,Kamwokya,58,Kamwokya - bukoto - kisaasi - kulambiro - kyanja - kungu,Old Taxi Park,both
2aa80707e1ac7359,,TCL|T610K|13|SurveyCTO Collect 2.81.2 (3771098),2230,,1.0,83.0,Ntinda-Nakawa-Kiwatule-Najjera-Kira,New Taxi Park,New Taxi Park,,8 10,Rhoda & Vivian,0.0,0.0,0.0,0.0,0.0,0.0,0.0,1.0,0.0,1.0,Ntinda-Nakawa-Kiwatule-Najjera-Kira Stage,Branch Leader (but not one of the above),Branch Leader (but not one of the above),,2006.0,1994.0,"Originated from an older stage, split off","Originated from an older stage, split off",,Ntinda-Nakawa-Kiwatule-Najjera-Kira,Yes,Yes,8,Old Taxi Park,0.0,0.0,0.0,0.0,0.0,0.0,0.0,1.0,0.0,0.0,0.0,0.0,,media/1727259619898.jpg,1.0,2.0,3,media/1727259668508.jpg,3,uuid:0f4f0ee5-218a-4548-aefc-c8bdde238200/B-B3,uuid:0f4f0ee5-218a-4548-aefc-c8bdde238200/B-p3_photo_loop,,,uuid:0f4f0ee5-218a-4548-aefc-c8bdde238200/C-C1,1,uuid:0f4f0ee5-218a-4548-aefc-c8bdde238200/C-p5_photo_loop,1,uuid:0f4f0ee5-218a-4548-aefc-c8bdde238200/C-R,Yes,Yes,4,Opposition from other stages,0.0,0.0,0.0,1.0,0.0,0.0,0.0,0.0,3,uuid:0f4f0ee5-218a-4548-aefc-c8bdde238200/C-C9_branch_loop,uuid:0f4f0ee5-218a-4548-aefc-c8bdde238200/C-p7_photo_loop,35,40,40.0,50.0,30.0,15.0,20.0,25.0,35.0,15.0,1 2 99,Must have a driver permit & Must have been a conductor at the stage & Other,1.0,1.0,0.0,0.0,0.0,0.0,0.0,1.0,0.0,Membership fee (Negotiable),5.0,"First come, first serve on the day","First come, first serve on the day",,1 2 3 5 6 9,Chairperson & Vice Chairperson & Secretary & Welfare & Defence & Elder Advisor,1.0,1.0,1.0,0.0,1.0,1.0,0.0,0.0,1.0,0.0,0.0,,No,No,,,,,,,,,,,,,,,,,,,,,,,,,,,,media/1727261689312.jpg,media/1727261700303.jpg,2407230723.0,uuid:0f4f0ee5-218a-4548-aefc-c8bdde238200,2024-09-25 07:02:19,2024-09-25 06:14:26,2024-09-25 07:01:52,2024-09-25,Respondent_635727,83,Ntinda,111,Ntinda-Nakawa-Kiwatule-Najjera-Kira,New Taxi Park,both
357759081484347,,samsung|SM-G955U|9|SurveyCTO Collect 2.81.2 (3771098),1757,,1.0,89.0,Nansana Wakiso,Other,Other,Kalerwe,4 5 9,Gerald & Joviah & Sumaiya,0.0,0.0,0.0,1.0,1.0,0.0,0.0,0.0,1.0,0.0,Nansana Wakiso Stage,Branch Leader (but not one of the above),Branch Leader (but not one of the above),,2018.0,2009.0,Founded by drivers who did not belong to an older stage,Founded by drivers who did not belong to an older stage,,,,,,,,,,,,,,,,,,,,media/1727692661525.jpg,1.0,0.0,1,media/1727692702666.jpg,1,uuid:502ece6d-d75e-4e7d-8b22-0604dcc3d0b5/B-B3,uuid:502ece6d-d75e-4e7d-8b22-0604dcc3d0b5/B-p3_photo_loop,,,uuid:502ece6d-d75e-4e7d-8b22-0604dcc3d0b5/C-C1,3,uuid:502ece6d-d75e-4e7d-8b22-0604dcc3d0b5/C-p5_photo_loop,3,uuid:502ece6d-d75e-4e7d-8b22-0604dcc3d0b5/C-R,No,No,,,,,,,,,,,1,,,20,15,-99.0,,15.0,18.0,14.0,-99.0,,15.0,1 2 3,Must have a driver permit & Must have been a conductor at the stage & Must be a friend or relative of existing stage member,1.0,1.0,1.0,0.0,0.0,0.0,0.0,0.0,0.0,,3.0,"First come, first serve on the day","First come, first serve on the day",,8 99,Stage Master & Other,0.0,0.0,0.0,0.0,0.0,0.0,0.0,1.0,0.0,1.0,0.0,Councillor,Yes,Yes,5.0,4 99,No criminal record & Other,0.0,0.0,0.0,1.0,0.0,0.0,1.0,0.0,,,Stage membership card,1 2 4 6 99,Be a driver & Have a permit/driving license & No criminal record & Need to have been at the stage for ____ years & Other,1.0,1.0,0.0,1.0,0.0,1.0,1.0,0.0,,3,Membership card,media/1727694564339.jpg,media/1727694572444.jpg,2407230723.0,uuid:502ece6d-d75e-4e7d-8b22-0604dcc3d0b5,2024-09-30 07:48:37,2024-09-30 06:35:16,2024-09-30 07:48:00,2024-09-30,Respondent_461801,89,Nansana Wakiso,121,Nansana Wakiso,Kalerwe,both
357759081484347,,samsung|SM-G955U|9|SurveyCTO Collect 2.81.2 (3771098),1074,,1.0,92.0,Kasangati stage,Other,Other,Kireka,4 5 9,Gerald & Joviah & Sumaiya,0.0,0.0,0.0,1.0,1.0,0.0,0.0,0.0,1.0,0.0,Kasangati stage Stage,Elder,Elder,,2008.0,2008.0,"Originated from an older stage, formed as a separate, independent stage by their","Originated from an older stage, formed as a separate, independent stage by their leaders",,Kira,Yes,Yes,99,Other,0.0,0.0,0.0,0.0,0.0,0.0,0.0,0.0,0.0,0.0,1.0,0.0,Kireka,media/1728131537431.jpg,1.0,0.0,1,media/1728131561257.jpg,1,uuid:e457975f-8e0b-40d0-95e0-57cb05bdb4b1/B-B3,uuid:e457975f-8e0b-40d0-95e0-57cb05bdb4b1/B-p3_photo_loop,,,uuid:e457975f-8e0b-40d0-95e0-57cb05bdb4b1/C-C1,2,uuid:e457975f-8e0b-40d0-95e0-57cb05bdb4b1/C-p5_photo_loop,2,uuid:e457975f-8e0b-40d0-95e0-57cb05bdb4b1/C-R,Yes,Yes,1 2 4,Not enough passengers & Poor road quality & Opposition from other stages,1.0,1.0,0.0,1.0,0.0,0.0,0.0,0.0,1,,,18,8,5.0,,10.0,15.0,8.0,5.0,,10.0,1 99,Must have a driver permit & Other,1.0,0.0,0.0,0.0,0.0,0.0,0.0,1.0,0.0,"Register with the SACCO Pay 200,000 for membership LC letter Be willing to pay 50000 incase they decide to bring in a new car za",4.0,"First come, first serve on the day","First come, first serve on the day",,1 2 3 4 5 8 99,Chairperson & Vice Chairperson & Secretary & Treasurer & Welfare & Stage Master & Other,1.0,1.0,1.0,1.0,1.0,0.0,0.0,1.0,0.0,1.0,0.0,Driver leader,No,No,,,,,,,,,,,,,,,,,,,,,,,,,,,,media/1728132340949.jpg,media/1728132350189.jpg,2407230723.0,uuid:e457975f-8e0b-40d0-95e0-57cb05bdb4b1,2024-10-05 08:50:31,2024-10-05 08:30:24,2024-10-05 08:49:19,2024-10-04,Respondent_124563,92,Kasangati,128,Kasangati,Kireka,both
ef8c3fa68e554f2a,,TECNO|TECNO KD6|10|SurveyCTO Collect 2.81.2 (3771098),8902,,1.0,18.0,Nsangi kyengera,Kisenyi/Gwanda,Kisenyi/Gwanda,,3 4 10,Fatumah & Gerald & Vivian,0.0,0.0,1.0,1.0,0.0,0.0,0.0,0.0,0.0,1.0,Nsangi kyengera Stage,Other,Other,Stage master,1992.0,1982.0,Founded by drivers who did not belong to an older stage,Founded by drivers who did not belong to an older stage,,,,,,,,,,,,,,,,,,,,media/1723217419180.jpg,2.0,1.0,3,media/1723217455422.jpg,3,uuid:0daa4065-5410-4763-aec2-8facdc2d1310/B-B3,uuid:0daa4065-5410-4763-aec2-8facdc2d1310/B-p3_photo_loop,,,uuid:0daa4065-5410-4763-aec2-8facdc2d1310/C-C1,4,uuid:0daa4065-5410-4763-aec2-8facdc2d1310/C-p5_photo_loop,4,uuid:0daa4065-5410-4763-aec2-8facdc2d1310/C-R,Yes,Yes,1 6,Not enough passengers & Drivers don’t want to go,1.0,0.0,0.0,0.0,0.0,1.0,0.0,0.0,3,uuid:0daa4065-5410-4763-aec2-8facdc2d1310/C-C9_branch_loop,uuid:0daa4065-5410-4763-aec2-8facdc2d1310/C-p7_photo_loop,200,100,80.0,70.0,40.0,140.0,90.0,80.0,70.0,40.0,1 2 99,Must have a driver permit & Must have been a conductor at the stage & Other,1.0,1.0,0.0,0.0,0.0,0.0,0.0,1.0,0.0,Lc letter,10.0,"First come, first serve on the day","First come, first serve on the day",,1 2 3 4 5 6 7 8,Chairperson & Vice Chairperson & Secretary & Treasurer & Welfare & Defence & Mobiliser & Stage Master,1.0,1.0,1.0,1.0,1.0,1.0,1.0,1.0,0.0,0.0,0.0,,Yes,Yes,3.0,99,Other,0.0,0.0,0.0,0.0,0.0,0.0,1.0,0.0,,,Stage member identification card,2 6 99,Have a permit/driving license & Need to have been at the stage for ____ years & Other,0.0,1.0,0.0,0.0,0.0,1.0,1.0,0.0,,8,National id,media/1723232591393.jpg,media/1723232613054.jpg,2407230723.0,uuid:0daa4065-5410-4763-aec2-8facdc2d1310,2024-08-10 05:54:09,2024-08-09 11:28:37,2024-08-10 03:22:43,2024-08-08,Respondent_245527,18,Nsangi-Kyengera,23,Nsangi-Kyengera,Kisenyi/Gwanda,both
0F717E25-0542-496A-9B46-40D56DB59F40,,Apple|iPhone|17.6.1|SurveyCTO Collect 2.80 (274730),1922,,1.0,87.0,Mpererwe-Gayaza,Other,Other,Kalerwe,8 10,Rhoda & Vivian,0.0,0.0,0.0,0.0,0.0,0.0,0.0,1.0,0.0,1.0,Mpererwe-Gayaza Stage,Other,Other,Counselor,2015.0,2015.0,Founded by drivers who did not belong to an older stage,Founded by drivers who did not belong to an older stage,,,,,,,,,,,,,,,,,,,,media/1727516624333.jpg,2.0,0.0,2,media/1727514366101.jpg,2,uuid:00482333-155e-48bb-a842-48156adf13e8/B-B3,uuid:00482333-155e-48bb-a842-48156adf13e8/B-p3_photo_loop,,,uuid:00482333-155e-48bb-a842-48156adf13e8/C-C1,2,uuid:00482333-155e-48bb-a842-48156adf13e8/C-p5_photo_loop,2,uuid:00482333-155e-48bb-a842-48156adf13e8/C-R,Yes,Yes,1,Not enough passengers,1.0,0.0,0.0,0.0,0.0,0.0,0.0,0.0,2,,,80,40,,,80.0,30.0,20.0,,,30.0,1 2 99,Must have a driver permit & Must have been a conductor at the stage & Other,1.0,1.0,0.0,0.0,0.0,0.0,0.0,1.0,0.0,"LC Letter, National ID",10.0,Predetermined schedule before the day,Predetermined schedule before the day,,1 2 3 4 5 6 7 8 9 99,Chairperson & Vice Chairperson & Secretary & Treasurer & Welfare & Defence & Mobiliser & Stage Master & Elder Advisor & Other,1.0,1.0,1.0,1.0,1.0,1.0,1.0,1.0,1.0,1.0,0.0,Councillors (8 people),Yes,Yes,5.0,99,Other,0.0,0.0,0.0,0.0,0.0,0.0,1.0,0.0,,,Stage membership ID,1 2 6,Be a driver & Have a permit/driving license & Need to have been at the stage for ____ years,1.0,1.0,0.0,0.0,0.0,1.0,0.0,0.0,,9,,media/1727515335283.jpg,media/1727515345041.jpg,2407230723.0,uuid:00482333-155e-48bb-a842-48156adf13e8,2024-09-28 13:57:07,2024-09-28 05:02:51,2024-09-28 05:52:47,2024-09-28,Respondent_177368,87,Mpererwe-Gayaza,119,Mpererwe-Gayaza,Kalerwe,both
3e91b3bc962f0796,,TECNO|TECNO KI5k|12|SurveyCTO Collect 2.81.2 (3771098),4424,,1.0,80.0,Kamwokya-Ntinda,New Taxi Park,New Taxi Park,,1 3 7,Claire & Fatumah & Olivia,1.0,0.0,1.0,0.0,0.0,0.0,1.0,0.0,0.0,0.0,Kamwokya-Ntinda Stage,Elder,Elder,,2000.0,1990.0,"Originated from an older stage, split off","Originated from an older stage, split off",,Kamwokya-Ntinda,Yes,Yes,8,Old Taxi Park,0.0,0.0,0.0,0.0,0.0,0.0,0.0,1.0,0.0,0.0,0.0,0.0,,media/1727089021673.jpg,1.0,3.0,4,media/1727089086190.jpg,4,uuid:4f8f54d0-5240-4b9d-897c-196f5ff10ed6/B-B3,uuid:4f8f54d0-5240-4b9d-897c-196f5ff10ed6/B-p3_photo_loop,,,uuid:4f8f54d0-5240-4b9d-897c-196f5ff10ed6/C-C1,3,uuid:4f8f54d0-5240-4b9d-897c-196f5ff10ed6/C-p5_photo_loop,3,uuid:4f8f54d0-5240-4b9d-897c-196f5ff10ed6/C-R,Yes,Yes,1,Not enough passengers,1.0,0.0,0.0,0.0,0.0,0.0,0.0,0.0,4,uuid:4f8f54d0-5240-4b9d-897c-196f5ff10ed6/C-C9_branch_loop,uuid:4f8f54d0-5240-4b9d-897c-196f5ff10ed6/C-p7_photo_loop,40,70,-99.0,70.0,15.0,20.0,40.0,30.0,35.0,14.0,1 2 7,Must have a driver permit & Must have been a conductor at the stage & Must have previous work experience,1.0,1.0,0.0,0.0,0.0,0.0,1.0,0.0,0.0,,7.0,"First come, first serve on the day","First come, first serve on the day",,1 2 3 4 5 6 8 9 99,Chairperson & Vice Chairperson & Secretary & Treasurer & Welfare & Defence & Stage Master & Elder Advisor & Other,1.0,1.0,1.0,1.0,1.0,1.0,0.0,1.0,1.0,1.0,0.0,Chairman for conductors,Yes,Yes,3.0,99,Other,0.0,0.0,0.0,0.0,0.0,0.0,1.0,0.0,,,Must be a stage member,1 2 4,Be a driver & Have a permit/driving license & No criminal record,1.0,1.0,0.0,1.0,0.0,0.0,0.0,0.0,,,,media/1727092960893.jpg,media/1727092974040.jpg,2407230723.0,uuid:4f8f54d0-5240-4b9d-897c-196f5ff10ed6,2024-09-23 08:36:33,2024-09-23 06:54:57,2024-09-23 08:25:45,2024-09-21,Respondent_292332,80,Kamwokya-Ntinda-Bukoto-Kisaasi-Kulambiro,109,Kamwokya-Ntinda,New Taxi Park,both
357759081484347,,samsung|SM-G955U|9|SurveyCTO Collect 2.81.2 (3771098),1846,,2.0,1.0,Kasenyi stage,Old Taxi Park,Old Taxi Park,,5 10,Joviah & Vivian,0.0,0.0,0.0,0.0,1.0,0.0,0.0,0.0,0.0,1.0,Kasenyi stage Stage,Other,Other,Stage master/guide,2006.0,1983.0,"Originated from an older stage, split off","Originated from an older stage, split off",,Entebbe,Yes,Yes,1 3 6 8 99,Bwaise & Kisenyi/Gwanda & Nateete & Old Taxi Park & Other,1.0,0.0,1.0,0.0,0.0,1.0,0.0,1.0,0.0,0.0,1.0,0.0,Nakawa,media/1724831991100.jpg,2.0,0.0,2,media/1724832585769.jpg,2,uuid:1cebc162-6452-4336-b970-9b86f4b5e547/B-B3,,,uuid:1cebc162-6452-4336-b970-9b86f4b5e547/B-p4_photo_loop,uuid:1cebc162-6452-4336-b970-9b86f4b5e547/C-C1,1,uuid:1cebc162-6452-4336-b970-9b86f4b5e547/C-p5_photo_loop,1,uuid:1cebc162-6452-4336-b970-9b86f4b5e547/C-R,No,No,,,,,,,,,,,2,,,60,50,40.0,20.0,15.0,40.0,20.0,35.0,10.0,15.0,1 4 7 99,Must have a driver permit & Must be referred by an existing stage member & Must have previous work experience & Other,1.0,0.0,0.0,1.0,0.0,0.0,1.0,1.0,0.0,Be at the stage for 5 years,5.0,"First come, first serve on the day","First come, first serve on the day",,1 2 3 4 5 6 7 8 9,Chairperson & Vice Chairperson & Secretary & Treasurer & Welfare & Defence & Mobiliser & Stage Master & Elder Advisor,1.0,1.0,1.0,1.0,1.0,1.0,1.0,1.0,1.0,0.0,0.0,,No,No,,,,,,,,,,,,,,,,,,,,,,,,,,,,media/1724833737858.jpg,,2407230723.0,uuid:1cebc162-6452-4336-b970-9b86f4b5e547,2024-08-28 04:55:00,2024-08-28 03:56:17,2024-08-28 04:54:30,2024-08-27,Respondent_76247,1,Kasenyi,54,Kasenyi,Old Taxi Park,both
0F717E25-0542-496A-9B46-40D56DB59F40,,Apple|iPhone|17.5.1|SurveyCTO Collect 2.80 (274730),2317,,9.0,8.0,Entebbe,Valley,Valley,,1 3 10,Claire & Fatumah & Vivian,1.0,0.0,1.0,0.0,0.0,0.0,0.0,0.0,0.0,1.0,Entebbe Stage,Chairperson,Chairperson,,2016.0,1960.0,Founded by drivers who did not belong to an older stage,Founded by drivers who did not belong to an older stage,,,,,,,,,,,,,,,,,,,,media/1722226788968.jpg,8.0,0.0,8,media/1722226819673.jpg,8,uuid:a6036af8-c0ff-451c-a3fb-468ce40a8b89/B-B3,uuid:a6036af8-c0ff-451c-a3fb-468ce40a8b89/B-p3_photo_loop,,,uuid:a6036af8-c0ff-451c-a3fb-468ce40a8b89/C-C1,5,uuid:a6036af8-c0ff-451c-a3fb-468ce40a8b89/C-p5_photo_loop,5,uuid:a6036af8-c0ff-451c-a3fb-468ce40a8b89/C-R,Yes,Yes,1 2 4 99,Not enough passengers & Poor road quality & Opposition from other stages & Other,1.0,1.0,0.0,1.0,0.0,0.0,1.0,0.0,8,,,800,1000,1500.0,1800.0,50.0,700.0,2000.0,2500.0,3000.0,30.0,2 3 99,Must have been a conductor at the stage & Must be a friend or relative of existing stage member & Other,0.0,1.0,1.0,0.0,0.0,0.0,0.0,1.0,0.0,"LC1 letter, Nationa ID, father or mother’s National ID, Registration fees",10.0,"First come, first serve on the day","First come, first serve on the day",,1 2 3 4 5 6 8 99,Chairperson & Vice Chairperson & Secretary & Treasurer & Welfare & Defence & Stage Master & Other,1.0,1.0,1.0,1.0,1.0,1.0,0.0,1.0,0.0,1.0,0.0,Chief guide,No,No,,,,,,,,,,,,,,,,,,,,,,,,,,,,media/1722228710575.jpg,media/1722228740423.jpg,2407230723.0,uuid:a6036af8-c0ff-451c-a3fb-468ce40a8b89,2024-07-30 10:26:27,2024-07-29 00:16:20,2024-07-30 08:32:04,2024-07-26,Respondent_819234,8,Entebbe,9,Entebbe,Valley,both
e912dcc7bdab73f5,,Itel|itel A665L|13|SurveyCTO Collect 2.81.2 (3771098),7602,,1.0,29.0,Namuwongo,Old Taxi Park,Old Taxi Park,,3 4 10,Fatumah & Gerald & Vivian,0.0,0.0,1.0,1.0,0.0,0.0,0.0,0.0,0.0,1.0,Namuwongo Stage,Elder,Elder,,1982.0,1960.0,Founded by drivers who did not belong to an older stage,Founded by drivers who did not belong to an older stage,,,,,,,,,,,,,,,,,,,,media/1724069068081.jpg,2.0,4.0,6,media/1724069142268.jpg,6,uuid:ac3f0fb5-de13-4d18-a197-510033253af9/B-B3,uuid:ac3f0fb5-de13-4d18-a197-510033253af9/B-p3_photo_loop,,,uuid:ac3f0fb5-de13-4d18-a197-510033253af9/C-C1,2,uuid:ac3f0fb5-de13-4d18-a197-510033253af9/C-p5_photo_loop,2,uuid:ac3f0fb5-de13-4d18-a197-510033253af9/C-R,Yes,Yes,1,Not enough passengers,1.0,0.0,0.0,0.0,0.0,0.0,0.0,0.0,6,uuid:ac3f0fb5-de13-4d18-a197-510033253af9/C-C9_branch_loop,uuid:ac3f0fb5-de13-4d18-a197-510033253af9/C-p7_photo_loop,140,0,0.0,50.0,103.0,63.0,0.0,0.0,30.0,63.0,2 99,Must have been a conductor at the stage & Other,0.0,1.0,0.0,0.0,0.0,0.0,0.0,1.0,0.0,Good conduct,9.0,"First come, first serve on the day","First come, first serve on the day",,1 2 3 6,Chairperson & Vice Chairperson & Secretary & Defence,1.0,1.0,1.0,0.0,0.0,1.0,0.0,0.0,0.0,0.0,0.0,,Yes,Yes,2.0,1 99,Be a driver & Other,1.0,0.0,0.0,0.0,0.0,0.0,1.0,0.0,,,"Stage member who qualify to receive welfare, conductors have their own committee and elections",1 2 5 6 99,Be a driver & Have a permit/driving license & Must have a family & Need to have been at the stage for ____ years & Other,1.0,1.0,0.0,0.0,1.0,1.0,1.0,0.0,,20 years,National identity card,media/1724084183533.jpg,media/1724084203027.jpg,2407230723.0,uuid:ac3f0fb5-de13-4d18-a197-510033253af9,2024-08-20 02:25:50,2024-08-19 08:01:08,2024-08-20 02:03:52,2024-08-17,Respondent_885885,29,Namuwongo,38,Namuwongo,Old Taxi Park,both
665B1D11-2673-4244-885F-7BA73AF1E3C2,,Apple|iPhone|17.3.1|SurveyCTO Collect 2.80 (274730),2929,,8.0,8.0,Entebbe Stage,Bwaise,Bwaise,,1 7,Claire & Olivia,1.0,0.0,0.0,0.0,0.0,0.0,1.0,0.0,0.0,0.0,Entebbe Stage Stage,Treasurer,Treasurer,,2014.0,1973.0,Founded by drivers who did not belong to an older stage,Founded by drivers who did not belong to an older stage,,,,,,,,,,,,,,,,,,,,media/1728298730860.jpg,8.0,2.0,10,media/1728298746811.jpg,10,uuid:41562e11-96ef-42ff-b39b-26fe83f1e00e/B-B3,uuid:41562e11-96ef-42ff-b39b-26fe83f1e00e/B-p3_photo_loop,,,uuid:41562e11-96ef-42ff-b39b-26fe83f1e00e/C-C1,2,uuid:41562e11-96ef-42ff-b39b-26fe83f1e00e/C-p5_photo_loop,2,uuid:41562e11-96ef-42ff-b39b-26fe83f1e00e/C-R,Yes,Yes,99,Other,0.0,0.0,0.0,0.0,0.0,0.0,1.0,0.0,10,uuid:41562e11-96ef-42ff-b39b-26fe83f1e00e/C-C9_branch_loop,uuid:41562e11-96ef-42ff-b39b-26fe83f1e00e/C-p7_photo_loop,2000,1400,700.0,600.0,18.0,1400.0,900.0,550.0,500.0,18.0,1 4 7 99,Must have a driver permit & Must be referred by an existing stage member & Must have previous work experience & Other,1.0,0.0,0.0,1.0,0.0,0.0,1.0,1.0,0.0,"LC letter, National ID",6.0,Predetermined schedule before the day,Predetermined schedule before the day,,1 2 3 4 5 6 9 99,Chairperson & Vice Chairperson & Secretary & Treasurer & Welfare & Defence & Elder Advisor & Other,1.0,1.0,1.0,1.0,1.0,1.0,0.0,0.0,1.0,1.0,0.0,Guide,Yes,Yes,5.0,1 99,Be a driver & Other,1.0,0.0,0.0,0.0,0.0,0.0,1.0,0.0,,,Stage membership card,1 2 3 6 99,Be a driver & Have a permit/driving license & Older than _____ & Need to have been at the stage for ____ years & Other,1.0,1.0,1.0,0.0,0.0,1.0,1.0,0.0,35,10,"Seconded by stage members to vote,s.4 Certificate",media/1728300620358.jpg,media/1728300626861.jpg,2407230723.0,uuid:41562e11-96ef-42ff-b39b-26fe83f1e00e,2024-10-08 07:31:18,2024-10-07 06:51:11,2024-10-07 07:41:12,2024-10-07,Respondent_689966,8,Entebbe,132,Entebbe,Bwaise,both
e912dcc7bdab73f5,,Itel|itel A665L|13|SurveyCTO Collect 2.81.2 (3771098),1171,,1.0,68.0,Mukono Lugazi stage,Bwaise,Bwaise,,4 5 9,Gerald & Joviah & Sumaiya,0.0,0.0,0.0,1.0,1.0,0.0,0.0,0.0,1.0,0.0,Mukono Lugazi stage Stage,Chairperson,Chairperson,,2015.0,2010.0,Founded by drivers who did not belong to an older stage,Founded by drivers who did not belong to an older stage,,,,,,,,,,,,,,,,,,,,media/1726219465186.jpg,1.0,0.0,1,media/1726219539271.jpg,1,uuid:4ce6a3ea-90fc-4fff-813f-ca07fa94aef1/B-B3,uuid:4ce6a3ea-90fc-4fff-813f-ca07fa94aef1/B-p3_photo_loop,,,uuid:4ce6a3ea-90fc-4fff-813f-ca07fa94aef1/C-C1,1,uuid:4ce6a3ea-90fc-4fff-813f-ca07fa94aef1/C-p5_photo_loop,1,uuid:4ce6a3ea-90fc-4fff-813f-ca07fa94aef1/C-R,Yes,Yes,1 2 6,Not enough passengers & Poor road quality & Drivers don’t want to go,1.0,1.0,0.0,0.0,0.0,1.0,0.0,0.0,1,,,23,13,3.0,,12.0,19.0,8.0,3.0,,12.0,1 2 99,Must have a driver permit & Must have been a conductor at the stage & Other,1.0,1.0,0.0,0.0,0.0,0.0,0.0,1.0,0.0,Good conduct,3.0,"First come, first serve on the day","First come, first serve on the day",,1 2 3 4 5 6 7 8 9,Chairperson & Vice Chairperson & Secretary & Treasurer & Welfare & Defence & Mobiliser & Stage Master & Elder Advisor,1.0,1.0,1.0,1.0,1.0,1.0,1.0,1.0,1.0,0.0,0.0,,No,No,,,,,,,,,,,,,,,,,,,,,,,,,,,,media/1726220200611.jpg,media/1726220212758.jpg,2407230723.0,uuid:4ce6a3ea-90fc-4fff-813f-ca07fa94aef1,2024-09-13 06:19:54,2024-09-13 05:23:05,2024-09-13 06:19:01,2024-09-13,Respondent_2356,68,Mukono Lugazi,87,Mukono Lugazi,Bwaise,both
0F717E25-0542-496A-9B46-40D56DB59F40,,Apple|iPhone|17.5.1|SurveyCTO Collect 2.80 (274730),2246,,1.0,54.0,Namugongo-Jokas-Mbuya-Bukasa,Other,Other,Nakawa,4 10,Gerald & Vivian,0.0,0.0,0.0,1.0,0.0,0.0,0.0,0.0,0.0,1.0,Namugongo-Jokas-Mbuya-Bukasa Stage,Branch Leader (but not one of the above),Branch Leader (but not one of the above),,2009.0,2007.0,Founded by drivers who did not belong to an older stage,Founded by drivers who did not belong to an older stage,,,,,,,,,,,,,,,,,,,,media/1725427526046.jpg,1.0,0.0,1,media/1725427541791.jpg,1,uuid:ec10ac84-cad8-4b88-a03d-c6318704642f/B-B3,uuid:ec10ac84-cad8-4b88-a03d-c6318704642f/B-p3_photo_loop,,,uuid:ec10ac84-cad8-4b88-a03d-c6318704642f/C-C1,3,uuid:ec10ac84-cad8-4b88-a03d-c6318704642f/C-p5_photo_loop,3,uuid:ec10ac84-cad8-4b88-a03d-c6318704642f/C-R,Yes,Yes,4,Opposition from other stages,0.0,0.0,0.0,1.0,0.0,0.0,0.0,0.0,1,,,50,80,80.0,,30.0,27.0,50.0,50.0,,27.0,1 2 99,Must have a driver permit & Must have been a conductor at the stage & Other,1.0,1.0,0.0,0.0,0.0,0.0,0.0,1.0,0.0,"National ID, LC letter",6.0,"First come, first serve on the day","First come, first serve on the day",,1 2 3 4 5 6 7 9,Chairperson & Vice Chairperson & Secretary & Treasurer & Welfare & Defence & Mobiliser & Elder Advisor,1.0,1.0,1.0,1.0,1.0,1.0,1.0,0.0,1.0,0.0,0.0,,No,No,,,,,,,,,,,,,,,,,,,,,,,,,,,,media/1725429062397.jpg,media/1725429070938.jpg,2407230723.0,uuid:ec10ac84-cad8-4b88-a03d-c6318704642f,2024-09-04 09:53:26,2024-09-04 01:23:12,2024-09-04 09:52:59,2024-09-03,Respondent_632924,54,Namugongo,69,Namugongo - Jokas - Mbuya - Bukasa,Nakawa,both
0F717E25-0542-496A-9B46-40D56DB59F40,,Apple|iPhone|17.6.1|SurveyCTO Collect 2.80 (274730),1812,,2.0,17.0,Buloba-Bulenga-Bujjuko,New Taxi Park,New Taxi Park,,8 10,Rhoda & Vivian,0.0,0.0,0.0,0.0,0.0,0.0,0.0,1.0,0.0,1.0,Buloba-Bulenga-Bujjuko Stage,Other,Other,Stage master,1996.0,1993.0,Founded by drivers who did not belong to an older stage,Founded by drivers who did not belong to an older stage,,,,,,,,,,,,,,,,,,,,media/1727087036782.jpg,2.0,0.0,2,media/1727087056895.jpg,2,uuid:241d1db0-17bc-4532-9fdf-885396d378a4/B-B3,uuid:241d1db0-17bc-4532-9fdf-885396d378a4/B-p3_photo_loop,uuid:241d1db0-17bc-4532-9fdf-885396d378a4/B-B4,uuid:241d1db0-17bc-4532-9fdf-885396d378a4/B-p4_photo_loop,uuid:241d1db0-17bc-4532-9fdf-885396d378a4/C-C1,2,uuid:241d1db0-17bc-4532-9fdf-885396d378a4/C-p5_photo_loop,2,uuid:241d1db0-17bc-4532-9fdf-885396d378a4/C-R,Yes,Yes,1 2,Not enough passengers & Poor road quality,1.0,1.0,0.0,0.0,0.0,0.0,0.0,0.0,2,,,100,65,50.0,20.0,80.0,80.0,60.0,40.0,15.0,80.0,1 2 99,Must have a driver permit & Must have been a conductor at the stage & Other,1.0,1.0,0.0,0.0,0.0,0.0,0.0,1.0,0.0,"National ID, LC letter",15.0,"First come, first serve on the day","First come, first serve on the day",,1 2 3 4 5 6 8,Chairperson & Vice Chairperson & Secretary & Treasurer & Welfare & Defence & Stage Master,1.0,1.0,1.0,1.0,1.0,1.0,0.0,1.0,0.0,0.0,0.0,,Yes,Yes,5.0,99,Other,0.0,0.0,0.0,0.0,0.0,0.0,1.0,0.0,,,Stage ID,1 2 6 99,Be a driver & Have a permit/driving license & Need to have been at the stage for ____ years & Other,1.0,1.0,0.0,0.0,0.0,1.0,1.0,0.0,,10,Good conduct,media/1727088239920.jpg,media/1727088248018.jpg,2407230723.0,uuid:241d1db0-17bc-4532-9fdf-885396d378a4,2024-09-23 11:44:36,2024-09-23 06:19:47,2024-09-23 07:26:06,2024-09-19,Respondent_848364,17,Buloba-Bulenga-Bujjuko,110,Buloba -Bulenga -Bujjuko,New Taxi Park,both
3e91b3bc962f0796,,TECNO|TECNO KI5k|12|SurveyCTO Collect 2.81.2 (3771098),2523,,2.0,22.0,Nateete-Wakaliga,Old Taxi Park,Old Taxi Park,,3 7 8,Fatumah & Olivia & Rhoda,0.0,0.0,1.0,0.0,0.0,0.0,1.0,1.0,0.0,0.0,Nateete-Wakaliga Stage,Branch Leader (but not one of the above),Branch Leader (but not one of the above),,1993.0,1980.0,"Originated from an older stage, split off","Originated from an older stage, split off",,Nateete-Kibuye-Ndeeba,No,No,,,,,,,,,,,,,,,,media/1725349570303.jpg,2.0,1.0,3,media/1725349614918.jpg,3,uuid:02271a43-c5f3-4cf6-a073-59637a2db944/B-B3,uuid:02271a43-c5f3-4cf6-a073-59637a2db944/B-p3_photo_loop,uuid:02271a43-c5f3-4cf6-a073-59637a2db944/B-B4,uuid:02271a43-c5f3-4cf6-a073-59637a2db944/B-p4_photo_loop,uuid:02271a43-c5f3-4cf6-a073-59637a2db944/C-C1,1,uuid:02271a43-c5f3-4cf6-a073-59637a2db944/C-p5_photo_loop,1,uuid:02271a43-c5f3-4cf6-a073-59637a2db944/C-R,Yes,Yes,4,Opposition from other stages,0.0,0.0,0.0,1.0,0.0,0.0,0.0,0.0,3,uuid:02271a43-c5f3-4cf6-a073-59637a2db944/C-C9_branch_loop,uuid:02271a43-c5f3-4cf6-a073-59637a2db944/C-p7_photo_loop,35,75,110.0,100.0,8.0,35.0,50.0,80.0,80.0,8.0,1 2 7 99,Must have a driver permit & Must have been a conductor at the stage & Must have previous work experience & Other,1.0,1.0,0.0,0.0,0.0,0.0,1.0,1.0,0.0,National ID  LC letter,0.0,"First come, first serve on the day","First come, first serve on the day",,1 2 3 4 5 6 7 8 9,Chairperson & Vice Chairperson & Secretary & Treasurer & Welfare & Defence & Mobiliser & Stage Master & Elder Advisor,1.0,1.0,1.0,1.0,1.0,1.0,1.0,1.0,1.0,0.0,0.0,,No,No,,,,,,,,,,,,,,,,,,,,,,,,,,,,media/1725351499750.jpg,media/1725351512831.jpg,2407230723.0,uuid:02271a43-c5f3-4cf6-a073-59637a2db944,2024-09-03 04:29:20,2024-09-03 03:42:50,2024-09-03 04:27:44,2024-09-02,Respondent_753309,22,Nateete-Wakaliga,67,Nateete-Wakaliga,Old Taxi Park,both
2aa80707e1ac7359,,TCL|T610K|13|SurveyCTO Collect 2.81.2 (3771098),1774,,2.0,65.0,Buloba -Bulenga -Bujjuko,Bwaise,Bwaise,,8 10,Rhoda & Vivian,0.0,0.0,0.0,0.0,0.0,0.0,0.0,1.0,0.0,1.0,Buloba -Bulenga -Bujjuko Stage,Other,Other,Guide,2017.0,1997.0,Founded by drivers who did not belong to an older stage,Founded by drivers who did not belong to an older stage,,,,,,,,,,,,,,,,,,,,media/1726305875366.jpg,2.0,1.0,3,media/1726305900377.jpg,3,uuid:718ae86c-f8be-4463-8fb0-99627e437952/B-B3,uuid:718ae86c-f8be-4463-8fb0-99627e437952/B-p3_photo_loop,,,uuid:718ae86c-f8be-4463-8fb0-99627e437952/C-C1,1,uuid:718ae86c-f8be-4463-8fb0-99627e437952/C-p5_photo_loop,1,uuid:718ae86c-f8be-4463-8fb0-99627e437952/C-R,No,No,,,,,,,,,,,3,uuid:718ae86c-f8be-4463-8fb0-99627e437952/C-C9_branch_loop,uuid:718ae86c-f8be-4463-8fb0-99627e437952/C-p7_photo_loop,200,200,50.0,-99.0,15.0,100.0,100.0,40.0,-99.0,10.0,1 2 7 99,Must have a driver permit & Must have been a conductor at the stage & Must have previous work experience & Other,1.0,1.0,0.0,0.0,0.0,0.0,1.0,1.0,0.0,5 years of training as a conductor,0.0,Other,Other,"First come, first serve on the day Predetermined schedule before the day ( one person given priority)",1 2 3 4 5 6 7 99,Chairperson & Vice Chairperson & Secretary & Treasurer & Welfare & Defence & Mobiliser & Other,1.0,1.0,1.0,1.0,1.0,1.0,1.0,0.0,0.0,1.0,0.0,Guide,No,No,,,,,,,,,,,,,,,,,,,,,,,,,,,,media/1726306987089.jpg,media/1726307005521.jpg,2407230723.0,uuid:718ae86c-f8be-4463-8fb0-99627e437952,2024-09-14 09:31:51,2024-09-14 05:21:51,2024-09-14 09:31:40,2024-09-13,Respondent_923306,65,Buloba -Bulenga -Bujjuko,90,Buloba -Bulenga -Bujjuko,Bwaise,both
2aa80707e1ac7359,,TCL|T610K|13|SurveyCTO Collect 2.81.2 (3771098),1021,,1.0,14.0,Ggaba,Kisenyi/Gwanda,Kisenyi/Gwanda,,3 5 8,Fatumah & Joviah & Rhoda,0.0,0.0,1.0,0.0,1.0,0.0,0.0,1.0,0.0,0.0,Ggaba Stage,Chairperson,Chairperson,,2016.0,2016.0,"Originated from an older stage, formed as a separate, independent stage by their","Originated from an older stage, formed as a separate, independent stage by their leaders",,Ggaba,Yes,Yes,8,Old Taxi Park,0.0,0.0,0.0,0.0,0.0,0.0,0.0,1.0,0.0,0.0,0.0,0.0,,media/1723015041141.jpg,1.0,0.0,1,media/1723015066226.jpg,1,uuid:a7b73aa2-9935-441e-b964-532ecfdf0e07/B-B3,uuid:a7b73aa2-9935-441e-b964-532ecfdf0e07/B-p3_photo_loop,,,uuid:a7b73aa2-9935-441e-b964-532ecfdf0e07/C-C1,1,uuid:a7b73aa2-9935-441e-b964-532ecfdf0e07/C-p5_photo_loop,1,uuid:a7b73aa2-9935-441e-b964-532ecfdf0e07/C-R,No,No,,,,,,,,,,,1,,,15,0,,,15.0,15.0,0.0,,,15.0,1 2 99,Must have a driver permit & Must have been a conductor at the stage & Other,1.0,1.0,0.0,0.0,0.0,0.0,0.0,1.0,0.0,Should own a car Recommendation letter from former stage  LC letter from area of residence,3.0,"First come, first serve on the day","First come, first serve on the day",,1 3,Chairperson & Secretary,1.0,0.0,1.0,0.0,0.0,0.0,0.0,0.0,0.0,0.0,0.0,,No,No,,,,,,,,,,,,,,,,,,,,,,,,,,,,media/1723015897676.jpg,,2407230723.0,uuid:a7b73aa2-9935-441e-b964-532ecfdf0e07,2024-08-07 03:36:45,2024-08-07 03:16:05,2024-08-07 03:36:36,2024-08-05,Respondent_112024,14,Ggaba,15,Ggaba,Kisenyi/Gwanda,both
665B1D11-2673-4244-885F-7BA73AF1E3C2,,Apple|iPhone|17.3.1|SurveyCTO Collect 2.80 (274730),2146,,1.0,87.0,Mpererwe-Gayaza stage,Other,Other,Kalerwe Mambule park,3 7 10,Fatumah & Olivia & Vivian,0.0,0.0,1.0,0.0,0.0,0.0,1.0,0.0,0.0,1.0,Mpererwe-Gayaza stage Stage,Secretary,Secretary,,2013.0,2013.0,Founded by drivers who did not belong to an older stage,Founded by drivers who did not belong to an older stage,,,,,,,,,,,,,,,,,,,,media/1727514539066.jpg,2.0,0.0,2,media/1727514607034.jpg,2,uuid:273aa871-bc52-483b-b0d3-7b3ca3913e4e/B-B3,uuid:273aa871-bc52-483b-b0d3-7b3ca3913e4e/B-p3_photo_loop,,,uuid:273aa871-bc52-483b-b0d3-7b3ca3913e4e/C-C1,2,uuid:273aa871-bc52-483b-b0d3-7b3ca3913e4e/C-p5_photo_loop,2,uuid:273aa871-bc52-483b-b0d3-7b3ca3913e4e/C-R,Yes,Yes,1 2,Not enough passengers & Poor road quality,1.0,1.0,0.0,0.0,0.0,0.0,0.0,0.0,2,,,65,40,,,65.0,45.0,30.0,,,45.0,1 2 4 7 99,Must have a driver permit & Must have been a conductor at the stage & Must be referred by an existing stage member & Must have previous work experience & Other,1.0,1.0,0.0,1.0,0.0,0.0,1.0,1.0,0.0,"LC letter, Letter from former stage chairman",12.0,Predetermined schedule before the day,Predetermined schedule before the day,,1 2 3 4 5 6 7 8 9 99,Chairperson & Vice Chairperson & Secretary & Treasurer & Welfare & Defence & Mobiliser & Stage Master & Elder Advisor & Other,1.0,1.0,1.0,1.0,1.0,1.0,1.0,1.0,1.0,1.0,0.0,Chairman for development,Yes,Yes,5.0,99,Other,0.0,0.0,0.0,0.0,0.0,0.0,1.0,0.0,,,Stage membership card,1 2 99,Be a driver & Have a permit/driving license & Other,1.0,1.0,0.0,0.0,0.0,0.0,1.0,0.0,,,Stage member,media/1727516263118.jpg,media/1727516272366.jpg,2407230723.0,uuid:273aa871-bc52-483b-b0d3-7b3ca3913e4e,2024-09-28 13:57:40,2024-09-28 05:05:46,2024-09-28 07:48:59,2024-09-27,Respondent_109214,87,Mpererwe-Gayaza,119,Mpererwe-Gayaza,Kalerwe,both
3e91b3bc962f0796,,TECNO|TECNO KI5k|12|SurveyCTO Collect 2.81.2 (3771098),2731,,3.0,26.0,Bwaise-Katooke,New Taxi Park,New Taxi Park,,1 3 7,Claire & Fatumah & Olivia,1.0,0.0,1.0,0.0,0.0,0.0,1.0,0.0,0.0,0.0,Bwaise-Katooke Stage,Elder,Elder,,2004.0,1990.0,"Originated from an older stage, split off","Originated from an older stage, split off",,Bwaise Wandegeya Katooke,Yes,Yes,8,Old Taxi Park,0.0,0.0,0.0,0.0,0.0,0.0,0.0,1.0,0.0,0.0,0.0,0.0,,media/1727335599847.jpg,2.0,1.0,3,media/1727335677191.jpg,3,uuid:f2724e2d-5211-45eb-b83a-bba916ee96f5/B-B3,uuid:f2724e2d-5211-45eb-b83a-bba916ee96f5/B-p3_photo_loop,,,uuid:f2724e2d-5211-45eb-b83a-bba916ee96f5/C-C1,4,uuid:f2724e2d-5211-45eb-b83a-bba916ee96f5/C-p5_photo_loop,4,uuid:f2724e2d-5211-45eb-b83a-bba916ee96f5/C-R,Yes,Yes,4,Opposition from other stages,0.0,0.0,0.0,1.0,0.0,0.0,0.0,0.0,3,uuid:f2724e2d-5211-45eb-b83a-bba916ee96f5/C-C9_branch_loop,uuid:f2724e2d-5211-45eb-b83a-bba916ee96f5/C-p7_photo_loop,60,61,-99.0,-99.0,50.0,50.0,40.0,-99.0,-99.0,50.0,1 2 3 4 7,Must have a driver permit & Must have been a conductor at the stage & Must be a friend or relative of existing stage member & Must be referred by an existing stage member & Must have previous work experience,1.0,1.0,1.0,1.0,0.0,0.0,1.0,0.0,0.0,,12.0,Predetermined schedule before the day,Predetermined schedule before the day,,1 2 3 4 5 6 9,Chairperson & Vice Chairperson & Secretary & Treasurer & Welfare & Defence & Elder Advisor,1.0,1.0,1.0,1.0,1.0,1.0,0.0,0.0,1.0,0.0,0.0,,No,No,,,,,,,,,,,,,,,,,,,,,,,,,,,,media/1727505583071.jpg,media/1727505594999.jpg,2407230723.0,uuid:f2724e2d-5211-45eb-b83a-bba916ee96f5,2024-11-07 06:17:35,2024-09-26 03:25:00,2024-11-07 06:15:30,2024-09-24,Respondent_668590,26,Kawempe,139,Bwaise-Katooke,New Taxi Park,both
e912dcc7bdab73f5,,Itel|itel A665L|13|SurveyCTO Collect 2.81.2 (3771098),1368,,1.0,86.0,Namere kiteezi buwambo stage,Other,Other,Kalerwe,4 5 9,Gerald & Joviah & Sumaiya,0.0,0.0,0.0,1.0,1.0,0.0,0.0,0.0,1.0,0.0,Namere kiteezi buwambo stage Stage,Branch Leader (but not one of the above),Branch Leader (but not one of the above),,2010.0,2010.0,"Originated from an older stage, split off","Originated from an older stage, split off",,Mpererwe Gayaza,Yes,Yes,99,Other,0.0,0.0,0.0,0.0,0.0,0.0,0.0,0.0,0.0,0.0,1.0,0.0,Kalerwe,media/1727512031090.jpg,3.0,0.0,3,media/1727512053405.jpg,3,uuid:1c445155-4fe4-4416-81c5-144e35a9519b/B-B3,uuid:1c445155-4fe4-4416-81c5-144e35a9519b/B-p3_photo_loop,,,uuid:1c445155-4fe4-4416-81c5-144e35a9519b/C-C1,1,uuid:1c445155-4fe4-4416-81c5-144e35a9519b/C-p5_photo_loop,1,uuid:1c445155-4fe4-4416-81c5-144e35a9519b/C-R,Yes,Yes,1 2 6 100,Not enough passengers & Poor road quality & Drivers don’t want to go & No response,1.0,1.0,0.0,0.0,0.0,1.0,0.0,1.0,3,,,46,30,3.0,,10.0,10.0,8.0,3.0,,10.0,1 99,Must have a driver permit & Other,1.0,0.0,0.0,0.0,0.0,0.0,0.0,1.0,0.0,"LC letter, Recommendation letter of previous stage National identity card",3.0,Predetermined schedule before the day,Predetermined schedule before the day,,1 2 3 4 5 6 7 8 9 99,Chairperson & Vice Chairperson & Secretary & Treasurer & Welfare & Defence & Mobiliser & Stage Master & Elder Advisor & Other,1.0,1.0,1.0,1.0,1.0,1.0,1.0,1.0,1.0,1.0,0.0,Councilor,No,No,,,,,,,,,,,,,,,,,,,,,,,,,,,,media/1727512902245.jpg,media/1727512916888.jpg,2407230723.0,uuid:1c445155-4fe4-4416-81c5-144e35a9519b,2024-09-28 09:47:39,2024-09-28 04:22:05,2024-09-28 04:51:40,2024-09-28,Respondent_586405,86,Namere Kiteezi Buwambo,118,Namere Kiteezi Buwambo,Kalerwe,both
665B1D11-2673-4244-885F-7BA73AF1E3C2,,Apple|iPhone|17.3.1|SurveyCTO Collect 2.80 (274730),2483,,1.0,57.0,Ggaba stage,Nateete,Nateete,,1 3 7,Claire & Fatumah & Olivia,1.0,0.0,1.0,0.0,0.0,0.0,1.0,0.0,0.0,0.0,Ggaba stage Stage,Chairperson,Chairperson,,2000.0,2000.0,"Originated from an older stage, split off","Originated from an older stage, split off",,Ggaba,Yes,Yes,8,Old Taxi Park,0.0,0.0,0.0,0.0,0.0,0.0,0.0,1.0,0.0,0.0,0.0,0.0,,media/1725877622136.jpg,1.0,0.0,1,media/1725877635097.jpg,1,uuid:54d9ec93-6c74-4188-a269-839ce6b2ba6f/B-B3,uuid:54d9ec93-6c74-4188-a269-839ce6b2ba6f/B-p3_photo_loop,,,uuid:54d9ec93-6c74-4188-a269-839ce6b2ba6f/C-C1,1,uuid:54d9ec93-6c74-4188-a269-839ce6b2ba6f/C-p5_photo_loop,1,uuid:54d9ec93-6c74-4188-a269-839ce6b2ba6f/C-R,No,No,,,,,,,,,,,1,,,30,30,30.0,30.0,10.0,14.0,10.0,12.0,25.0,7.0,1 2 7,Must have a driver permit & Must have been a conductor at the stage & Must have previous work experience,1.0,1.0,0.0,0.0,0.0,0.0,1.0,0.0,0.0,,0.0,"First come, first serve on the day","First come, first serve on the day",,1 2 3 4 5 6,Chairperson & Vice Chairperson & Secretary & Treasurer & Welfare & Defence,1.0,1.0,1.0,1.0,1.0,1.0,0.0,0.0,0.0,0.0,0.0,,Yes,Yes,10.0,99,Other,0.0,0.0,0.0,0.0,0.0,0.0,1.0,0.0,,,Must be a stage member,1 2 4 6,Be a driver & Have a permit/driving license & No criminal record & Need to have been at the stage for ____ years,1.0,1.0,0.0,1.0,0.0,1.0,0.0,0.0,,5,,media/1725878842987.jpg,media/1725878850001.jpg,2407230723.0,uuid:54d9ec93-6c74-4188-a269-839ce6b2ba6f,2024-09-09 22:30:51,2024-09-09 06:24:35,2024-09-09 13:21:38,2024-09-06,Respondent_946243,57,Ggaba,78,Ggaba,Nateete,both
7b3ea01a9b188ca2,,Redmi|Redmi Note 9S|11|SurveyCTO Collect 2.81.2 (3771098),3304,,1.0,34.0,Nsambya,Old Taxi Park,Old Taxi Park,,3 4 10,Fatumah & Gerald & Vivian,0.0,0.0,1.0,1.0,0.0,0.0,0.0,0.0,0.0,1.0,Nsambya Stage,Elder,Elder,,2005.0,1980.0,"Originated from an older stage, split off","Originated from an older stage, split off",,Buziga,Yes,Yes,8,Old Taxi Park,0.0,0.0,0.0,0.0,0.0,0.0,0.0,1.0,0.0,0.0,0.0,0.0,,media/1724070438119.jpg,1.0,2.0,3,media/1724070480552.jpg,3,uuid:640abc5e-306f-4d1d-8f3a-66dc45820f54/B-B3,uuid:640abc5e-306f-4d1d-8f3a-66dc45820f54/B-p3_photo_loop,,,uuid:640abc5e-306f-4d1d-8f3a-66dc45820f54/C-C1,4,uuid:640abc5e-306f-4d1d-8f3a-66dc45820f54/C-p5_photo_loop,4,uuid:640abc5e-306f-4d1d-8f3a-66dc45820f54/C-R,No,No,,,,,,,,,,,3,uuid:640abc5e-306f-4d1d-8f3a-66dc45820f54/C-C9_branch_loop,uuid:640abc5e-306f-4d1d-8f3a-66dc45820f54/C-p7_photo_loop,100,100,120.0,150.0,60.0,45.0,60.0,60.0,60.0,45.0,2,Must have been a conductor at the stage,0.0,1.0,0.0,0.0,0.0,0.0,0.0,0.0,0.0,,10.0,"First come, first serve on the day","First come, first serve on the day",,1 2 3 4 5 6 7 8 9,Chairperson & Vice Chairperson & Secretary & Treasurer & Welfare & Defence & Mobiliser & Stage Master & Elder Advisor,1.0,1.0,1.0,1.0,1.0,1.0,1.0,1.0,1.0,0.0,0.0,,Yes,Yes,5.0,99,Other,0.0,0.0,0.0,0.0,0.0,0.0,1.0,0.0,,,Stage member with good conduct,2 4 5 6,Have a permit/driving license & No criminal record & Must have a family & Need to have been at the stage for ____ years,0.0,1.0,0.0,1.0,1.0,1.0,0.0,0.0,,20,,media/1724072338146.jpg,media/1724072346768.jpg,2407230723.0,uuid:640abc5e-306f-4d1d-8f3a-66dc45820f54,2024-08-20 00:04:08,2024-08-19 08:25:12,2024-08-20 00:02:34,2024-08-16,Respondent_178397,34,Nsambya,37,Nsambya,Old Taxi Park,both
0F717E25-0542-496A-9B46-40D56DB59F40,,Apple|iPhone|17.5.1|SurveyCTO Collect 2.80 (274730),3050,,2.0,1.0,Kasenyi,Old Taxi Park,Old Taxi Park,,5 10,Joviah & Vivian,0.0,0.0,0.0,0.0,1.0,0.0,0.0,0.0,0.0,1.0,Kasenyi Stage,Elder,Elder,,1989.0,1983.0,"Originated from an older stage, split off","Originated from an older stage, split off",,Entebbe,Yes,Yes,3 8 10,Kisenyi/Gwanda & Old Taxi Park & Valley,0.0,0.0,1.0,0.0,0.0,0.0,0.0,1.0,0.0,1.0,0.0,0.0,,media/1724832014132.jpg,2.0,0.0,2,media/1724832261634.jpg,2,uuid:00d38599-da54-4148-be79-f6755064087a/B-B3,uuid:00d38599-da54-4148-be79-f6755064087a/B-p3_photo_loop,,,uuid:00d38599-da54-4148-be79-f6755064087a/C-C1,1,uuid:00d38599-da54-4148-be79-f6755064087a/C-p5_photo_loop,1,uuid:00d38599-da54-4148-be79-f6755064087a/C-R,No,No,,,,,,,,,,,2,,,60,30,40.0,20.0,40.0,40.0,20.0,35.0,15.0,30.0,1 2 99,Must have a driver permit & Must have been a conductor at the stage & Other,1.0,1.0,0.0,0.0,0.0,0.0,0.0,1.0,0.0,5 years being trained at the stage,6.0,Predetermined schedule before the day,Predetermined schedule before the day,,1 2 3 4 5 6 99,Chairperson & Vice Chairperson & Secretary & Treasurer & Welfare & Defence & Other,1.0,1.0,1.0,1.0,1.0,1.0,0.0,0.0,0.0,1.0,0.0,2 guides,No,No,,,,,,,,,,,,,,,,,,,,,,,,,,,,media/1724834520384.jpg,media/1724834526150.jpg,2407230723.0,uuid:00d38599-da54-4148-be79-f6755064087a,2024-08-28 12:08:33,2024-08-28 03:55:22,2024-08-28 04:47:15,2024-08-27,Respondent_950642,1,Kasenyi,54,Kasenyi,Old Taxi Park,both
357759081484347,,samsung|SM-G955U|9|SurveyCTO Collect 2.81.2 (3771098),1004,,1.0,64.0,Maya Mpigi Bulo,Nateete,Nateete,,4 5 9,Gerald & Joviah & Sumaiya,0.0,0.0,0.0,1.0,1.0,0.0,0.0,0.0,1.0,0.0,Maya Mpigi Bulo Stage,Branch Leader (but not one of the above),Branch Leader (but not one of the above),,2014.0,1993.0,"Originated from an older stage, formed as a separate, independent stage by their","Originated from an older stage, formed as a separate, independent stage by their leaders",,Kayabwe,No,No,,,,,,,,,,,,,,,,media/1726043955314.jpg,2.0,0.0,2,media/1726044007688.jpg,2,uuid:11018632-03e1-47f5-84d6-7141c71eeb70/B-B3,uuid:11018632-03e1-47f5-84d6-7141c71eeb70/B-p3_photo_loop,,,uuid:11018632-03e1-47f5-84d6-7141c71eeb70/C-C1,1,uuid:11018632-03e1-47f5-84d6-7141c71eeb70/C-p5_photo_loop,1,uuid:11018632-03e1-47f5-84d6-7141c71eeb70/C-R,No,No,,,,,,,,,,,2,,,62,70,20.0,10.0,5.0,40.0,60.0,20.0,10.0,5.0,1 2,Must have a driver permit & Must have been a conductor at the stage,1.0,1.0,0.0,0.0,0.0,0.0,0.0,0.0,0.0,,5.0,Predetermined schedule before the day,Predetermined schedule before the day,,1 2 3 4 5 6 7 8 9,Chairperson & Vice Chairperson & Secretary & Treasurer & Welfare & Defence & Mobiliser & Stage Master & Elder Advisor,1.0,1.0,1.0,1.0,1.0,1.0,1.0,1.0,1.0,0.0,0.0,,No,No,,,,,,,,,,,,,,,,,,,,,,,,,,,,media/1726044432874.jpg,media/1726044442131.jpg,2407230723.0,uuid:11018632-03e1-47f5-84d6-7141c71eeb70,2024-09-11 06:33:05,2024-09-11 04:36:08,2024-09-11 04:59:02,2024-09-11,Respondent_116161,64,Maya Mpigi Bulo,83,Maya Mpigi Bulo,Nateete,both
357759081484347,,samsung|SM-G955U|9|SurveyCTO Collect 2.81.2 (3771098),3570,,2.0,13.0,Namugongo,Old Taxi Park,Old Taxi Park,,5 10,Joviah & Vivian,0.0,0.0,0.0,0.0,1.0,0.0,0.0,0.0,0.0,1.0,Namugongo Stage,Chairperson,Chairperson,,1993.0,1979.0,Founded by drivers who did not belong to an older stage,Founded by drivers who did not belong to an older stage,,,,,,,,,,,,,,,,,,,,media/1724667378043.jpg,3.0,1.0,4,media/1724667404410.jpg,4,uuid:200740cb-c1eb-40a2-bcc2-d8fc42e35b79/B-B3,uuid:200740cb-c1eb-40a2-bcc2-d8fc42e35b79/B-p3_photo_loop,,,uuid:200740cb-c1eb-40a2-bcc2-d8fc42e35b79/C-C1,7,uuid:200740cb-c1eb-40a2-bcc2-d8fc42e35b79/C-p5_photo_loop,7,uuid:200740cb-c1eb-40a2-bcc2-d8fc42e35b79/C-R,Yes,Yes,6 99,Drivers don’t want to go & Other,0.0,0.0,0.0,0.0,0.0,1.0,1.0,0.0,4,uuid:200740cb-c1eb-40a2-bcc2-d8fc42e35b79/C-C9_branch_loop,uuid:200740cb-c1eb-40a2-bcc2-d8fc42e35b79/C-p7_photo_loop,86,56,35.0,-99.0,66.0,55.0,40.0,25.0,-99.0,50.0,1 2 7 99,Must have a driver permit & Must have been a conductor at the stage & Must have previous work experience & Other,1.0,1.0,0.0,0.0,0.0,0.0,1.0,1.0,0.0,Been at the stage for six years,10.0,Predetermined schedule before the day,Predetermined schedule before the day,,1 2 3 4 5 6 7 9,Chairperson & Vice Chairperson & Secretary & Treasurer & Welfare & Defence & Mobiliser & Elder Advisor,1.0,1.0,1.0,1.0,1.0,1.0,1.0,0.0,1.0,0.0,0.0,,Yes,Yes,4.0,1 2 4 99,Be a driver & Have a permit/driving license & No criminal record & Other,1.0,1.0,0.0,1.0,0.0,0.0,1.0,0.0,,,Be a registered member,1 2 4 6 99,Be a driver & Have a permit/driving license & No criminal record & Need to have been at the stage for ____ years & Other,1.0,1.0,0.0,1.0,0.0,1.0,1.0,0.0,,10,National ID  Permanent address Lc letter,media/1724670233359.jpg,media/1724670244867.jpg,2407230723.0,uuid:200740cb-c1eb-40a2-bcc2-d8fc42e35b79,2024-08-26 07:23:09,2024-08-26 06:14:47,2024-08-26 07:22:36,2024-08-23,Respondent_286191,13,Namugongo,51,Namugongo,Old Taxi Park,both
3e91b3bc962f0796,,TECNO|TECNO KI5k|12|SurveyCTO Collect 2.81.2 (3771098),9086,,7.0,6.0,Nateete -kyengera-Nsangi-Maya,Valley,Valley,,1 3 10,Claire & Fatumah & Vivian,1.0,0.0,1.0,0.0,0.0,0.0,0.0,0.0,0.0,1.0,Nateete -kyengera-Nsangi-Maya Stage,Elder,Elder,,2005.0,1991.0,"Originated from an older stage, split off","Originated from an older stage, split off",,Nateete -Ndeeba-Kibuye-Katwe,Yes,Yes,7,New Taxi Park,0.0,0.0,0.0,0.0,0.0,0.0,1.0,0.0,0.0,0.0,0.0,0.0,,media/1721972684210.jpg,1.0,0.0,1,media/1721986196300.jpg,1,uuid:3b702507-ed1d-4ee4-90d8-81161156d55b/B-B3,uuid:3b702507-ed1d-4ee4-90d8-81161156d55b/B-p3_photo_loop,uuid:3b702507-ed1d-4ee4-90d8-81161156d55b/B-B4,uuid:3b702507-ed1d-4ee4-90d8-81161156d55b/B-p4_photo_loop,uuid:3b702507-ed1d-4ee4-90d8-81161156d55b/C-C1,5,uuid:3b702507-ed1d-4ee4-90d8-81161156d55b/C-p5_photo_loop,5,uuid:3b702507-ed1d-4ee4-90d8-81161156d55b/C-R,Yes,Yes,2 4,Poor road quality & Opposition from other stages,0.0,1.0,0.0,1.0,0.0,0.0,0.0,0.0,1,,,20,0,0.0,0.0,10.0,10.0,0.0,0.0,0.0,10.0,99,Other,0.0,0.0,0.0,0.0,0.0,0.0,0.0,1.0,0.0,"LC letter, National ID",2.0,"First come, first serve on the day","First come, first serve on the day",,1 2 3 4 5 6 99,Chairperson & Vice Chairperson & Secretary & Treasurer & Welfare & Defence & Other,1.0,1.0,1.0,1.0,1.0,1.0,0.0,0.0,0.0,1.0,0.0,"M&E(Kalondoozi), stage Advisor",Yes,Yes,3.0,6 99,Need to have been at the stage for ____ years & Other,0.0,0.0,0.0,0.0,0.0,1.0,1.0,0.0,,2,Must be a stage member,2 6 99,Have a permit/driving license & Need to have been at the stage for ____ years & Other,0.0,1.0,0.0,0.0,0.0,1.0,1.0,0.0,,2,Must be a stage member,media/1722152413542.jpg,media/1722152442932.jpg,2407230723.0,uuid:3b702507-ed1d-4ee4-90d8-81161156d55b,2024-07-30 10:25:50,2024-07-26 01:25:41,2024-07-30 09:03:05,2024-07-24,Respondent_40190,6,Nateete,7,Nateete-Kyengera-Nsangi-Maya,Valley,both
665B1D11-2673-4244-885F-7BA73AF1E3C2,,Apple|iPhone|17.3.1|SurveyCTO Collect 2.80 (274730),2269,,3.0,13.0,Namugongo,Bwaise,Bwaise,,1 7,Claire & Olivia,1.0,0.0,0.0,0.0,0.0,0.0,1.0,0.0,0.0,0.0,Namugongo Stage,Branch Leader (but not one of the above),Branch Leader (but not one of the above),,1996.0,1963.0,Founded by drivers who did not belong to an older stage,Founded by drivers who did not belong to an older stage,,,,,,,,,,,,,,,,,,,,media/1728376068703.jpg,3.0,1.0,4,media/1728376118896.jpg,4,uuid:d93eeae3-4086-4753-89a1-34a0c4239c9f/B-B3,uuid:d93eeae3-4086-4753-89a1-34a0c4239c9f/B-p3_photo_loop,,,uuid:d93eeae3-4086-4753-89a1-34a0c4239c9f/C-C1,2,uuid:d93eeae3-4086-4753-89a1-34a0c4239c9f/C-p5_photo_loop,2,uuid:d93eeae3-4086-4753-89a1-34a0c4239c9f/C-R,No,No,,,,,,,,,,,4,uuid:d93eeae3-4086-4753-89a1-34a0c4239c9f/C-C9_branch_loop,uuid:d93eeae3-4086-4753-89a1-34a0c4239c9f/C-p7_photo_loop,80,78,50.0,25.0,15.0,70.0,63.0,45.0,20.0,15.0,1 2 7,Must have a driver permit & Must have been a conductor at the stage & Must have previous work experience,1.0,1.0,0.0,0.0,0.0,0.0,1.0,0.0,0.0,,5.0,Other,Other,Pre determined for the first 8 vehicles that work in Bwaise park and then vehicles from other branches: first come first serve,1 2 3 4 5 6 7 99,Chairperson & Vice Chairperson & Secretary & Treasurer & Welfare & Defence & Mobiliser & Other,1.0,1.0,1.0,1.0,1.0,1.0,1.0,0.0,0.0,1.0,0.0,Guide,Yes,Yes,5.0,1 2 99,Be a driver & Have a permit/driving license & Other,1.0,1.0,0.0,0.0,0.0,0.0,1.0,0.0,,,Must be a driver at the stage for about 4-5 years,1 2 99,Be a driver & Have a permit/driving license & Other,1.0,1.0,0.0,0.0,0.0,0.0,1.0,0.0,,,"National ID,Member on the chart for about 4-5 years",media/1728378289270.jpg,media/1728377618335.jpg,2407230723.0,uuid:d93eeae3-4086-4753-89a1-34a0c4239c9f,2024-10-08 07:31:51,2024-10-08 04:26:09,2024-10-08 05:04:54,2024-10-07,Respondent_582519,13,Namugongo,133,Namugongo,Bwaise,both
357759081484347,,samsung|SM-G955U|9|SurveyCTO Collect 2.81.2 (3771098),2335,,1.0,27.0,Mpererwe-Kiteezi-Kitara Taso-Komamboga,Old Taxi Park,Old Taxi Park,,5 7 9,Joviah & Olivia & Sumaiya,0.0,0.0,0.0,0.0,1.0,0.0,1.0,0.0,1.0,0.0,Mpererwe-Kiteezi-Kitara Taso-Komamboga Stage,Chairperson,Chairperson,,1998.0,1982.0,"Originated from an older stage, split off","Originated from an older stage, split off",,Gayaza,Yes,Yes,8,Old Taxi Park,0.0,0.0,0.0,0.0,0.0,0.0,0.0,1.0,0.0,0.0,0.0,0.0,,media/1723798959254.jpg,1.0,0.0,1,media/1723798977551.jpg,1,uuid:ed282a30-8086-4f08-88f4-4b17deb9dfd5/B-B3,uuid:ed282a30-8086-4f08-88f4-4b17deb9dfd5/B-p3_photo_loop,,,uuid:ed282a30-8086-4f08-88f4-4b17deb9dfd5/C-C1,3,uuid:ed282a30-8086-4f08-88f4-4b17deb9dfd5/C-p5_photo_loop,3,uuid:ed282a30-8086-4f08-88f4-4b17deb9dfd5/C-R,No,No,,,,,,,,,,,1,,,28,0,0.0,0.0,28.0,20.0,0.0,0.0,0.0,20.0,1 99,Must have a driver permit & Other,1.0,0.0,0.0,0.0,0.0,0.0,0.0,1.0,0.0,Be active for 2 years at the stage LC letter National ID photocopy,6.0,"First come, first serve on the day","First come, first serve on the day",,1 2 3 4 5 6 7 8,Chairperson & Vice Chairperson & Secretary & Treasurer & Welfare & Defence & Mobiliser & Stage Master,1.0,1.0,1.0,1.0,1.0,1.0,1.0,1.0,0.0,0.0,0.0,,Yes,Yes,5.0,2 4 6 99,Have a permit/driving license & No criminal record & Need to have been at the stage for ____ years & Other,0.0,1.0,0.0,1.0,0.0,1.0,1.0,0.0,,2,National ID,2 3 4 6 99,Have a permit/driving license & Older than _____ & No criminal record & Need to have been at the stage for ____ years & Other,0.0,1.0,1.0,1.0,0.0,1.0,1.0,0.0,18,10,National ID Pontential,media/1723800329606.jpg,media/1723800340047.jpg,2407230723.0,uuid:ed282a30-8086-4f08-88f4-4b17deb9dfd5,2024-08-16 06:04:55,2024-08-16 05:00:36,2024-08-16 05:41:03,2024-08-15,Respondent_315754,27,Mpererwe,34,Mpererwe-Kiteezi-Kitara Taso-Komamboga,Old Taxi Park,both
0F717E25-0542-496A-9B46-40D56DB59F40,,Apple|iPhone|17.5.1|SurveyCTO Collect 2.80 (274730),5549,,1.0,47.0,Kiruddu Hospital,Old Taxi Park,Old Taxi Park,,5 10,Joviah & Vivian,0.0,0.0,0.0,0.0,1.0,0.0,0.0,0.0,0.0,1.0,Kiruddu Hospital Stage,Chairperson,Chairperson,,1992.0,1989.0,"Originated from an older stage, split off","Originated from an older stage, split off",,Kibuli,Yes,Yes,8,Old Taxi Park,0.0,0.0,0.0,0.0,0.0,0.0,0.0,1.0,0.0,0.0,0.0,0.0,,media/1725005777077.jpg,1.0,0.0,1,media/1725005837986.jpg,1,uuid:111f3489-6388-4379-8fa8-c7a5b6c30b08/B-B3,uuid:111f3489-6388-4379-8fa8-c7a5b6c30b08/B-p3_photo_loop,uuid:111f3489-6388-4379-8fa8-c7a5b6c30b08/B-B4,uuid:111f3489-6388-4379-8fa8-c7a5b6c30b08/B-p4_photo_loop,uuid:111f3489-6388-4379-8fa8-c7a5b6c30b08/C-C1,3,uuid:111f3489-6388-4379-8fa8-c7a5b6c30b08/C-p5_photo_loop,3,uuid:111f3489-6388-4379-8fa8-c7a5b6c30b08/C-R,Yes,Yes,4,Opposition from other stages,0.0,0.0,0.0,1.0,0.0,0.0,0.0,0.0,1,,,68,100,150.0,60.0,50.0,50.0,80.0,110.0,50.0,50.0,1 2 7,Must have a driver permit & Must have been a conductor at the stage & Must have previous work experience,1.0,1.0,0.0,0.0,0.0,0.0,1.0,0.0,0.0,,10.0,"First come, first serve on the day","First come, first serve on the day",,1 2 3 4 5 6 7,Chairperson & Vice Chairperson & Secretary & Treasurer & Welfare & Defence & Mobiliser,1.0,1.0,1.0,1.0,1.0,1.0,1.0,0.0,0.0,0.0,0.0,,Yes,Yes,5.0,1 99,Be a driver & Other,1.0,0.0,0.0,0.0,0.0,0.0,1.0,0.0,,,Confirmed stage member (who qualifies to receive welfare money),1 2 6 99,Be a driver & Have a permit/driving license & Need to have been at the stage for ____ years & Other,1.0,1.0,0.0,0.0,0.0,1.0,1.0,0.0,,20,"Good conduct, permanent residence/address for the treasurer",media/1725010467416.jpg,media/1725010479544.jpg,2407230723.0,uuid:111f3489-6388-4379-8fa8-c7a5b6c30b08,2024-08-30 05:54:09,2024-08-30 04:13:34,2024-08-30 05:53:38,2024-08-29,Respondent_66951,47,Salaama-Munyonyo / Kiruddu Hospital,60,Kiruddu Hospital,Old Taxi Park,both
0F717E25-0542-496A-9B46-40D56DB59F40,,Apple|iPhone|17.5.1|SurveyCTO Collect 2.80 (274730),1204,,10.0,9.0,Nyanama,Valley,Valley,,1 3 10,Claire & Fatumah & Vivian,1.0,0.0,1.0,0.0,0.0,0.0,0.0,0.0,0.0,1.0,Nyanama Stage,Elder,Elder,,2009.0,2009.0,"Originated from an older stage, split off","Originated from an older stage, split off",,Zana,Yes,Yes,8 10,Old Taxi Park & Valley,0.0,0.0,0.0,0.0,0.0,0.0,0.0,1.0,0.0,1.0,0.0,0.0,,media/1722306505756.jpg,1.0,1.0,2,media/1722306546337.jpg,2,uuid:32df1220-a062-4d4f-9ed3-a6656e040eba/B-B3,uuid:32df1220-a062-4d4f-9ed3-a6656e040eba/B-p3_photo_loop,,,uuid:32df1220-a062-4d4f-9ed3-a6656e040eba/C-C1,1,uuid:32df1220-a062-4d4f-9ed3-a6656e040eba/C-p5_photo_loop,1,uuid:32df1220-a062-4d4f-9ed3-a6656e040eba/C-R,No,No,,,,,,,,,,,2,uuid:32df1220-a062-4d4f-9ed3-a6656e040eba/C-C9_branch_loop,uuid:32df1220-a062-4d4f-9ed3-a6656e040eba/C-p7_photo_loop,20,20,20.0,,20.0,9.0,9.0,9.0,,9.0,2 3 99,Must have been a conductor at the stage & Must be a friend or relative of existing stage member & Other,0.0,1.0,1.0,0.0,0.0,0.0,0.0,1.0,0.0,"LC1 letter, National ID, parent recommendation, Registration fees",0.0,"First come, first serve on the day","First come, first serve on the day",,1 2 3 4 5 6 8,Chairperson & Vice Chairperson & Secretary & Treasurer & Welfare & Defence & Stage Master,1.0,1.0,1.0,1.0,1.0,1.0,0.0,1.0,0.0,0.0,0.0,,No,No,,,,,,,,,,,,,,,,,,,,,,,,,,,,media/1722307566623.jpg,media/1722307578630.jpg,2407230723.0,uuid:32df1220-a062-4d4f-9ed3-a6656e040eba,2024-07-30 10:14:43,2024-07-29 22:26:44,2024-07-30 08:33:29,2024-07-29,Respondent_198140,9,Nyanama,10,Nyanama,Valley,both
3e91b3bc962f0796,,TECNO|TECNO KI5k|12|SurveyCTO Collect 2.81.2 (3771098),2870,,2.0,15.0,Bunamwaya-Mutundwe-Kabuusu,New Taxi Park,New Taxi Park,,1 3 7,Claire & Fatumah & Olivia,1.0,0.0,1.0,0.0,0.0,0.0,1.0,0.0,0.0,0.0,Bunamwaya-Mutundwe-Kabuusu  Stage,Chairperson,Chairperson,,2007.0,2007.0,"Originated from an older stage, split off","Originated from an older stage, split off",,Bunamwaya -Busabaala,No,No,,,,,,,,,,,,,,,,media/1727258403484.jpg,4.0,2.0,6,media/1727258430701.jpg,6,uuid:11626d68-3e33-4bbf-a155-a494e8062f7b/B-B3,uuid:11626d68-3e33-4bbf-a155-a494e8062f7b/B-p3_photo_loop,,,uuid:11626d68-3e33-4bbf-a155-a494e8062f7b/C-C1,3,uuid:11626d68-3e33-4bbf-a155-a494e8062f7b/C-p5_photo_loop,3,uuid:11626d68-3e33-4bbf-a155-a494e8062f7b/C-R,Yes,Yes,1 4,Not enough passengers & Opposition from other stages,1.0,0.0,0.0,1.0,0.0,0.0,0.0,0.0,6,uuid:11626d68-3e33-4bbf-a155-a494e8062f7b/C-C9_branch_loop,uuid:11626d68-3e33-4bbf-a155-a494e8062f7b/C-p7_photo_loop,105,52,43.0,,70.0,80.0,30.0,30.0,,70.0,1 2 7,Must have a driver permit & Must have been a conductor at the stage & Must have previous work experience,1.0,1.0,0.0,0.0,0.0,0.0,1.0,0.0,0.0,,4.0,"First come, first serve on the day","First come, first serve on the day",,1 2 3 4 5 6 7 9,Chairperson & Vice Chairperson & Secretary & Treasurer & Welfare & Defence & Mobiliser & Elder Advisor,1.0,1.0,1.0,1.0,1.0,1.0,1.0,0.0,1.0,0.0,0.0,,No,No,,,,,,,,,,,,,,,,,,,,,,,,,,,,media/1727260954066.jpg,media/1727260968852.jpg,2407230723.0,uuid:11626d68-3e33-4bbf-a155-a494e8062f7b,2024-09-25 07:19:36,2024-09-25 05:55:37,2024-09-25 06:43:27,2024-09-25,Respondent_680066,15,Bunamwaya,113,Bunamwaya-Mutundwe-Kabuusu,New Taxi Park,both
353309090902287,,samsung|SM-G960U|9|SurveyCTO Collect 2.81.2 (3771098),2918,,1.0,47.0,Kiruddu hospital,Old Taxi Park,Old Taxi Park,,5 10,Joviah & Vivian,0.0,0.0,0.0,0.0,1.0,0.0,0.0,0.0,0.0,1.0,Kiruddu hospital Stage,Secretary,Secretary,,2006.0,1989.0,"Originated from an older stage, split off","Originated from an older stage, split off",,Kibuli,Yes,Yes,8,Old Taxi Park,0.0,0.0,0.0,0.0,0.0,0.0,0.0,1.0,0.0,0.0,0.0,0.0,,media/1725007032200.jpg,1.0,0.0,1,media/1725007051901.jpg,1,uuid:28926d53-fc1b-4fba-9ef0-d2661e180b11/B-B3,uuid:28926d53-fc1b-4fba-9ef0-d2661e180b11/B-p3_photo_loop,uuid:28926d53-fc1b-4fba-9ef0-d2661e180b11/B-B4,uuid:28926d53-fc1b-4fba-9ef0-d2661e180b11/B-p4_photo_loop,uuid:28926d53-fc1b-4fba-9ef0-d2661e180b11/C-C1,3,uuid:28926d53-fc1b-4fba-9ef0-d2661e180b11/C-p5_photo_loop,3,uuid:28926d53-fc1b-4fba-9ef0-d2661e180b11/C-R,Yes,Yes,4,Opposition from other stages,0.0,0.0,0.0,1.0,0.0,0.0,0.0,0.0,1,,,68,100,150.0,60.0,68.0,50.0,90.0,110.0,50.0,50.0,2 99,Must have been a conductor at the stage & Other,0.0,1.0,0.0,0.0,0.0,0.0,0.0,1.0,0.0,Disciplined,10.0,"First come, first serve on the day","First come, first serve on the day",,1 2 3 4 5 6 7,Chairperson & Vice Chairperson & Secretary & Treasurer & Welfare & Defence & Mobiliser,1.0,1.0,1.0,1.0,1.0,1.0,1.0,0.0,0.0,0.0,0.0,,Yes,Yes,5.0,1 2,Be a driver & Have a permit/driving license,1.0,1.0,0.0,0.0,0.0,0.0,0.0,0.0,,,,1 2 99,Be a driver & Have a permit/driving license & Other,1.0,1.0,0.0,0.0,0.0,0.0,1.0,0.0,,,Disciplined Have knowledge on the background of the stage,media/1725008499105.jpg,media/1725008515179.jpg,2407230723.0,uuid:28926d53-fc1b-4fba-9ef0-d2661e180b11,2024-08-30 05:54:15,2024-08-30 04:35:11,2024-08-30 05:52:51,2024-08-30,Respondent_969497,47,Salaama-Munyonyo / Kiruddu Hospital,60,Kiruddu Hospital,Old Taxi Park,both
2aa80707e1ac7359,,TCL|T610K|13|SurveyCTO Collect 2.81.2 (3771098),6729,,2.0,4.0,Kajjansi,Old Taxi Park,Old Taxi Park,,3 7 8,Fatumah & Olivia & Rhoda,0.0,0.0,1.0,0.0,0.0,0.0,1.0,1.0,0.0,0.0,Kajjansi Stage,Branch Leader (but not one of the above),Branch Leader (but not one of the above),,1995.0,1979.0,"Originated from an older stage, split off","Originated from an older stage, split off",,Entebbe,Yes,Yes,1 2 3 6 8 99,Bwaise & Kibuye & Kisenyi/Gwanda & Nateete & Old Taxi Park & Other,1.0,1.0,1.0,0.0,0.0,1.0,0.0,1.0,0.0,0.0,1.0,0.0,Nakawa,media/1724742428954.jpg,3.0,5.0,8,media/1724742462092.jpg,8,uuid:b4cf4252-8cc2-45fa-b008-679f7badb8f5/B-B3,uuid:b4cf4252-8cc2-45fa-b008-679f7badb8f5/B-p3_photo_loop,uuid:b4cf4252-8cc2-45fa-b008-679f7badb8f5/B-B4,uuid:b4cf4252-8cc2-45fa-b008-679f7badb8f5/B-p4_photo_loop,uuid:b4cf4252-8cc2-45fa-b008-679f7badb8f5/C-C1,6,uuid:b4cf4252-8cc2-45fa-b008-679f7badb8f5/C-p5_photo_loop,6,uuid:b4cf4252-8cc2-45fa-b008-679f7badb8f5/C-R,No,No,,,,,,,,,,,8,uuid:b4cf4252-8cc2-45fa-b008-679f7badb8f5/C-C9_branch_loop,uuid:b4cf4252-8cc2-45fa-b008-679f7badb8f5/C-p7_photo_loop,90,150,150.0,-99.0,90.0,65.0,100.0,100.0,-99.0,65.0,1 2 7 99,Must have a driver permit & Must have been a conductor at the stage & Must have previous work experience & Other,1.0,1.0,0.0,0.0,0.0,0.0,1.0,1.0,0.0,LC letter  Entry fee,6.0,"First come, first serve on the day","First come, first serve on the day",,1 2 3 4 5 6 7 8,Chairperson & Vice Chairperson & Secretary & Treasurer & Welfare & Defence & Mobiliser & Stage Master,1.0,1.0,1.0,1.0,1.0,1.0,1.0,1.0,0.0,0.0,0.0,,Yes,Yes,5.0,1 2 99,Be a driver & Have a permit/driving license & Other,1.0,1.0,0.0,0.0,0.0,0.0,1.0,0.0,,,Must be a stage member,1 2 4 6,Be a driver & Have a permit/driving license & No criminal record & Need to have been at the stage for ____ years,1.0,1.0,0.0,1.0,0.0,1.0,0.0,0.0,,10,,media/1724746927023.jpg,media/1724746944522.jpg,2407230723.0,uuid:b4cf4252-8cc2-45fa-b008-679f7badb8f5,2024-08-27 05:38:04,2024-08-27 03:04:37,2024-08-27 05:32:19,2024-08-26,Respondent_842218,4,Kajjansi,53,Kajjansi,Old Taxi Park,both
0F717E25-0542-496A-9B46-40D56DB59F40,,Apple|iPhone|17.5.1|SurveyCTO Collect 2.80 (274730),2235,,1.0,13.0,Namugongo,Kisenyi/Gwanda,Kisenyi/Gwanda,,1 9 10,Claire & Sumaiya & Vivian,1.0,0.0,0.0,0.0,0.0,0.0,0.0,0.0,1.0,1.0,Namugongo Stage,Secretary,Secretary,,1993.0,1990.0,Founded by drivers who did not belong to an older stage,Founded by drivers who did not belong to an older stage,,,,,,,,,,,,,,,,,,,,media/1723000336039.jpg,4.0,1.0,5,media/1723000374297.jpg,5,uuid:04fc1f32-383b-4d1d-a67f-268f7284448b/B-B3,uuid:04fc1f32-383b-4d1d-a67f-268f7284448b/B-p3_photo_loop,,,uuid:04fc1f32-383b-4d1d-a67f-268f7284448b/C-C1,5,uuid:04fc1f32-383b-4d1d-a67f-268f7284448b/C-p5_photo_loop,5,uuid:04fc1f32-383b-4d1d-a67f-268f7284448b/C-R,Yes,Yes,1 2 6,Not enough passengers & Poor road quality & Drivers don’t want to go,1.0,1.0,0.0,0.0,0.0,1.0,0.0,0.0,5,uuid:04fc1f32-383b-4d1d-a67f-268f7284448b/C-C9_branch_loop,uuid:04fc1f32-383b-4d1d-a67f-268f7284448b/C-p7_photo_loop,140,110,110.0,110.0,10.0,170.0,170.0,170.0,80.0,20.0,99,Other,0.0,0.0,0.0,0.0,0.0,0.0,0.0,1.0,0.0,No response,3.0,Predetermined schedule before the day,Predetermined schedule before the day,,1 2 3 4 5 6 7 8,Chairperson & Vice Chairperson & Secretary & Treasurer & Welfare & Defence & Mobiliser & Stage Master,1.0,1.0,1.0,1.0,1.0,1.0,1.0,1.0,0.0,0.0,0.0,,Yes,Yes,4.0,1 99,Be a driver & Other,1.0,0.0,0.0,0.0,0.0,0.0,1.0,0.0,,,Stage member with ID,1 2 3 4 5 6 99,Be a driver & Have a permit/driving license & Older than _____ & No criminal record & Must have a family & Need to have been at the stage for ____ years & Other,1.0,1.0,1.0,1.0,1.0,1.0,1.0,0.0,30,7,Must have permanent residence,media/1723002290350.jpg,media/1723002317956.jpg,2407230723.0,uuid:04fc1f32-383b-4d1d-a67f-268f7284448b,2024-08-07 09:26:42,2024-08-06 23:09:32,2024-08-07 08:52:01,2024-08-06,Respondent_90680,13,Namugongo,17,Kyaliwajala Namugongo,Kisenyi/Gwanda,both
e912dcc7bdab73f5,,Itel|itel A665L|13|SurveyCTO Collect 2.81.2 (3771098),2145,,1.0,78.0,Nateete wakaliga Busega stage,New Taxi Park,New Taxi Park,,4 5 9,Gerald & Joviah & Sumaiya,0.0,0.0,0.0,1.0,1.0,0.0,0.0,0.0,1.0,0.0,Nateete wakaliga Busega stage Stage,Branch Leader (but not one of the above),Branch Leader (but not one of the above),,2000.0,1992.0,"Originated from an older stage, split off","Originated from an older stage, split off",,Ndeeba Kabuusu,Yes,Yes,8,Old Taxi Park,0.0,0.0,0.0,0.0,0.0,0.0,0.0,1.0,0.0,0.0,0.0,0.0,,media/1726823464299.jpg,1.0,2.0,3,media/1726823500138.jpg,3,uuid:d857c735-5489-40a4-b484-cd60684258f8/B-B3,uuid:d857c735-5489-40a4-b484-cd60684258f8/B-p3_photo_loop,uuid:d857c735-5489-40a4-b484-cd60684258f8/B-B4,uuid:d857c735-5489-40a4-b484-cd60684258f8/B-p4_photo_loop,uuid:d857c735-5489-40a4-b484-cd60684258f8/C-C1,2,uuid:d857c735-5489-40a4-b484-cd60684258f8/C-p5_photo_loop,2,uuid:d857c735-5489-40a4-b484-cd60684258f8/C-R,Yes,Yes,2,Poor road quality,0.0,1.0,0.0,0.0,0.0,0.0,0.0,0.0,3,uuid:d857c735-5489-40a4-b484-cd60684258f8/C-C9_branch_loop,uuid:d857c735-5489-40a4-b484-cd60684258f8/C-p7_photo_loop,60,60,60.0,100.0,30.0,40.0,40.0,40.0,70.0,30.0,1 7,Must have a driver permit & Must have previous work experience,1.0,0.0,0.0,0.0,0.0,0.0,1.0,0.0,0.0,,12.0,"First come, first serve on the day","First come, first serve on the day",,1 2 3 4 5 6 7 8 9,Chairperson & Vice Chairperson & Secretary & Treasurer & Welfare & Defence & Mobiliser & Stage Master & Elder Advisor,1.0,1.0,1.0,1.0,1.0,1.0,1.0,1.0,1.0,0.0,0.0,,Yes,Yes,5.0,2 99,Have a permit/driving license & Other,0.0,1.0,0.0,0.0,0.0,0.0,1.0,0.0,,,Be a member of the stage,1 2 4,Be a driver & Have a permit/driving license & No criminal record,1.0,1.0,0.0,1.0,0.0,0.0,0.0,0.0,,,,media/1726825217742.jpg,media/1726825234179.jpg,2407230723.0,uuid:d857c735-5489-40a4-b484-cd60684258f8,2024-09-20 05:54:37,2024-09-20 05:09:25,2024-09-20 05:47:45,2024-09-20,Respondent_172570,78,Nateete Wakaliga Busega,102,Nateete Wakaliga Busega,New Taxi Park,both
0F717E25-0542-496A-9B46-40D56DB59F40,,Apple|iPhone|17.5.1|SurveyCTO Collect 2.80 (274730),6180,,1.0,44.0,Ntinda-Kiwatule-Najjera,Old Taxi Park,Old Taxi Park,,5 10,Joviah & Vivian,0.0,0.0,0.0,0.0,1.0,0.0,0.0,0.0,0.0,1.0,Ntinda-Kiwatule-Najjera Stage,Secretary,Secretary,,1987.0,1972.0,Founded by drivers who did not belong to an older stage,Founded by drivers who did not belong to an older stage,,,,,,,,,,,,,,,,,,,,media/1724924216262.jpg,1.0,1.0,2,media/1724924237243.jpg,2,uuid:d642da6f-b317-426d-a584-0044fe0da33a/B-B3,uuid:d642da6f-b317-426d-a584-0044fe0da33a/B-p3_photo_loop,,,uuid:d642da6f-b317-426d-a584-0044fe0da33a/C-C1,2,uuid:d642da6f-b317-426d-a584-0044fe0da33a/C-p5_photo_loop,2,uuid:d642da6f-b317-426d-a584-0044fe0da33a/C-R,Yes,Yes,1,Not enough passengers,1.0,0.0,0.0,0.0,0.0,0.0,0.0,0.0,2,uuid:d642da6f-b317-426d-a584-0044fe0da33a/C-C9_branch_loop,uuid:d642da6f-b317-426d-a584-0044fe0da33a/C-p7_photo_loop,30,60,80.0,70.0,30.0,30.0,45.0,35.0,50.0,30.0,1 4 99,Must have a driver permit & Must be referred by an existing stage member & Other,1.0,0.0,0.0,1.0,0.0,0.0,0.0,1.0,0.0,"Must have their own vehicle, good discipline",5.0,"First come, first serve on the day","First come, first serve on the day",,1 2 3 4 5 6 7 9,Chairperson & Vice Chairperson & Secretary & Treasurer & Welfare & Defence & Mobiliser & Elder Advisor,1.0,1.0,1.0,1.0,1.0,1.0,1.0,0.0,1.0,0.0,0.0,,No,No,,,,,,,,,,,,,,,,,,,,,,,,,,,,media/1724928683942.jpg,media/1724928702717.jpg,2407230723.0,uuid:d642da6f-b317-426d-a584-0044fe0da33a,2024-08-29 10:52:56,2024-08-29 05:30:06,2024-08-29 07:15:19,2024-08-28,Respondent_546656,44,Ntinda-Kiwatule-Najjera / Ntinda,59,Ntinda-Kiwatule-Najjera,Old Taxi Park,both
3e91b3bc962f0796,,TECNO|TECNO KI5k|12|SurveyCTO Collect 2.81.2 (3771098),5826,,7.0,6.0,Nateete-Ndeeba-Kyegera-Nsangi -Maya,Valley,Valley,,1 3 10,Claire & Fatumah & Vivian,1.0,0.0,1.0,0.0,0.0,0.0,0.0,0.0,0.0,1.0,Nateete-Ndeeba-Kyegera-Nsangi -Maya Stage,Branch Leader (but not one of the above),Branch Leader (but not one of the above),,2004.0,2004.0,Founded by drivers who did not belong to an older stage,Founded by drivers who did not belong to an older stage,,,,,,,,,,,,,,,,,,,,media/1722152854177.jpg,1.0,1.0,2,media/1722152906404.jpg,2,uuid:2610747c-ca3a-45c6-875d-6534679e97d3/B-B3,uuid:2610747c-ca3a-45c6-875d-6534679e97d3/B-p3_photo_loop,,,uuid:2610747c-ca3a-45c6-875d-6534679e97d3/C-C1,5,uuid:2610747c-ca3a-45c6-875d-6534679e97d3/C-p5_photo_loop,5,uuid:2610747c-ca3a-45c6-875d-6534679e97d3/C-R,Yes,Yes,2 4 5,Poor road quality & Opposition from other stages & Hard to get approval from UTOF or KCCA,0.0,1.0,0.0,1.0,1.0,0.0,0.0,0.0,2,uuid:2610747c-ca3a-45c6-875d-6534679e97d3/C-C9_branch_loop,uuid:2610747c-ca3a-45c6-875d-6534679e97d3/C-p7_photo_loop,35,80,95.0,,25.0,20.0,80.0,100.0,,20.0,99,Other,0.0,0.0,0.0,0.0,0.0,0.0,0.0,1.0,0.0,Pay registration fee of 2millions,6.0,"First come, first serve on the day","First come, first serve on the day",,1 2 3 4 5 6 7 8,Chairperson & Vice Chairperson & Secretary & Treasurer & Welfare & Defence & Mobiliser & Stage Master,1.0,1.0,1.0,1.0,1.0,1.0,1.0,1.0,0.0,0.0,0.0,,Yes,Yes,2.0,1 99,Be a driver & Other,1.0,0.0,0.0,0.0,0.0,0.0,1.0,0.0,,,Be a conductor,1 4 6 99,Be a driver & No criminal record & Need to have been at the stage for ____ years & Other,1.0,0.0,0.0,1.0,0.0,1.0,1.0,0.0,,5,Be a conductor,media/1722194524907.jpg,media/1722194545930.jpg,2407230723.0,uuid:2610747c-ca3a-45c6-875d-6534679e97d3,2024-07-30 10:26:07,2024-07-28 03:41:40,2024-07-30 09:01:46,2024-07-25,Respondent_724605,6,Nateete,7,Nateete-Kyengera-Nsangi-Maya,Valley,both
665B1D11-2673-4244-885F-7BA73AF1E3C2,,Apple|iPhone|17.3.1|SurveyCTO Collect 2.80 (274730),5820,,1.0,32.0,Kawempe Maganjo Kawanda Matugga,Old Taxi Park,Old Taxi Park,,5 7 9,Joviah & Olivia & Sumaiya,0.0,0.0,0.0,0.0,1.0,0.0,1.0,0.0,1.0,0.0,Kawempe Maganjo Kawanda Matugga Stage,Treasurer,Treasurer,,1982.0,1950.0,Founded by drivers who did not belong to an older stage,Founded by drivers who did not belong to an older stage,,,,,,,,,,,,,,,,,,,,media/1723884624358.jpg,1.0,4.0,5,media/1723884688227.jpg,5,uuid:7398e5d8-3b83-4fb4-9eb6-6243626a055c/B-B3,uuid:7398e5d8-3b83-4fb4-9eb6-6243626a055c/B-p3_photo_loop,uuid:7398e5d8-3b83-4fb4-9eb6-6243626a055c/B-B4,uuid:7398e5d8-3b83-4fb4-9eb6-6243626a055c/B-p4_photo_loop,uuid:7398e5d8-3b83-4fb4-9eb6-6243626a055c/C-C1,2,uuid:7398e5d8-3b83-4fb4-9eb6-6243626a055c/C-p5_photo_loop,2,uuid:7398e5d8-3b83-4fb4-9eb6-6243626a055c/C-R,No,No,,,,,,,,,,,5,uuid:7398e5d8-3b83-4fb4-9eb6-6243626a055c/C-C9_branch_loop,uuid:7398e5d8-3b83-4fb4-9eb6-6243626a055c/C-p7_photo_loop,100,0,0.0,0.0,100.0,50.0,0.0,0.0,0.0,50.0,1 2 99,Must have a driver permit & Must have been a conductor at the stage & Other,1.0,1.0,0.0,0.0,0.0,0.0,0.0,1.0,0.0,Must follow stage rules,10.0,Predetermined schedule before the day,Predetermined schedule before the day,,1 2 3 4 5 6 7 9,Chairperson & Vice Chairperson & Secretary & Treasurer & Welfare & Defence & Mobiliser & Elder Advisor,1.0,1.0,1.0,1.0,1.0,1.0,1.0,0.0,1.0,0.0,0.0,,Yes,Yes,5.0,1 2 99,Be a driver & Have a permit/driving license & Other,1.0,1.0,0.0,0.0,0.0,0.0,1.0,0.0,,,Must have discipline,1 2 4 99,Be a driver & Have a permit/driving license & No criminal record & Other,1.0,1.0,0.0,1.0,0.0,0.0,1.0,0.0,,,Must have discipline,media/1724047528187.jpg,media/1724047539013.jpg,2407230723.0,uuid:7398e5d8-3b83-4fb4-9eb6-6243626a055c,2024-08-19 08:54:40,2024-08-17 04:47:48,2024-08-19 02:36:11,2024-08-16,Respondent_70016,32,Kawempe / Kawempe Kagoma Kawanda Matugga,35,Kawempe Kagoma Kawanda Matugga,Old Taxi Park,both
0F717E25-0542-496A-9B46-40D56DB59F40,,Apple|iPhone|17.5.1|SurveyCTO Collect 2.80 (274730),3405,,2.0,8.0,Entebbe,Kisenyi/Gwanda,Kisenyi/Gwanda,,1 9 10,Claire & Sumaiya & Vivian,1.0,0.0,0.0,0.0,0.0,0.0,0.0,0.0,1.0,1.0,Entebbe Stage,Chairperson,Chairperson,,2009.0,1960.0,Founded by drivers who did not belong to an older stage,Founded by drivers who did not belong to an older stage,,,,,,,,,,,,,,,,,,,,media/1722433140984.jpg,8.0,1.0,9,media/1722433168067.jpg,9,uuid:259465c4-dc0b-46ab-b59f-d78b3a63d3cb/B-B3,uuid:259465c4-dc0b-46ab-b59f-d78b3a63d3cb/B-p3_photo_loop,,,uuid:259465c4-dc0b-46ab-b59f-d78b3a63d3cb/C-C1,2,uuid:259465c4-dc0b-46ab-b59f-d78b3a63d3cb/C-p5_photo_loop,2,uuid:259465c4-dc0b-46ab-b59f-d78b3a63d3cb/C-R,Yes,Yes,1,Not enough passengers,1.0,0.0,0.0,0.0,0.0,0.0,0.0,0.0,9,uuid:259465c4-dc0b-46ab-b59f-d78b3a63d3cb/C-C9_branch_loop,uuid:259465c4-dc0b-46ab-b59f-d78b3a63d3cb/C-p7_photo_loop,700,0,1000.0,0.0,30.0,600.0,300.0,800.0,0.0,40.0,2 4 99,Must have been a conductor at the stage & Must be referred by an existing stage member & Other,0.0,1.0,0.0,1.0,0.0,0.0,0.0,1.0,0.0,"National ID, LC letter, Next of kin contacts",30.0,Other,Other,"Elders and stage leaders are given priority to load their taxis first, for other drivers, it’s first come first serve",1 2 3 4 5 6 7 8 9 99,Chairperson & Vice Chairperson & Secretary & Treasurer & Welfare & Defence & Mobiliser & Stage Master & Elder Advisor & Other,1.0,1.0,1.0,1.0,1.0,1.0,1.0,1.0,1.0,1.0,0.0,"A second vice chairperson, deputy secretary, deputy welfare, deputy defense",Yes,Yes,5.0,99,Other,0.0,0.0,0.0,0.0,0.0,0.0,1.0,0.0,,,Must be a Stage member,1 2 4 6 99,Be a driver & Have a permit/driving license & No criminal record & Need to have been at the stage for ____ years & Other,1.0,1.0,0.0,1.0,0.0,1.0,1.0,0.0,,10,Must have a permanent residence/home where they can be found incase of any eventualities,media/1722434822801.jpg,media/1722495947357.jpg,2407230723.0,uuid:259465c4-dc0b-46ab-b59f-d78b3a63d3cb,2024-08-01 03:21:37,2024-07-31 09:37:19,2024-08-01 03:07:08,2024-07-31,Respondent_761909,8,Entebbe,12,Entebbe,Kisenyi/Gwanda,both
665B1D11-2673-4244-885F-7BA73AF1E3C2,,Apple|iPhone|17.3.1|SurveyCTO Collect 2.80 (274730),2751,,1.0,74.0,Busega-Lungujja-Kabale,New Taxi Park,New Taxi Park,,1 3 7,Claire & Fatumah & Olivia,1.0,0.0,1.0,0.0,0.0,0.0,1.0,0.0,0.0,0.0,Busega-Lungujja-Kabale Stage,Chairperson,Chairperson,,1995.0,1985.0,Founded by drivers who did not belong to an older stage,Founded by drivers who did not belong to an older stage,,,,,,,,,,,,,,,,,,,,media/1726654976087.jpg,1.0,2.0,3,media/1726654998282.jpg,3,uuid:3de3eb2e-a9a1-4984-97b0-1b75c1c941c4/B-B3,uuid:3de3eb2e-a9a1-4984-97b0-1b75c1c941c4/B-p3_photo_loop,,,uuid:3de3eb2e-a9a1-4984-97b0-1b75c1c941c4/C-C1,1,uuid:3de3eb2e-a9a1-4984-97b0-1b75c1c941c4/C-p5_photo_loop,1,uuid:3de3eb2e-a9a1-4984-97b0-1b75c1c941c4/C-R,Yes,Yes,2 6 99,Poor road quality & Drivers don’t want to go & Other,0.0,1.0,0.0,0.0,0.0,1.0,1.0,0.0,3,uuid:3de3eb2e-a9a1-4984-97b0-1b75c1c941c4/C-C9_branch_loop,uuid:3de3eb2e-a9a1-4984-97b0-1b75c1c941c4/C-p7_photo_loop,120,110,90.0,20.0,100.0,60.0,75.0,65.0,19.0,55.0,1 2 7,Must have a driver permit & Must have been a conductor at the stage & Must have previous work experience,1.0,1.0,0.0,0.0,0.0,0.0,1.0,0.0,0.0,,15.0,Predetermined schedule before the day,Predetermined schedule before the day,,1 2 3 4 5 6 7,Chairperson & Vice Chairperson & Secretary & Treasurer & Welfare & Defence & Mobiliser,1.0,1.0,1.0,1.0,1.0,1.0,1.0,0.0,0.0,0.0,0.0,,No,No,,,,,,,,,,,,,,,,,,,,,,,,,,,,media/1726664395903.jpg,media/1726664405102.jpg,2407230723.0,uuid:3de3eb2e-a9a1-4984-97b0-1b75c1c941c4,2024-09-18 09:16:15,2024-09-18 06:19:56,2024-09-18 09:11:45,2024-09-18,Respondent_294550,74,Busega-Lungujja-Kabale,99,Busega-Lungujja-Kabale,New Taxi Park,both
866510040140122,,KXD|D58|9|SurveyCTO Collect 2.81.2 (3771098),6468,,1.0,25.0,kasubi-namungoona-Nansana-wakiso,Kisenyi/Gwanda,Kisenyi/Gwanda,,3 4 10,Fatumah & Gerald & Vivian,0.0,0.0,1.0,1.0,0.0,0.0,0.0,0.0,0.0,1.0,kasubi-namungoona-Nansana-wakiso Stage,Chairperson,Chairperson,,2015.0,2015.0,Founded by drivers who did not belong to an older stage,Founded by drivers who did not belong to an older stage,,,,,,,,,,,,,,,,,,,,media/1723530129785.jpg,1.0,0.0,1,media/1723530231557.jpg,1,uuid:dfd77e90-f8bc-4fd6-8dcc-65aa626f1b0d/B-B3,uuid:dfd77e90-f8bc-4fd6-8dcc-65aa626f1b0d/B-p3_photo_loop,uuid:dfd77e90-f8bc-4fd6-8dcc-65aa626f1b0d/B-B4,uuid:dfd77e90-f8bc-4fd6-8dcc-65aa626f1b0d/B-p4_photo_loop,uuid:dfd77e90-f8bc-4fd6-8dcc-65aa626f1b0d/C-C1,4,uuid:dfd77e90-f8bc-4fd6-8dcc-65aa626f1b0d/C-p5_photo_loop,4,uuid:dfd77e90-f8bc-4fd6-8dcc-65aa626f1b0d/C-R,Yes,Yes,4,Opposition from other stages,0.0,0.0,0.0,1.0,0.0,0.0,0.0,0.0,1,,,100,50,,,100.0,80.0,40.0,,,80.0,1 99,Must have a driver permit & Other,1.0,0.0,0.0,0.0,0.0,0.0,0.0,1.0,0.0,"LC letter, registration (500000/=) Stage Identity card",20.0,"First come, first serve on the day","First come, first serve on the day",,1 2 3 5 6,Chairperson & Vice Chairperson & Secretary & Welfare & Defence,1.0,1.0,1.0,0.0,1.0,1.0,0.0,0.0,0.0,0.0,0.0,,Yes,Yes,5.0,1 2,Be a driver & Have a permit/driving license,1.0,1.0,0.0,0.0,0.0,0.0,0.0,0.0,,,,1 2 6,Be a driver & Have a permit/driving license & Need to have been at the stage for ____ years,1.0,1.0,0.0,0.0,0.0,1.0,0.0,0.0,,5,,media/1723521189670.jpg,media/1723521220322.jpg,2407230723.0,uuid:dfd77e90-f8bc-4fd6-8dcc-65aa626f1b0d,2024-08-14 03:47:19,2024-08-12 22:32:52,2024-08-14 03:20:01,2024-08-12,Respondent_687299,25,Kasubi-Namungoona-Nansana-Wakiso / Kasubi-Namungoona-Nansana,29,Kasubi-Namungoona-Nansana-Wakiso / Kasubi-Namungoona-Nansana,Kisenyi/Gwanda,both
2aa80707e1ac7359,,TCL|T610K|13|SurveyCTO Collect 2.81.2 (3771098),3206,,6.0,2.0,Ndejje,Other,Other,Bata Bata,1 8,Claire & Rhoda,1.0,0.0,0.0,0.0,0.0,0.0,0.0,1.0,0.0,0.0,Ndejje Stage,Other,Other,Vice chairman,2011.0,1990.0,Founded by drivers who did not belong to an older stage,Founded by drivers who did not belong to an older stage,,,,,,,,,,,,,,,,,,,,media/1727968460837.jpg,8.0,1.0,9,media/1727968490571.jpg,9,uuid:6bef0ad2-431f-4e08-af53-ef60d9ac3472/B-B3,uuid:6bef0ad2-431f-4e08-af53-ef60d9ac3472/B-p3_photo_loop,,,uuid:6bef0ad2-431f-4e08-af53-ef60d9ac3472/C-C1,4,uuid:6bef0ad2-431f-4e08-af53-ef60d9ac3472/C-p5_photo_loop,4,uuid:6bef0ad2-431f-4e08-af53-ef60d9ac3472/C-R,Yes,Yes,2,Poor road quality,0.0,1.0,0.0,0.0,0.0,0.0,0.0,0.0,9,uuid:6bef0ad2-431f-4e08-af53-ef60d9ac3472/C-C9_branch_loop,uuid:6bef0ad2-431f-4e08-af53-ef60d9ac3472/C-p7_photo_loop,500,700,200.0,-99.0,30.0,300.0,350.0,100.0,-99.0,25.0,1 7 99,Must have a driver permit & Must have previous work experience & Other,1.0,0.0,0.0,0.0,0.0,0.0,1.0,1.0,0.0,LC letter  Must own a Vehicle,10.0,"First come, first serve on the day","First come, first serve on the day",,1 2 3 4 5 6 7 8 9,Chairperson & Vice Chairperson & Secretary & Treasurer & Welfare & Defence & Mobiliser & Stage Master & Elder Advisor,1.0,1.0,1.0,1.0,1.0,1.0,1.0,1.0,1.0,0.0,0.0,,Yes,Yes,2.0,99,Other,0.0,0.0,0.0,0.0,0.0,0.0,1.0,0.0,,,Must be a registered stage member,1 2 5 6,Be a driver & Have a permit/driving license & Must have a family & Need to have been at the stage for ____ years,1.0,1.0,0.0,0.0,1.0,1.0,0.0,0.0,,5,,media/1727971056981.jpg,media/1727971066994.jpg,2407230723.0,uuid:6bef0ad2-431f-4e08-af53-ef60d9ac3472,2024-10-03 13:09:33,2024-10-03 11:12:19,2024-10-03 13:09:18,2024-10-03,Respondent_488051,2,Ndejje,126,Ndejje,Bata Bata,both
0F717E25-0542-496A-9B46-40D56DB59F40,,Apple|iPhone|17.6.1|SurveyCTO Collect 2.80 (274730),2292,,1.0,75.0,Luzira,New Taxi Park,New Taxi Park,,8 10,Rhoda & Vivian,0.0,0.0,0.0,0.0,0.0,0.0,0.0,1.0,0.0,1.0,Luzira Stage,Chairperson,Chairperson,,1998.0,1996.0,"Originated from an older stage, split off","Originated from an older stage, split off",,Luzira A,Yes,Yes,8,Old Taxi Park,0.0,0.0,0.0,0.0,0.0,0.0,0.0,1.0,0.0,0.0,0.0,0.0,,media/1726916007232.jpg,1.0,2.0,3,media/1726916045394.jpg,3,uuid:8cafa11d-1a99-4399-84b8-0cd9e59ba77e/B-B3,uuid:8cafa11d-1a99-4399-84b8-0cd9e59ba77e/B-p3_photo_loop,,,uuid:8cafa11d-1a99-4399-84b8-0cd9e59ba77e/C-C1,3,uuid:8cafa11d-1a99-4399-84b8-0cd9e59ba77e/C-p5_photo_loop,3,uuid:8cafa11d-1a99-4399-84b8-0cd9e59ba77e/C-R,Yes,Yes,1 4,Not enough passengers & Opposition from other stages,1.0,0.0,0.0,1.0,0.0,0.0,0.0,0.0,3,uuid:8cafa11d-1a99-4399-84b8-0cd9e59ba77e/C-C9_branch_loop,uuid:8cafa11d-1a99-4399-84b8-0cd9e59ba77e/C-p7_photo_loop,50,60,60.0,70.0,15.0,15.0,25.0,25.0,30.0,10.0,1 2 99,Must have a driver permit & Must have been a conductor at the stage & Other,1.0,1.0,0.0,0.0,0.0,0.0,0.0,1.0,0.0,"LC Letter, National ID",7.0,"First come, first serve on the day","First come, first serve on the day",,1 2 3 4 5 6 8,Chairperson & Vice Chairperson & Secretary & Treasurer & Welfare & Defence & Stage Master,1.0,1.0,1.0,1.0,1.0,1.0,0.0,1.0,0.0,0.0,0.0,,No,No,,,,,,,,,,,,,,,,,,,,,,,,,,,,media/1726917598092.jpg,media/1726917607469.jpg,2407230723.0,uuid:8cafa11d-1a99-4399-84b8-0cd9e59ba77e,2024-09-21 10:38:15,2024-09-21 06:50:52,2024-09-21 07:48:40,2024-09-21,Respondent_541779,75,Luzira,104,Luzira,New Taxi Park,both
2aa80707e1ac7359,,TCL|T610K|13|SurveyCTO Collect 2.81.2 (3771098),4549,,4.0,8.0,Entebbe,Other,Other,Nakawa park,8 10,Rhoda & Vivian,0.0,0.0,0.0,0.0,0.0,0.0,0.0,1.0,0.0,1.0,Entebbe Stage,Branch Leader (but not one of the above),Branch Leader (but not one of the above),,2000.0,1970.0,Founded by drivers who did not belong to an older stage,Founded by drivers who did not belong to an older stage,,,,,,,,,,,,,,,,,,,,media/1725462977505.jpg,7.0,2.0,9,media/1725463041928.jpg,9,uuid:09b4df93-b0d6-4587-abfb-dc9ea2b429dc/B-B3,uuid:09b4df93-b0d6-4587-abfb-dc9ea2b429dc/B-p3_photo_loop,,,uuid:09b4df93-b0d6-4587-abfb-dc9ea2b429dc/C-C1,1,uuid:09b4df93-b0d6-4587-abfb-dc9ea2b429dc/C-p5_photo_loop,1,uuid:09b4df93-b0d6-4587-abfb-dc9ea2b429dc/C-R,No,No,,,,,,,,,,,9,uuid:09b4df93-b0d6-4587-abfb-dc9ea2b429dc/C-C9_branch_loop,uuid:09b4df93-b0d6-4587-abfb-dc9ea2b429dc/C-p7_photo_loop,1000,900,700.0,600.0,12.0,700.0,600.0,640.0,550.0,12.0,1 2 99,Must have a driver permit & Must have been a conductor at the stage & Other,1.0,1.0,0.0,0.0,0.0,0.0,0.0,1.0,0.0,8 years of training as a driver,8.0,Predetermined schedule before the day,Predetermined schedule before the day,,1 2 3 4 5 6 7 99,Chairperson & Vice Chairperson & Secretary & Treasurer & Welfare & Defence & Mobiliser & Other,1.0,1.0,1.0,1.0,1.0,1.0,1.0,0.0,0.0,1.0,0.0,Chief guide,No,No,,,,,,,,,,,,,,,,,,,,,,,,,,,,media/1725465392310.jpg,media/1725465412255.jpg,2407230723.0,uuid:09b4df93-b0d6-4587-abfb-dc9ea2b429dc,2024-09-05 02:39:13,2024-09-04 11:14:40,2024-09-05 02:38:54,2024-09-04,Respondent_819624,8,Entebbe,71,Entebbe,Nakawa,both
3e91b3bc962f0796,,TECNO|TECNO KI5k|12|SurveyCTO Collect 2.81.2 (3771098),933,,2.0,86.0,Namere - Kitezi - Buwambo,Bwaise,Bwaise,,1 7,Claire & Olivia,1.0,0.0,0.0,0.0,0.0,0.0,1.0,0.0,0.0,0.0,Namere - Kitezi - Buwambo Stage,Elder,Elder,,2018.0,2013.0,"Originated from an older stage, split off","Originated from an older stage, split off",,Mpererwe,Yes,Yes,8,Old Taxi Park,0.0,0.0,0.0,0.0,0.0,0.0,0.0,1.0,0.0,0.0,0.0,0.0,,media/1728461735102.jpg,2.0,0.0,2,media/1728461755719.jpg,2,uuid:147355e8-3de3-4096-9e36-6d50fb6c2abf/B-B3,uuid:147355e8-3de3-4096-9e36-6d50fb6c2abf/B-p3_photo_loop,,,uuid:147355e8-3de3-4096-9e36-6d50fb6c2abf/C-C1,1,uuid:147355e8-3de3-4096-9e36-6d50fb6c2abf/C-p5_photo_loop,1,uuid:147355e8-3de3-4096-9e36-6d50fb6c2abf/C-R,No,No,,,,,,,,,,,2,,,35,20,,,5.0,15.0,10.0,,,5.0,1 4 7 99,Must have a driver permit & Must be referred by an existing stage member & Must have previous work experience & Other,1.0,0.0,0.0,1.0,0.0,0.0,1.0,1.0,0.0,LC letter  National ID,3.0,Predetermined schedule before the day,Predetermined schedule before the day,,99,Other,0.0,0.0,0.0,0.0,0.0,0.0,0.0,0.0,0.0,1.0,0.0,"Guide, Councilor",No,No,,,,,,,,,,,,,,,,,,,,,,,,,,,,media/1728462304045.jpg,media/1728462314467.jpg,2407230723.0,uuid:147355e8-3de3-4096-9e36-6d50fb6c2abf,2024-10-09 04:35:28,2024-10-09 04:13:07,2024-10-09 04:32:49,2024-10-08,Respondent_4491,86,Namere Kiteezi Buwambo,136,Namere - Kitezi - Buwambo,Bwaise,both
3e91b3bc962f0796,,TECNO|TECNO KI5k|12|SurveyCTO Collect 2.81.2 (3771098),4070,,2.0,16.0,Lugala-Masanafu-Kireka-Biira-Bujjuko-Ssentema,Namirembe,Namirembe,,1 3,Claire & Fatumah,1.0,0.0,1.0,0.0,0.0,0.0,0.0,0.0,0.0,0.0,Lugala-Masanafu-Kireka-Biira-Bujjuko-Ssentema  Stage,Elder,Elder,,1991.0,1991.0,"Originated from an older stage, split off","Originated from an older stage, split off",,Kasubi,Yes,Yes,5,Namirembe,0.0,0.0,0.0,0.0,1.0,0.0,0.0,0.0,0.0,0.0,0.0,0.0,,media/1727442131968.jpg,2.0,3.0,5,media/1727442159699.jpg,5,uuid:9064c6cb-fc92-4502-a5c4-e4d3e43606f7/B-B3,uuid:9064c6cb-fc92-4502-a5c4-e4d3e43606f7/B-p3_photo_loop,,,uuid:9064c6cb-fc92-4502-a5c4-e4d3e43606f7/C-C1,8,uuid:9064c6cb-fc92-4502-a5c4-e4d3e43606f7/C-p5_photo_loop,8,uuid:9064c6cb-fc92-4502-a5c4-e4d3e43606f7/C-R,Yes,Yes,2 99,Poor road quality & Other,0.0,1.0,0.0,0.0,0.0,0.0,1.0,0.0,5,uuid:9064c6cb-fc92-4502-a5c4-e4d3e43606f7/C-C9_branch_loop,uuid:9064c6cb-fc92-4502-a5c4-e4d3e43606f7/C-p7_photo_loop,300,180,100.0,80.0,80.0,120.0,80.0,80.0,50.0,70.0,1 2 7,Must have a driver permit & Must have been a conductor at the stage & Must have previous work experience,1.0,1.0,0.0,0.0,0.0,0.0,1.0,0.0,0.0,,50.0,"First come, first serve on the day","First come, first serve on the day",,1 2 3 4 5 6 8 9,Chairperson & Vice Chairperson & Secretary & Treasurer & Welfare & Defence & Stage Master & Elder Advisor,1.0,1.0,1.0,1.0,1.0,1.0,0.0,1.0,1.0,0.0,0.0,,No,No,,,,,,,,,,,,,,,,,,,,,,,,,,,,media/1727445830808.jpg,media/1727445841666.jpg,2407230723.0,uuid:9064c6cb-fc92-4502-a5c4-e4d3e43606f7,2024-09-27 13:40:36,2024-09-27 06:10:21,2024-09-27 10:04:37,2024-09-26,Respondent_955859,16,Lugala-Masanafu,116,Lugala-Masanafu-Kireka-Biira-Bujjuko-Ssentema,Namirembe,both
2aa80707e1ac7359,,TCL|T610K|13|SurveyCTO Collect 2.81.2 (3771098),1529,,2.0,47.0,Kiruddu hospital -Salaama -Munyonyo,New Taxi Park,New Taxi Park,,8 10,Rhoda & Vivian,0.0,0.0,0.0,0.0,0.0,0.0,0.0,1.0,0.0,1.0,Kiruddu hospital -Salaama -Munyonyo Stage,Elder,Elder,,2007.0,1996.0,Founded by drivers who did not belong to an older stage,Founded by drivers who did not belong to an older stage,,,,,,,,,,,,,,,,,,,,media/1727077150744.jpg,2.0,2.0,4,media/1727077178112.jpg,4,uuid:f5a8ad7d-d928-4b3e-b1a4-34ae40e6e436/B-B3,uuid:f5a8ad7d-d928-4b3e-b1a4-34ae40e6e436/B-p3_photo_loop,,,uuid:f5a8ad7d-d928-4b3e-b1a4-34ae40e6e436/C-C1,1,uuid:f5a8ad7d-d928-4b3e-b1a4-34ae40e6e436/C-p5_photo_loop,1,uuid:f5a8ad7d-d928-4b3e-b1a4-34ae40e6e436/C-R,Yes,Yes,1,Not enough passengers,1.0,0.0,0.0,0.0,0.0,0.0,0.0,0.0,4,uuid:f5a8ad7d-d928-4b3e-b1a4-34ae40e6e436/C-C9_branch_loop,uuid:f5a8ad7d-d928-4b3e-b1a4-34ae40e6e436/C-p7_photo_loop,70,100,40.0,40.0,5.0,64.0,80.0,25.0,25.0,4.0,1 2 99,Must have a driver permit & Must have been a conductor at the stage & Other,1.0,1.0,0.0,0.0,0.0,0.0,0.0,1.0,0.0,LC letter  National ID  Next of kin's National ID,4.0,"First come, first serve on the day","First come, first serve on the day",,1 2 3 4 5 6,Chairperson & Vice Chairperson & Secretary & Treasurer & Welfare & Defence,1.0,1.0,1.0,1.0,1.0,1.0,0.0,0.0,0.0,0.0,0.0,,Yes,Yes,3.0,1 99,Be a driver & Other,1.0,0.0,0.0,0.0,0.0,0.0,1.0,0.0,,,Stage ID,1 2 4 5 6 99,Be a driver & Have a permit/driving license & No criminal record & Must have a family & Need to have been at the stage for ____ years & Other,1.0,1.0,0.0,1.0,1.0,1.0,1.0,0.0,,3,S.4 certificate,media/1727078569307.jpg,media/1727078580229.jpg,2407230723.0,uuid:f5a8ad7d-d928-4b3e-b1a4-34ae40e6e436,2024-09-23 04:12:59,2024-09-23 03:37:11,2024-09-23 04:10:01,2024-09-21,Respondent_223819,47,Salaama-Munyonyo / Kiruddu Hospital,107,Kiruddu hospital -Salaama -Munyonyo,New Taxi Park,both
0F717E25-0542-496A-9B46-40D56DB59F40,,Apple|iPhone|17.6.1|SurveyCTO Collect 2.80 (274730),2121,,1.0,77.0,Mulago-Kyebando-Nsooba-Kitala-Taso,New Taxi Park,New Taxi Park,,8 10,Rhoda & Vivian,0.0,0.0,0.0,0.0,0.0,0.0,0.0,1.0,0.0,1.0,Mulago-Kyebando-Nsooba-Kitala-Taso Stage,Secretary,Secretary,,2006.0,1996.0,"Originated from an older stage, split off","Originated from an older stage, split off",,Mulago-Nsooba central,Yes,Yes,8,Old Taxi Park,0.0,0.0,0.0,0.0,0.0,0.0,0.0,1.0,0.0,0.0,0.0,0.0,,media/1726743339246.jpg,1.0,2.0,3,media/1726743369061.jpg,3,uuid:6015279d-a37b-483e-a1a8-35163c95e6d8/B-B3,uuid:6015279d-a37b-483e-a1a8-35163c95e6d8/B-p3_photo_loop,uuid:6015279d-a37b-483e-a1a8-35163c95e6d8/B-B4,uuid:6015279d-a37b-483e-a1a8-35163c95e6d8/B-p4_photo_loop,uuid:6015279d-a37b-483e-a1a8-35163c95e6d8/C-C1,1,uuid:6015279d-a37b-483e-a1a8-35163c95e6d8/C-p5_photo_loop,1,uuid:6015279d-a37b-483e-a1a8-35163c95e6d8/C-R,Yes,Yes,1,Not enough passengers,1.0,0.0,0.0,0.0,0.0,0.0,0.0,0.0,3,uuid:6015279d-a37b-483e-a1a8-35163c95e6d8/C-C9_branch_loop,uuid:6015279d-a37b-483e-a1a8-35163c95e6d8/C-p7_photo_loop,30,40,50.0,50.0,30.0,27.0,30.0,35.0,35.0,27.0,1 2 99,Must have a driver permit & Must have been a conductor at the stage & Other,1.0,1.0,0.0,0.0,0.0,0.0,0.0,1.0,0.0,"LC letter, National ID, membership fee (Negotiable)",5.0,"First come, first serve on the day","First come, first serve on the day",,1 2 3 4 5 9,Chairperson & Vice Chairperson & Secretary & Treasurer & Welfare & Elder Advisor,1.0,1.0,1.0,1.0,1.0,0.0,0.0,0.0,1.0,0.0,0.0,,No,No,,,,,,,,,,,,,,,,,,,,,,,,,,,,media/1726744518465.jpg,media/1726744537235.jpg,2407230723.0,uuid:6015279d-a37b-483e-a1a8-35163c95e6d8,2024-09-19 13:32:35,2024-09-19 06:50:48,2024-09-19 07:47:56,2024-09-19,Respondent_634327,77,Mulago,101,Mulago -Kyebando -Nsooba -Kitala -TASO,New Taxi Park,both
,,,,,,,,,,,,,,,,,,,,,,,,,,,,,,,,,,,,,,,,,,,,,,,,,,,,,,,,,,,,,,,,,,,,,,,,,,,,,,,,,,,,,,,,,,,,,,,,,,,,,,,,,,,,,,,,,,,,,,,,,,,,,,,,,,,,,,,,,,,,,,,,,,,,,,,,,,,,,Respondent_957131,2,Ndejje,2,Namasuba-Zana-Ndejje,Usafi,right_only
e912dcc7bdab73f5,,Itel|itel A665L|13|SurveyCTO Collect 2.81.2 (3771098),4358,,1.0,40.0,Bweyogerere B- Kiwanga,Old Taxi Park,Old Taxi Park,,3 4 10,Fatumah & Gerald & Vivian,0.0,0.0,1.0,1.0,0.0,0.0,0.0,0.0,0.0,1.0,Bweyogerere B- Kiwanga Stage,Branch Leader (but not one of the above),Branch Leader (but not one of the above),,2003.0,1999.0,"Originated from an older stage, split off","Originated from an older stage, split off",,Bweyogerere A,Yes,Yes,8,Old Taxi Park,0.0,0.0,0.0,0.0,0.0,0.0,0.0,1.0,0.0,0.0,0.0,0.0,,media/1724235263275.jpg,1.0,0.0,1,media/1724235312279.jpg,1,uuid:a1655d0b-f29d-4421-a0eb-ab218eee8ef9/B-B3,,,,uuid:a1655d0b-f29d-4421-a0eb-ab218eee8ef9/C-C1,4,uuid:a1655d0b-f29d-4421-a0eb-ab218eee8ef9/C-p5_photo_loop,4,uuid:a1655d0b-f29d-4421-a0eb-ab218eee8ef9/C-R,Yes,Yes,1,Not enough passengers,1.0,0.0,0.0,0.0,0.0,0.0,0.0,0.0,1,,,100,180,180.0,40.0,100.0,41.0,100.0,100.0,30.0,41.0,1 3 99,Must have a driver permit & Must be a friend or relative of existing stage member & Other,1.0,0.0,1.0,0.0,0.0,0.0,0.0,1.0,0.0,"Membership (1million), LC letter National identity card",15.0,"First come, first serve on the day","First come, first serve on the day",,1 2 3 4 5 6,Chairperson & Vice Chairperson & Secretary & Treasurer & Welfare & Defence,1.0,1.0,1.0,1.0,1.0,1.0,0.0,0.0,0.0,0.0,0.0,,Yes,Yes,3.0,1 99,Be a driver & Other,1.0,0.0,0.0,0.0,0.0,0.0,1.0,0.0,,,Stage member with a stage identity card,1 5 6,Be a driver & Must have a family & Need to have been at the stage for ____ years,1.0,0.0,0.0,0.0,1.0,1.0,0.0,0.0,,10,,media/1724239736746.jpg,media/1724239764975.jpg,2407230723.0,uuid:a1655d0b-f29d-4421-a0eb-ab218eee8ef9,2024-08-22 05:01:58,2024-08-21 06:11:05,2024-08-22 04:59:05,2024-08-21,Respondent_626473,40,Bweyogerere B,42,Bweyogerere B- Kiwanga,Old Taxi Park,both
2aa80707e1ac7359,,TCL|T610K|13|SurveyCTO Collect 2.81.2 (3771098),1324,,1.0,52.0,Mukono,Other,Other,Nakawa park,1 8 9,Claire & Rhoda & Sumaiya,1.0,0.0,0.0,0.0,0.0,0.0,0.0,1.0,1.0,0.0,Mukono Stage,Elder,Elder,,2004.0,2000.0,Founded by drivers who did not belong to an older stage,Founded by drivers who did not belong to an older stage,,,,,,,,,,,,,,,,,,,,media/1725373469639.jpg,1.0,0.0,1,media/1725373500705.jpg,1,uuid:2736c699-4cfb-4b47-95a9-2dea955ae0a1/B-B3,uuid:2736c699-4cfb-4b47-95a9-2dea955ae0a1/B-p3_photo_loop,,,uuid:2736c699-4cfb-4b47-95a9-2dea955ae0a1/C-C1,1,uuid:2736c699-4cfb-4b47-95a9-2dea955ae0a1/C-p5_photo_loop,1,uuid:2736c699-4cfb-4b47-95a9-2dea955ae0a1/C-R,No,No,,,,,,,,,,,1,,,12,17,8.0,-99.0,7.0,6.0,17.0,8.0,-99.0,6.0,1 99,Must have a driver permit & Other,1.0,0.0,0.0,0.0,0.0,0.0,0.0,1.0,0.0,National ID LC letter,0.0,"First come, first serve on the day","First come, first serve on the day",,1 2 3 4 5 6 7 8 9,Chairperson & Vice Chairperson & Secretary & Treasurer & Welfare & Defence & Mobiliser & Stage Master & Elder Advisor,1.0,1.0,1.0,1.0,1.0,1.0,1.0,1.0,1.0,0.0,0.0,,Yes,Yes,5.0,99,Other,0.0,0.0,0.0,0.0,0.0,0.0,1.0,0.0,,,Must be a stage member,1 2 6 99,Be a driver & Have a permit/driving license & Need to have been at the stage for ____ years & Other,1.0,1.0,0.0,0.0,0.0,1.0,1.0,0.0,,5,National ID,media/1725374293812.jpg,media/1725374311921.jpg,2407230723.0,uuid:2736c699-4cfb-4b47-95a9-2dea955ae0a1,2024-09-03 10:46:56,2024-09-03 10:22:08,2024-09-03 10:45:49,2024-09-03,Respondent_580613,52,Mukono,68,Mukono,Nakawa,both
3e91b3bc962f0796,,TECNO|TECNO KI5k|12|SurveyCTO Collect 2.81.2 (3771098),2377,,1.0,28.0,Kibuli,Old Taxi Park,Old Taxi Park,,1 8,Claire & Rhoda,1.0,0.0,0.0,0.0,0.0,0.0,0.0,1.0,0.0,0.0,Kibuli Stage,Secretary,Secretary,,2000.0,1982.0,Founded by drivers who did not belong to an older stage,Founded by drivers who did not belong to an older stage,,,,,,,,,,,,,,,,,,,,media/1724338147283.jpg,1.0,1.0,2,media/1724338183210.jpg,2,uuid:cb294449-fd59-4d17-99dc-b6905cb76216/B-B3,uuid:cb294449-fd59-4d17-99dc-b6905cb76216/B-p3_photo_loop,,,uuid:cb294449-fd59-4d17-99dc-b6905cb76216/C-C1,2,uuid:cb294449-fd59-4d17-99dc-b6905cb76216/C-p5_photo_loop,2,uuid:cb294449-fd59-4d17-99dc-b6905cb76216/C-R,Yes,Yes,1 2 6,Not enough passengers & Poor road quality & Drivers don’t want to go,1.0,1.0,0.0,0.0,0.0,1.0,0.0,0.0,2,uuid:cb294449-fd59-4d17-99dc-b6905cb76216/C-C9_branch_loop,uuid:cb294449-fd59-4d17-99dc-b6905cb76216/C-p7_photo_loop,90,85,70.0,40.0,90.0,70.0,65.0,40.0,30.0,60.0,1 2 3 7,Must have a driver permit & Must have been a conductor at the stage & Must be a friend or relative of existing stage member & Must have previous work experience,1.0,1.0,1.0,0.0,0.0,0.0,1.0,0.0,0.0,,50.0,"First come, first serve on the day","First come, first serve on the day",,1 2 3 4 5 6 7 9,Chairperson & Vice Chairperson & Secretary & Treasurer & Welfare & Defence & Mobiliser & Elder Advisor,1.0,1.0,1.0,1.0,1.0,1.0,1.0,0.0,1.0,0.0,0.0,,Yes,Yes,3.0,1 2 99,Be a driver & Have a permit/driving license & Other,1.0,1.0,0.0,0.0,0.0,0.0,1.0,0.0,,,Must be a stage member,1 2 4 5 6 99,Be a driver & Have a permit/driving license & No criminal record & Must have a family & Need to have been at the stage for ____ years & Other,1.0,1.0,0.0,1.0,1.0,1.0,1.0,0.0,,15,Must have good conduct,media/1724339819515.jpg,media/1724339832010.jpg,2407230723.0,uuid:cb294449-fd59-4d17-99dc-b6905cb76216,2024-08-22 11:44:08,2024-08-22 10:47:36,2024-08-22 11:27:47,2024-08-15,Respondent_622889,28,Kibuli,45,Kibuli,Old Taxi Park,both
ef8c3fa68e554f2a,,TECNO|TECNO KD6|10|SurveyCTO Collect 2.81.2 (3771098),2179,,1.0,45.0,Mukono B Coaster stage,Old Taxi Park,Old Taxi Park,,3 7 8,Fatumah & Olivia & Rhoda,0.0,0.0,1.0,0.0,0.0,0.0,1.0,1.0,0.0,0.0,Mukono B Coaster stage Stage,Other,Other,Vice Chairperson,2002.0,2002.0,Founded by drivers who did not belong to an older stage,Founded by drivers who did not belong to an older stage,,,,,,,,,,,,,,,,,,,,media/1724920407879.jpg,2.0,0.0,2,media/1724920459612.jpg,2,uuid:c6ad794a-da71-4caa-9e17-fa03c95ac4da/B-B3,uuid:c6ad794a-da71-4caa-9e17-fa03c95ac4da/B-p3_photo_loop,,,uuid:c6ad794a-da71-4caa-9e17-fa03c95ac4da/C-C1,1,uuid:c6ad794a-da71-4caa-9e17-fa03c95ac4da/C-p5_photo_loop,1,uuid:c6ad794a-da71-4caa-9e17-fa03c95ac4da/C-R,Yes,Yes,1 2 4,Not enough passengers & Poor road quality & Opposition from other stages,1.0,1.0,0.0,1.0,0.0,0.0,0.0,0.0,2,,,120,150,138.0,,40.0,80.0,100.0,-99.0,,40.0,1 2 7,Must have a driver permit & Must have been a conductor at the stage & Must have previous work experience,1.0,1.0,0.0,0.0,0.0,0.0,1.0,0.0,0.0,,30.0,Predetermined schedule before the day,Predetermined schedule before the day,,1 2 3 4 5 6 8 9,Chairperson & Vice Chairperson & Secretary & Treasurer & Welfare & Defence & Stage Master & Elder Advisor,1.0,1.0,1.0,1.0,1.0,1.0,0.0,1.0,1.0,0.0,0.0,,Yes,Yes,4.0,99,Other,0.0,0.0,0.0,0.0,0.0,0.0,1.0,0.0,,,Must be a stage member,1 2 4 6 99,Be a driver & Have a permit/driving license & No criminal record & Need to have been at the stage for ____ years & Other,1.0,1.0,0.0,1.0,0.0,1.0,1.0,0.0,,10,Must be disciplined or Good conduct,media/1724921805004.jpg,media/1724921822915.jpg,2407230723.0,uuid:c6ad794a-da71-4caa-9e17-fa03c95ac4da,2024-08-29 05:09:06,2024-08-29 04:29:03,2024-08-29 05:06:22,2024-08-28,Respondent_752542,45,Mukono B Coaster,57,Mukono B Coaster,Old Taxi Park,both
2aa80707e1ac7359,,TCL|T610K|13|SurveyCTO Collect 2.81.2 (3771098),2810,,11.0,10.0,Salaama,Valley,Valley,,5 8 9,Joviah & Rhoda & Sumaiya,0.0,0.0,0.0,0.0,1.0,0.0,0.0,1.0,1.0,0.0,Salaama Stage,Chairperson,Chairperson,,2005.0,1976.0,Founded by drivers who did not belong to an older stage,Founded by drivers who did not belong to an older stage,,,,,,,,,,,,,,,,,,,,media/1722320584642.jpg,1.0,0.0,1,media/1722320623953.jpg,1,uuid:c1fa3976-5a59-47c9-a889-1bcaef68f168/B-B3,uuid:c1fa3976-5a59-47c9-a889-1bcaef68f168/B-p3_photo_loop,,,uuid:c1fa3976-5a59-47c9-a889-1bcaef68f168/C-C1,3,uuid:c1fa3976-5a59-47c9-a889-1bcaef68f168/C-p5_photo_loop,3,uuid:c1fa3976-5a59-47c9-a889-1bcaef68f168/C-R,Yes,Yes,4,Opposition from other stages,0.0,0.0,0.0,1.0,0.0,0.0,0.0,0.0,1,,,0,0,0.0,0.0,30.0,0.0,0.0,0.0,0.0,25.0,1 2 7 99,Must have a driver permit & Must have been a conductor at the stage & Must have previous work experience & Other,1.0,1.0,0.0,0.0,0.0,0.0,1.0,1.0,0.0,Must be Disciplined Must be willing to pay welfare fees,5.0,"First come, first serve on the day","First come, first serve on the day",,1 5,Chairperson & Welfare,1.0,0.0,0.0,0.0,1.0,0.0,0.0,0.0,0.0,0.0,0.0,,Yes,Yes,5.0,1 2 3 4 6,Be a driver & Have a permit/driving license & Older than _____ & No criminal record & Need to have been at the stage for ____ years,1.0,1.0,1.0,1.0,0.0,1.0,0.0,0.0,18 years and above,5,,1 2 3 6,Be a driver & Have a permit/driving license & Older than _____ & Need to have been at the stage for ____ years,1.0,1.0,1.0,0.0,0.0,1.0,0.0,0.0,18 years and above,5,,media/1722322408392.jpg,media/1722322421481.jpg,2407230723.0,uuid:c1fa3976-5a59-47c9-a889-1bcaef68f168,2024-07-30 12:48:22,2024-07-30 02:18:58,2024-07-30 12:38:42,2024-07-26,Respondent_831949,10,Salaama,11,Salaama / Makindye-Salaama-Munyonyo,Valley,both
665B1D11-2673-4244-885F-7BA73AF1E3C2,,Apple|iPhone|17.3.1|SurveyCTO Collect 2.80 (274730),1917,,1.0,71.0,Makerere Kikoni,New Taxi Park,New Taxi Park,,1 3 7,Claire & Fatumah & Olivia,1.0,0.0,1.0,0.0,0.0,0.0,1.0,0.0,0.0,0.0,Makerere Kikoni Stage,Secretary,Secretary,,2019.0,2019.0,"Originated from an older stage, split off","Originated from an older stage, split off",,Makerere Kikoni,Yes,Yes,8,Old Taxi Park,0.0,0.0,0.0,0.0,0.0,0.0,0.0,1.0,0.0,0.0,0.0,0.0,,media/1726486127957.jpg,2.0,0.0,2,media/1726486155369.jpg,2,uuid:e0a3b272-0e3e-4a91-bda8-f432ab1f696f/B-B3,uuid:e0a3b272-0e3e-4a91-bda8-f432ab1f696f/B-p3_photo_loop,,,uuid:e0a3b272-0e3e-4a91-bda8-f432ab1f696f/C-C1,2,uuid:e0a3b272-0e3e-4a91-bda8-f432ab1f696f/C-p5_photo_loop,2,uuid:e0a3b272-0e3e-4a91-bda8-f432ab1f696f/C-R,No,No,,,,,,,,,,,2,,,15,30,,,15.0,15.0,25.0,,,15.0,1 7 99,Must have a driver permit & Must have previous work experience & Other,1.0,0.0,0.0,0.0,0.0,0.0,1.0,1.0,0.0,Must have LC letter,5.0,"First come, first serve on the day","First come, first serve on the day",,1 2 3 4 5 6 7 9,Chairperson & Vice Chairperson & Secretary & Treasurer & Welfare & Defence & Mobiliser & Elder Advisor,1.0,1.0,1.0,1.0,1.0,1.0,1.0,0.0,1.0,0.0,0.0,,Yes,Yes,5.0,1 2,Be a driver & Have a permit/driving license,1.0,1.0,0.0,0.0,0.0,0.0,0.0,0.0,,,,1 2 99,Be a driver & Have a permit/driving license & Other,1.0,1.0,0.0,0.0,0.0,0.0,1.0,0.0,,,Must be able to read and write,media/1726487396977.jpg,media/1726487404475.jpg,2407230723.0,uuid:e0a3b272-0e3e-4a91-bda8-f432ab1f696f,2024-09-16 08:32:34,2024-09-16 07:26:30,2024-09-16 07:59:19,2024-09-16,Respondent_268297,71,Makerere-Kikoni,93,Makerere-Kikoni,New Taxi Park,both
0F717E25-0542-496A-9B46-40D56DB59F40,,Apple|iPhone|17.6.1|SurveyCTO Collect 2.80 (274730),4536,,2.0,18.0,Nsangi-Kyengera,New Taxi Park,New Taxi Park,,8 10,Rhoda & Vivian,0.0,0.0,0.0,0.0,0.0,0.0,0.0,1.0,0.0,1.0,Nsangi-Kyengera Stage,Other,Other,Vice chairman,1986.0,1986.0,"Originated from an older stage, split off","Originated from an older stage, split off",,Nsangi-Kyengera-Mpigi,Yes,Yes,8,Old Taxi Park,0.0,0.0,0.0,0.0,0.0,0.0,0.0,1.0,0.0,0.0,0.0,0.0,,media/1726582174987.jpg,3.0,2.0,5,media/1726582196163.jpg,5,uuid:ac537bfa-1c55-454a-b792-bd6c91143942/B-B3,uuid:ac537bfa-1c55-454a-b792-bd6c91143942/B-p3_photo_loop,,,uuid:ac537bfa-1c55-454a-b792-bd6c91143942/C-C1,3,uuid:ac537bfa-1c55-454a-b792-bd6c91143942/C-p5_photo_loop,3,uuid:ac537bfa-1c55-454a-b792-bd6c91143942/C-R,Yes,Yes,1,Not enough passengers,1.0,0.0,0.0,0.0,0.0,0.0,0.0,0.0,5,uuid:ac537bfa-1c55-454a-b792-bd6c91143942/C-C9_branch_loop,uuid:ac537bfa-1c55-454a-b792-bd6c91143942/C-p7_photo_loop,270,110,100.0,40.0,100.0,100.0,100.0,70.0,30.0,80.0,1 2 99,Must have a driver permit & Must have been a conductor at the stage & Other,1.0,1.0,0.0,0.0,0.0,0.0,0.0,1.0,0.0,15-20 years as a conductor,10.0,Predetermined schedule before the day,Predetermined schedule before the day,,1 2 3 4 5 6 7 8 9,Chairperson & Vice Chairperson & Secretary & Treasurer & Welfare & Defence & Mobiliser & Stage Master & Elder Advisor,1.0,1.0,1.0,1.0,1.0,1.0,1.0,1.0,1.0,0.0,0.0,,Yes,Yes,3.0,1 2 99,Be a driver & Have a permit/driving license & Other,1.0,1.0,0.0,0.0,0.0,0.0,1.0,0.0,,,Stage member  with stage ID,1 2 4 6 99,Be a driver & Have a permit/driving license & No criminal record & Need to have been at the stage for ____ years & Other,1.0,1.0,0.0,1.0,0.0,1.0,1.0,0.0,,25,Good conduct,media/1726585249231.jpg,media/1726585257795.jpg,2407230723.0,uuid:ac537bfa-1c55-454a-b792-bd6c91143942,2024-09-17 11:29:52,2024-09-17 10:00:17,2024-09-17 11:28:45,2024-09-17,Respondent_196217,18,Nsangi-Kyengera,97,Nsangi -Kyengera,New Taxi Park,both
0F717E25-0542-496A-9B46-40D56DB59F40,,Apple|iPhone|17.5.1|SurveyCTO Collect 2.80 (274730),3333,,1.0,50.0,Mukono-A,Old Taxi Park,Old Taxi Park,,5 10,Joviah & Vivian,0.0,0.0,0.0,0.0,1.0,0.0,0.0,0.0,0.0,1.0,Mukono-A Stage,Chairperson,Chairperson,,1996.0,1986.0,Founded by drivers who did not belong to an older stage,Founded by drivers who did not belong to an older stage,,,,,,,,,,,,,,,,,,,,media/1725266942777.jpg,1.0,1.0,2,media/1725266957770.jpg,2,uuid:a10f581e-f0b0-4934-8121-a00bc6fc4333/B-B3,uuid:a10f581e-f0b0-4934-8121-a00bc6fc4333/B-p3_photo_loop,,,uuid:a10f581e-f0b0-4934-8121-a00bc6fc4333/C-C1,4,uuid:a10f581e-f0b0-4934-8121-a00bc6fc4333/C-p5_photo_loop,4,uuid:a10f581e-f0b0-4934-8121-a00bc6fc4333/C-R,Yes,Yes,99,Other,0.0,0.0,0.0,0.0,0.0,0.0,1.0,0.0,2,uuid:a10f581e-f0b0-4934-8121-a00bc6fc4333/C-C9_branch_loop,uuid:a10f581e-f0b0-4934-8121-a00bc6fc4333/C-p7_photo_loop,80,50,32.0,28.0,50.0,60.0,50.0,32.0,28.0,50.0,1 2 99,Must have a driver permit & Must have been a conductor at the stage & Other,1.0,1.0,0.0,0.0,0.0,0.0,0.0,1.0,0.0,"5 years working at stage, LC letter",5.0,Predetermined schedule before the day,Predetermined schedule before the day,,1 2 3 4 5 6 7 9,Chairperson & Vice Chairperson & Secretary & Treasurer & Welfare & Defence & Mobiliser & Elder Advisor,1.0,1.0,1.0,1.0,1.0,1.0,1.0,0.0,1.0,0.0,0.0,,Yes,Yes,5.0,1 2 6,Be a driver & Have a permit/driving license & Need to have been at the stage for ____ years,1.0,1.0,0.0,0.0,0.0,1.0,0.0,0.0,,5,,1 2 6 99,Be a driver & Have a permit/driving license & Need to have been at the stage for ____ years & Other,1.0,1.0,0.0,0.0,0.0,1.0,1.0,0.0,,10,"Good conduct, S.4 certificate for secretary",media/1725269438749.jpg,media/1725269447816.jpg,2407230723.0,uuid:a10f581e-f0b0-4934-8121-a00bc6fc4333,2024-09-02 11:46:20,2024-09-02 04:46:14,2024-09-02 11:41:38,2024-08-31,Respondent_598005,50,Mukono A,65,Mukono A,Old Taxi Park,both
665B1D11-2673-4244-885F-7BA73AF1E3C2,,Apple|iPhone|17.3.1|SurveyCTO Collect 2.80 (274730),3364,,1.0,27.0,Mpererwe kitezi Kitara-Taso Komamboga Stage,Old Taxi Park,Old Taxi Park,,5 7 9,Joviah & Olivia & Sumaiya,0.0,0.0,0.0,0.0,1.0,0.0,1.0,0.0,1.0,0.0,Mpererwe kitezi Kitara-Taso Komamboga Stage Stage,Elder,Elder,,2005.0,1982.0,"Originated from an older stage, split off","Originated from an older stage, split off",,Gayaza,Yes,Yes,8,Old Taxi Park,0.0,0.0,0.0,0.0,0.0,0.0,0.0,1.0,0.0,0.0,0.0,0.0,,media/1723783372851.jpg,1.0,0.0,1,media/1723783401832.jpg,1,uuid:1cbeb600-a1fb-435a-9d1b-184011dd1c1c/B-B3,uuid:1cbeb600-a1fb-435a-9d1b-184011dd1c1c/B-p3_photo_loop,,,uuid:1cbeb600-a1fb-435a-9d1b-184011dd1c1c/C-C1,3,uuid:1cbeb600-a1fb-435a-9d1b-184011dd1c1c/C-p5_photo_loop,3,uuid:1cbeb600-a1fb-435a-9d1b-184011dd1c1c/C-R,No,No,,,,,,,,,,,1,,,35,43,45.0,43.0,35.0,30.0,37.0,40.0,25.0,30.0,1 2 99,Must have a driver permit & Must have been a conductor at the stage & Other,1.0,1.0,0.0,0.0,0.0,0.0,0.0,1.0,0.0,"National ID, Must have been at the stage for 2 years",10.0,Predetermined schedule before the day,Predetermined schedule before the day,,1 2 3 4 5 6 7 8 9,Chairperson & Vice Chairperson & Secretary & Treasurer & Welfare & Defence & Mobiliser & Stage Master & Elder Advisor,1.0,1.0,1.0,1.0,1.0,1.0,1.0,1.0,1.0,0.0,0.0,,Yes,Yes,5.0,1 2 3 99,Be a driver & Have a permit/driving license & Older than _____ & Other,1.0,1.0,1.0,0.0,0.0,0.0,1.0,0.0,18,,Must be a stage member,1 2 5 6 99,Be a driver & Have a permit/driving license & Must have a family & Need to have been at the stage for ____ years & Other,1.0,1.0,0.0,0.0,1.0,1.0,1.0,0.0,,10,National ID,media/1723786102979.jpg,media/1723786110983.jpg,2407230723.0,uuid:1cbeb600-a1fb-435a-9d1b-184011dd1c1c,2024-08-16 07:22:41,2024-08-16 00:40:13,2024-08-16 06:05:42,2024-08-15,Respondent_320036,27,Mpererwe,34,Mpererwe-Kiteezi-Kitara Taso-Komamboga,Old Taxi Park,both
0F717E25-0542-496A-9B46-40D56DB59F40,,Apple|iPhone|17.6.1|SurveyCTO Collect 2.80 (274730),2853,,3.0,23.0,Mengo-Rubaga-Kosovo-Lungujja,New Taxi Park,New Taxi Park,,8 10,Rhoda & Vivian,0.0,0.0,0.0,0.0,0.0,0.0,0.0,1.0,0.0,1.0,Mengo-Rubaga-Kosovo-Lungujja Stage,Chairperson,Chairperson,,1991.0,1980.0,Founded by drivers who did not belong to an older stage,Founded by drivers who did not belong to an older stage,,,,,,,,,,,,,,,,,,,,media/1726515509205.jpg,3.0,0.0,3,media/1726554114806.jpg,3,uuid:11bfbb9e-20b2-40d7-a075-545169a75958/B-B3,uuid:11bfbb9e-20b2-40d7-a075-545169a75958/B-p3_photo_loop,,,uuid:11bfbb9e-20b2-40d7-a075-545169a75958/C-C1,2,uuid:11bfbb9e-20b2-40d7-a075-545169a75958/C-p5_photo_loop,2,uuid:11bfbb9e-20b2-40d7-a075-545169a75958/C-R,No,No,,,,,,,,,,,3,,,100,200,300.0,300.0,80.0,40.0,150.0,250.0,140.0,40.0,1 2 99,Must have a driver permit & Must have been a conductor at the stage & Other,1.0,1.0,0.0,0.0,0.0,0.0,0.0,1.0,0.0,LC Letter,6.0,"First come, first serve on the day","First come, first serve on the day",,1 2 3 4 5 6 7 9,Chairperson & Vice Chairperson & Secretary & Treasurer & Welfare & Defence & Mobiliser & Elder Advisor,1.0,1.0,1.0,1.0,1.0,1.0,1.0,0.0,1.0,0.0,0.0,,Yes,Yes,5.0,99,Other,0.0,0.0,0.0,0.0,0.0,0.0,1.0,0.0,,,Stage ID,1 2 99,Be a driver & Have a permit/driving license & Other,1.0,1.0,0.0,0.0,0.0,0.0,1.0,0.0,,,Good conduct,media/1726516772614.jpg,media/1726516781830.jpg,2407230723.0,uuid:11bfbb9e-20b2-40d7-a075-545169a75958,2024-09-17 02:32:42,2024-09-16 15:29:51,2024-09-17 02:31:08,2024-09-16,Respondent_663964,23,Mengo-Rubaga-Kosovo-Lusaze,95,Mengo-Rubaga-Kosovo-Lungujja,New Taxi Park,both
3e91b3bc962f0796,,TECNO|TECNO KI5k|12|SurveyCTO Collect 2.81.2 (3771098),4491,,1.0,37.0,Luzira A-Mutungo-Biina,Old Taxi Park,Old Taxi Park,,1 8,Claire & Rhoda,1.0,0.0,0.0,0.0,0.0,0.0,0.0,1.0,0.0,0.0,Luzira A-Mutungo-Biina Stage,Chairperson,Chairperson,,1998.0,1970.0,Founded by drivers who did not belong to an older stage,Founded by drivers who did not belong to an older stage,,,,,,,,,,,,,,,,,,,,media/1724224150359.jpg,1.0,1.0,2,media/1724224173688.jpg,2,uuid:6111aeb8-e456-4381-a120-d753bf84a6dd/B-B3,uuid:6111aeb8-e456-4381-a120-d753bf84a6dd/B-p3_photo_loop,uuid:6111aeb8-e456-4381-a120-d753bf84a6dd/B-B4,uuid:6111aeb8-e456-4381-a120-d753bf84a6dd/B-p4_photo_loop,uuid:6111aeb8-e456-4381-a120-d753bf84a6dd/C-C1,4,uuid:6111aeb8-e456-4381-a120-d753bf84a6dd/C-p5_photo_loop,4,uuid:6111aeb8-e456-4381-a120-d753bf84a6dd/C-R,Yes,Yes,1 2 4 5 6,Not enough passengers & Poor road quality & Opposition from other stages & Hard to get approval from UTOF or KCCA & Drivers don’t want to go,1.0,1.0,0.0,1.0,1.0,1.0,0.0,0.0,2,uuid:6111aeb8-e456-4381-a120-d753bf84a6dd/C-C9_branch_loop,uuid:6111aeb8-e456-4381-a120-d753bf84a6dd/C-p7_photo_loop,170,210,200.0,200.0,70.0,50.0,40.0,45.0,45.0,50.0,1 2 7,Must have a driver permit & Must have been a conductor at the stage & Must have previous work experience,1.0,1.0,0.0,0.0,0.0,0.0,1.0,0.0,0.0,,10.0,"First come, first serve on the day","First come, first serve on the day",,1 2 3 4 5 6 9 99,Chairperson & Vice Chairperson & Secretary & Treasurer & Welfare & Defence & Elder Advisor & Other,1.0,1.0,1.0,1.0,1.0,1.0,0.0,0.0,1.0,1.0,0.0,Guide,Yes,Yes,2.0,6 99,Need to have been at the stage for ____ years & Other,0.0,0.0,0.0,0.0,0.0,1.0,1.0,0.0,,5,Must be a stage member,1 2 4 6 99,Be a driver & Have a permit/driving license & No criminal record & Need to have been at the stage for ____ years & Other,1.0,1.0,0.0,1.0,0.0,1.0,1.0,0.0,,10,National ID Secretary must have completed at least S.4 Level,media/1724227796495.jpg,media/1724227821993.jpg,2407230723.0,uuid:6111aeb8-e456-4381-a120-d753bf84a6dd,2024-08-21 05:43:09,2024-08-21 03:07:11,2024-08-21 05:03:58,2024-08-17,Respondent_808294,37,Luzira A,41,Luzira A - Mutungo - Biina,Old Taxi Park,both
2aa80707e1ac7359,,TCL|T610K|13|SurveyCTO Collect 2.81.2 (3771098),2362,,1.0,17.0,Buloba-Bulenga-Bujjuko,Kisenyi/Gwanda,Kisenyi/Gwanda,,1 8,Claire & Rhoda,1.0,0.0,0.0,0.0,0.0,0.0,0.0,1.0,0.0,0.0,Buloba-Bulenga-Bujjuko Stage,Elder,Elder,,1980.0,1970.0,"Originated from an older stage, split off","Originated from an older stage, split off",,Mityana,Yes,Yes,3 7,Kisenyi/Gwanda & New Taxi Park,0.0,0.0,1.0,0.0,0.0,0.0,1.0,0.0,0.0,0.0,0.0,0.0,,media/1723286186995.jpg,3.0,1.0,4,media/1723286249683.jpg,4,uuid:ae3ee7fd-0f2c-46bb-9910-e87bfe0cc5ff/B-B3,uuid:ae3ee7fd-0f2c-46bb-9910-e87bfe0cc5ff/B-p3_photo_loop,uuid:ae3ee7fd-0f2c-46bb-9910-e87bfe0cc5ff/B-B4,uuid:ae3ee7fd-0f2c-46bb-9910-e87bfe0cc5ff/B-p4_photo_loop,uuid:ae3ee7fd-0f2c-46bb-9910-e87bfe0cc5ff/C-C1,1,uuid:ae3ee7fd-0f2c-46bb-9910-e87bfe0cc5ff/C-p5_photo_loop,1,uuid:ae3ee7fd-0f2c-46bb-9910-e87bfe0cc5ff/C-R,Yes,Yes,2 6,Poor road quality & Drivers don’t want to go,0.0,1.0,0.0,0.0,0.0,1.0,0.0,0.0,4,uuid:ae3ee7fd-0f2c-46bb-9910-e87bfe0cc5ff/C-C9_branch_loop,uuid:ae3ee7fd-0f2c-46bb-9910-e87bfe0cc5ff/C-p7_photo_loop,100,0,0.0,0.0,10.0,60.0,0.0,0.0,0.0,10.0,1 2 4 7 99,Must have a driver permit & Must have been a conductor at the stage & Must be referred by an existing stage member & Must have previous work experience & Other,1.0,1.0,0.0,1.0,0.0,0.0,1.0,1.0,0.0,LC letter,5.0,Predetermined schedule before the day,Predetermined schedule before the day,,1 2 3 4 5 6 8 9 99,Chairperson & Vice Chairperson & Secretary & Treasurer & Welfare & Defence & Stage Master & Elder Advisor & Other,1.0,1.0,1.0,1.0,1.0,1.0,0.0,1.0,1.0,1.0,0.0,Guide,Yes,Yes,5.0,1 2,Be a driver & Have a permit/driving license,1.0,1.0,0.0,0.0,0.0,0.0,0.0,0.0,,,,1 2 4 5 6,Be a driver & Have a permit/driving license & No criminal record & Must have a family & Need to have been at the stage for ____ years,1.0,1.0,0.0,1.0,1.0,1.0,0.0,0.0,,10,,media/1723288204225.jpg,media/1723288218545.jpg,2407230723.0,uuid:ae3ee7fd-0f2c-46bb-9910-e87bfe0cc5ff,2024-08-10 11:31:33,2024-08-10 06:33:20,2024-08-10 11:30:14,2024-08-08,Respondent_575352,17,Buloba-Bulenga-Bujjuko,25,Buloba-Bulenga-Bujjuko,Kisenyi/Gwanda,both
2aa80707e1ac7359,,TCL|T610K|13|SurveyCTO Collect 2.81.2 (3771098),1698,,1.0,59.0,Makindye -Salaama - Munyonyo,Nateete,Nateete,,8 10,Rhoda & Vivian,0.0,0.0,0.0,0.0,0.0,0.0,0.0,1.0,0.0,1.0,Makindye -Salaama - Munyonyo Stage,Chairperson,Chairperson,,2012.0,2012.0,"Originated from an older stage, split off","Originated from an older stage, split off",,Kibuye,No,No,,,,,,,,,,,,,,,,media/1725961908024.jpg,1.0,0.0,1,media/1725961928581.jpg,1,uuid:e5ae43ac-2337-478c-9e7a-91fb29d68432/B-B3,uuid:e5ae43ac-2337-478c-9e7a-91fb29d68432/B-p3_photo_loop,,,uuid:e5ae43ac-2337-478c-9e7a-91fb29d68432/C-C1,3,uuid:e5ae43ac-2337-478c-9e7a-91fb29d68432/C-p5_photo_loop,3,uuid:e5ae43ac-2337-478c-9e7a-91fb29d68432/C-R,No,No,,,,,,,,,,,1,,,30,40,,,25.0,19.0,35.0,,,18.0,1 2 99,Must have a driver permit & Must have been a conductor at the stage & Other,1.0,1.0,0.0,0.0,0.0,0.0,0.0,1.0,0.0,National ID  2 years as a conductor  LC letter,11.0,"First come, first serve on the day","First come, first serve on the day",,1 2 3 4 6,Chairperson & Vice Chairperson & Secretary & Treasurer & Defence,1.0,1.0,1.0,1.0,0.0,1.0,0.0,0.0,0.0,0.0,0.0,,Yes,Yes,3.0,1 2 99,Be a driver & Have a permit/driving license & Other,1.0,1.0,0.0,0.0,0.0,0.0,1.0,0.0,,,Stage ID,1 2 4 6 99,Be a driver & Have a permit/driving license & No criminal record & Need to have been at the stage for ____ years & Other,1.0,1.0,0.0,1.0,0.0,1.0,1.0,0.0,,7,Good conduct,media/1725963170900.jpg,media/1725963183700.jpg,2407230723.0,uuid:e5ae43ac-2337-478c-9e7a-91fb29d68432,2024-09-10 06:27:41,2024-09-10 05:49:58,2024-09-10 06:24:14,2024-09-10,Respondent_968292,59,Makindye -Salaama - Munyonyo,80,Makindye -Salaama - Munyonyo,Nateete,both
3e91b3bc962f0796,,TECNO|TECNO KI5k|12|SurveyCTO Collect 2.81.2 (3771098),10942,,1.0,41.0,Kansanga,Old Taxi Park,Old Taxi Park,,1 4 9,Claire & Gerald & Sumaiya,1.0,0.0,0.0,1.0,0.0,0.0,0.0,0.0,1.0,0.0,Kansanga Stage,Elder,Elder,,1992.0,1987.0,Founded by drivers who did not belong to an older stage,Founded by drivers who did not belong to an older stage,,,,,,,,,,,,,,,,,,,,media/1724490467623.jpg,2.0,3.0,5,media/1724490591047.jpg,5,uuid:0083f3bd-a4ae-45c6-b726-eb45c0464175/B-B3,uuid:0083f3bd-a4ae-45c6-b726-eb45c0464175/B-p3_photo_loop,uuid:0083f3bd-a4ae-45c6-b726-eb45c0464175/B-B4,uuid:0083f3bd-a4ae-45c6-b726-eb45c0464175/B-p4_photo_loop,uuid:0083f3bd-a4ae-45c6-b726-eb45c0464175/C-C1,6,uuid:0083f3bd-a4ae-45c6-b726-eb45c0464175/C-p5_photo_loop,6,uuid:0083f3bd-a4ae-45c6-b726-eb45c0464175/C-R,Yes,Yes,2 4 5 6,Poor road quality & Opposition from other stages & Hard to get approval from UTOF or KCCA & Drivers don’t want to go,0.0,1.0,0.0,1.0,1.0,1.0,0.0,0.0,5,uuid:0083f3bd-a4ae-45c6-b726-eb45c0464175/C-C9_branch_loop,uuid:0083f3bd-a4ae-45c6-b726-eb45c0464175/C-p7_photo_loop,130,130,90.0,40.0,90.0,55.0,55.0,50.0,30.0,55.0,1 2 4 99,Must have a driver permit & Must have been a conductor at the stage & Must be referred by an existing stage member & Other,1.0,1.0,0.0,1.0,0.0,0.0,0.0,1.0,0.0,LC Letter,5.0,"First come, first serve on the day","First come, first serve on the day",,1 2 3 4 5 6 7 8 9,Chairperson & Vice Chairperson & Secretary & Treasurer & Welfare & Defence & Mobiliser & Stage Master & Elder Advisor,1.0,1.0,1.0,1.0,1.0,1.0,1.0,1.0,1.0,0.0,0.0,,No,No,,,,,,,,,,,,,,,,,,,,,,,,,,,,media/1724499915424.jpg,media/1724499926223.jpg,2407230723.0,uuid:0083f3bd-a4ae-45c6-b726-eb45c0464175,2024-08-24 08:32:59,2024-08-24 05:04:44,2024-08-24 08:29:08,2024-08-23,Respondent_885464,41,Kansanga,49,Kansanga,Old Taxi Park,both
2aa80707e1ac7359,,TCL|T610K|13|SurveyCTO Collect 2.81.2 (3771098),2381,,1.0,20.0,Rubaga road - Nateete,Kisenyi/Gwanda,Kisenyi/Gwanda,,1 8,Claire & Rhoda,1.0,0.0,0.0,0.0,0.0,0.0,0.0,1.0,0.0,0.0,Rubaga road - Nateete Stage,Elder,Elder,,2011.0,1992.0,"Originated from an older stage, split off","Originated from an older stage, split off",,Kibuye - Ndeeba- Nateete,Yes,Yes,8,Old Taxi Park,0.0,0.0,0.0,0.0,0.0,0.0,0.0,1.0,0.0,0.0,0.0,0.0,,media/1723299708491.jpg,2.0,0.0,2,media/1723299738277.jpg,2,uuid:302f4914-a6d4-49b5-b960-61291b6d276a/B-B3,uuid:302f4914-a6d4-49b5-b960-61291b6d276a/B-p3_photo_loop,,,uuid:302f4914-a6d4-49b5-b960-61291b6d276a/C-C1,2,uuid:302f4914-a6d4-49b5-b960-61291b6d276a/C-p5_photo_loop,2,uuid:302f4914-a6d4-49b5-b960-61291b6d276a/C-R,Yes,Yes,4,Opposition from other stages,0.0,0.0,0.0,1.0,0.0,0.0,0.0,0.0,2,,,83,140,170.0,0.0,30.0,60.0,100.0,160.0,0.0,30.0,1 3 4 7 99,Must have a driver permit & Must be a friend or relative of existing stage member & Must be referred by an existing stage member & Must have previous work experience & Other,1.0,0.0,1.0,1.0,0.0,0.0,1.0,1.0,0.0,LC letter  National ID Registration fee (1million),10.0,"First come, first serve on the day","First come, first serve on the day",,1 2 3 4 5 6,Chairperson & Vice Chairperson & Secretary & Treasurer & Welfare & Defence,1.0,1.0,1.0,1.0,1.0,1.0,0.0,0.0,0.0,0.0,0.0,,Yes,Yes,3.0,2 6 99,Have a permit/driving license & Need to have been at the stage for ____ years & Other,0.0,1.0,0.0,0.0,0.0,1.0,1.0,0.0,,5,Stage member,2 4 6,Have a permit/driving license & No criminal record & Need to have been at the stage for ____ years,0.0,1.0,0.0,1.0,0.0,1.0,0.0,0.0,,5,,media/1723301329391.jpg,media/1723302004788.jpg,2407230723.0,uuid:302f4914-a6d4-49b5-b960-61291b6d276a,2024-08-10 11:31:42,2024-08-10 10:17:34,2024-08-10 11:00:10,2024-08-09,Respondent_764364,20,Rubaga Road-Nateete / Nateete-Rubaga Road,27,Rubaga Road-Nateete,Kisenyi/Gwanda,both
353309090902287,,samsung|SM-G960U|9|SurveyCTO Collect 2.81.2 (3771098),4616,,1.0,35.0,Kalerwe-ttula-kidokolo-kizingiza,Old Taxi Park,Old Taxi Park,,5 7 9,Joviah & Olivia & Sumaiya,0.0,0.0,0.0,0.0,1.0,0.0,1.0,0.0,1.0,0.0,Kalerwe-ttula-kidokolo-kizingiza Stage,Elder,Elder,,1996.0,1986.0,"Originated from an older stage, split off","Originated from an older stage, split off",,Mpererwe stage,Yes,Yes,8,Old Taxi Park,0.0,0.0,0.0,0.0,0.0,0.0,0.0,1.0,0.0,0.0,0.0,0.0,,media/1724159022528.jpg,1.0,2.0,3,media/1724159057111.jpg,3,uuid:f665848f-4cb0-433c-92ba-723fdfbbd536/B-B3,uuid:f665848f-4cb0-433c-92ba-723fdfbbd536/B-p3_photo_loop,uuid:f665848f-4cb0-433c-92ba-723fdfbbd536/B-B4,uuid:f665848f-4cb0-433c-92ba-723fdfbbd536/B-p4_photo_loop,uuid:f665848f-4cb0-433c-92ba-723fdfbbd536/C-C1,3,uuid:f665848f-4cb0-433c-92ba-723fdfbbd536/C-p5_photo_loop,3,uuid:f665848f-4cb0-433c-92ba-723fdfbbd536/C-R,No,No,,,,,,,,,,,3,uuid:f665848f-4cb0-433c-92ba-723fdfbbd536/C-C9_branch_loop,uuid:f665848f-4cb0-433c-92ba-723fdfbbd536/C-p7_photo_loop,30,29,50.0,40.0,30.0,30.0,40.0,25.0,99.0,30.0,1 2 7 99,Must have a driver permit & Must have been a conductor at the stage & Must have previous work experience & Other,1.0,1.0,0.0,0.0,0.0,0.0,1.0,1.0,0.0,Discipline,5.0,"First come, first serve on the day","First come, first serve on the day",,1 2 3 4 5 6 7 9,Chairperson & Vice Chairperson & Secretary & Treasurer & Welfare & Defence & Mobiliser & Elder Advisor,1.0,1.0,1.0,1.0,1.0,1.0,1.0,0.0,1.0,0.0,0.0,,Yes,Yes,3.0,1 2 4 6,Be a driver & Have a permit/driving license & No criminal record & Need to have been at the stage for ____ years,1.0,1.0,0.0,1.0,0.0,1.0,0.0,0.0,,3,,1 2 4 5 6,Be a driver & Have a permit/driving license & No criminal record & Must have a family & Need to have been at the stage for ____ years,1.0,1.0,0.0,1.0,1.0,1.0,0.0,0.0,,10,,media/1724170485402.jpg,media/1724170501542.jpg,2407230723.0,uuid:f665848f-4cb0-433c-92ba-723fdfbbd536,2024-08-20 12:33:45,2024-08-20 09:00:28,2024-08-20 12:17:23,2024-08-20,Respondent_296342,35,Kalerwe / Kalerwe-Ttula-Kidokolo-Kizingiza,40,Kalerwe-Ttula-Kidokolo-Kizingiza,Old Taxi Park,both
2aa80707e1ac7359,,TCL|T610K|13|SurveyCTO Collect 2.81.2 (3771098),3238,,8.0,7.0,Zzana stage,Valley,Valley,,5 9,Joviah & Sumaiya,0.0,0.0,0.0,0.0,1.0,0.0,0.0,0.0,1.0,0.0,Zzana stage Stage,Secretary,Secretary,,1996.0,1986.0,Founded by drivers who did not belong to an older stage,Founded by drivers who did not belong to an older stage,,,,,,,,,,,,,,,,,,,,media/1722342537438.jpg,5.0,0.0,5,media/1722342573962.jpg,5,uuid:9210e8de-8eb3-42e6-ab62-12c9d094c2e3/B-B3,uuid:9210e8de-8eb3-42e6-ab62-12c9d094c2e3/B-p3_photo_loop,,,uuid:9210e8de-8eb3-42e6-ab62-12c9d094c2e3/C-C1,3,uuid:9210e8de-8eb3-42e6-ab62-12c9d094c2e3/C-p5_photo_loop,3,uuid:9210e8de-8eb3-42e6-ab62-12c9d094c2e3/C-R,No,No,,,,,,,,,,,5,,,0,0,0.0,0.0,40.0,0.0,0.0,0.0,0.0,20.0,1 7 99,Must have a driver permit & Must have previous work experience & Other,1.0,0.0,0.0,0.0,0.0,0.0,1.0,1.0,0.0,Local council (LC) letter from your village 2 referees,18.0,"First come, first serve on the day","First come, first serve on the day",,1 2 3 4 5 6 7 8 9,Chairperson & Vice Chairperson & Secretary & Treasurer & Welfare & Defence & Mobiliser & Stage Master & Elder Advisor,1.0,1.0,1.0,1.0,1.0,1.0,1.0,1.0,1.0,0.0,0.0,,Yes,Yes,5.0,1 99,Be a driver & Other,1.0,0.0,0.0,0.0,0.0,0.0,1.0,0.0,,,Must be a conductor and have a membership card,1 5 6 99,Be a driver & Must have a family & Need to have been at the stage for ____ years & Other,1.0,0.0,0.0,0.0,1.0,1.0,1.0,0.0,,5 years,Disciplined,media/1722356429132.jpg,media/1722344976270.jpg,2407230723.0,uuid:9210e8de-8eb3-42e6-ab62-12c9d094c2e3,2024-07-30 12:48:13,2024-07-30 07:26:53,2024-07-30 12:20:46,2024-07-25,Respondent_310096,7,Zana,8,Namasuba-Zana,Valley,both
e912dcc7bdab73f5,,Itel|itel A665L|13|SurveyCTO Collect 2.81.2 (3771098),2624,,1.0,42.0,Luzira B,Old Taxi Park,Old Taxi Park,,1 4 9,Claire & Gerald & Sumaiya,1.0,0.0,0.0,1.0,0.0,0.0,0.0,0.0,1.0,0.0,Luzira B Stage,Secretary,Secretary,,2013.0,2013.0,"Originated from an older stage, split off","Originated from an older stage, split off",,Luzira A,Yes,Yes,8,Old Taxi Park,0.0,0.0,0.0,0.0,0.0,0.0,0.0,1.0,0.0,0.0,0.0,0.0,,media/1724666025975.jpg,1.0,0.0,1,media/1724666067891.jpg,1,uuid:fe819ce4-2524-4f71-98dd-2824adb4d4fe/B-B3,uuid:fe819ce4-2524-4f71-98dd-2824adb4d4fe/B-p3_photo_loop,,,uuid:fe819ce4-2524-4f71-98dd-2824adb4d4fe/C-C1,2,uuid:fe819ce4-2524-4f71-98dd-2824adb4d4fe/C-p5_photo_loop,2,uuid:fe819ce4-2524-4f71-98dd-2824adb4d4fe/C-R,Yes,Yes,1 99,Not enough passengers & Other,1.0,0.0,0.0,0.0,0.0,0.0,1.0,0.0,1,,,60,45,,,20.0,30.0,30.0,,,20.0,1 2 4,Must have a driver permit & Must have been a conductor at the stage & Must be referred by an existing stage member,1.0,1.0,0.0,1.0,0.0,0.0,0.0,0.0,0.0,,7.0,"First come, first serve on the day","First come, first serve on the day",,1 2 3 4 5 6,Chairperson & Vice Chairperson & Secretary & Treasurer & Welfare & Defence,1.0,1.0,1.0,1.0,1.0,1.0,0.0,0.0,0.0,0.0,0.0,,Yes,Yes,5.0,1 2 99,Be a driver & Have a permit/driving license & Other,1.0,1.0,0.0,0.0,0.0,0.0,1.0,0.0,,,National identity card,1 2 6,Be a driver & Have a permit/driving license & Need to have been at the stage for ____ years,1.0,1.0,0.0,0.0,0.0,1.0,0.0,0.0,,5,,media/1724667764316.jpg,media/1724667783807.jpg,2407230723.0,uuid:fe819ce4-2524-4f71-98dd-2824adb4d4fe,2024-08-26 06:45:54,2024-08-26 05:49:44,2024-08-26 06:38:57,2024-08-26,Respondent_203370,42,Luzira B,50,Luzira B,Old Taxi Park,both
357759081484347,,samsung|SM-G955U|9|SurveyCTO Collect 2.81.2 (3771098),1422,,1.0,95.0,Bukerere stage,Other,Other,Kireka taxi park,4 5 9,Gerald & Joviah & Sumaiya,0.0,0.0,0.0,1.0,1.0,0.0,0.0,0.0,1.0,0.0,Bukerere stage Stage,Branch Leader (but not one of the above),Branch Leader (but not one of the above),,2006.0,2006.0,"Originated from an older stage, formed as a separate, independent stage by their","Originated from an older stage, formed as a separate, independent stage by their leaders",,Namugongo,Yes,Yes,99,Other,0.0,0.0,0.0,0.0,0.0,0.0,0.0,0.0,0.0,0.0,1.0,0.0,Kireka taxi park,media/1728232899095.jpg,1.0,0.0,1,media/1728232937501.jpg,1,uuid:675d70e2-a54b-47af-86d8-5655aced6b36/B-B3,uuid:675d70e2-a54b-47af-86d8-5655aced6b36/B-p3_photo_loop,,,uuid:675d70e2-a54b-47af-86d8-5655aced6b36/C-C1,1,uuid:675d70e2-a54b-47af-86d8-5655aced6b36/C-p5_photo_loop,1,uuid:675d70e2-a54b-47af-86d8-5655aced6b36/C-R,No,No,,,,,,,,,,,1,,,50,30,25.0,,30.0,45.0,30.0,25.0,,30.0,1 2 99,Must have a driver permit & Must have been a conductor at the stage & Other,1.0,1.0,0.0,0.0,0.0,0.0,0.0,1.0,0.0,National ID LC letter,8.0,"First come, first serve on the day","First come, first serve on the day",,6 8 99,Defence & Stage Master & Other,0.0,0.0,0.0,0.0,0.0,1.0,0.0,1.0,0.0,1.0,0.0,Stage Driver leader,No,No,,,,,,,,,,,,,,,,,,,,,,,,,,,,media/1728234399094.jpg,media/1728234408391.jpg,2407230723.0,uuid:675d70e2-a54b-47af-86d8-5655aced6b36,2024-10-07 02:47:42,2024-10-06 12:39:59,2024-10-07 02:47:19,2024-10-05,Respondent_243867,95,Bukerere,131,Bukerere,Kireka,both
3e91b3bc962f0796,,TECNO|TECNO KI5k|12|SurveyCTO Collect 2.81.2 (3771098),1262,,1.0,52.0,Mukono,Other,Other,Nakawa,1 8 9,Claire & Rhoda & Sumaiya,1.0,0.0,0.0,0.0,0.0,0.0,0.0,1.0,1.0,0.0,Mukono Stage,Chairperson,Chairperson,,1998.0,1998.0,Founded by drivers who did not belong to an older stage,Founded by drivers who did not belong to an older stage,,,,,,,,,,,,,,,,,,,,media/1725372588777.jpg,1.0,0.0,1,media/1725372648159.jpg,1,uuid:fabaef48-61a0-4083-99e4-10b4a5c9115f/B-B3,uuid:fabaef48-61a0-4083-99e4-10b4a5c9115f/B-p3_photo_loop,,,uuid:fabaef48-61a0-4083-99e4-10b4a5c9115f/C-C1,1,uuid:fabaef48-61a0-4083-99e4-10b4a5c9115f/C-p5_photo_loop,1,uuid:fabaef48-61a0-4083-99e4-10b4a5c9115f/C-R,No,No,,,,,,,,,,,1,,,20,7,-99.0,-99.0,7.0,20.0,7.0,-99.0,-99.0,7.0,1 2 3 99,Must have a driver permit & Must have been a conductor at the stage & Must be a friend or relative of existing stage member & Other,1.0,1.0,1.0,0.0,0.0,0.0,0.0,1.0,0.0,LC letter,0.0,"First come, first serve on the day","First come, first serve on the day",,1 2 3 4 5 6 7 8 9,Chairperson & Vice Chairperson & Secretary & Treasurer & Welfare & Defence & Mobiliser & Stage Master & Elder Advisor,1.0,1.0,1.0,1.0,1.0,1.0,1.0,1.0,1.0,0.0,0.0,,Yes,Yes,5.0,99,Other,0.0,0.0,0.0,0.0,0.0,0.0,1.0,0.0,,,Must be a stage member,1 2 6 99,Be a driver & Have a permit/driving license & Need to have been at the stage for ____ years & Other,1.0,1.0,0.0,0.0,0.0,1.0,1.0,0.0,,5,Must have permanent residence,media/1725373256171.jpg,media/1725374686876.jpg,2407230723.0,uuid:fabaef48-61a0-4083-99e4-10b4a5c9115f,2024-09-03 10:56:35,2024-09-03 10:07:11,2024-09-03 10:45:02,2024-09-03,Respondent_121476,52,Mukono,68,Mukono,Nakawa,both
357759081484347,,samsung|SM-G955U|9|SurveyCTO Collect 2.81.2 (3771098),2456,,10.0,9.0,Nyanama,Kisenyi/Gwanda,Kisenyi/Gwanda,,3 5 8,Fatumah & Joviah & Rhoda,0.0,0.0,1.0,0.0,1.0,0.0,0.0,1.0,0.0,0.0,Nyanama Stage,Branch Leader (but not one of the above),Branch Leader (but not one of the above),,2014.0,2004.0,"Originated from an older stage, split off","Originated from an older stage, split off",,Namasuba-Zana,Yes,Yes,3 7 8 9 99,Kisenyi/Gwanda & New Taxi Park & Old Taxi Park & Usafi & Other,0.0,0.0,1.0,0.0,0.0,0.0,1.0,1.0,1.0,0.0,1.0,0.0,Bwaise,media/1722671332328.jpg,5.0,0.0,5,media/1722671414631.jpg,5,uuid:e775b17b-2d05-4c6f-a2bc-585e6a71c45a/B-B3,uuid:e775b17b-2d05-4c6f-a2bc-585e6a71c45a/B-p3_photo_loop,,,uuid:e775b17b-2d05-4c6f-a2bc-585e6a71c45a/C-C1,1,uuid:e775b17b-2d05-4c6f-a2bc-585e6a71c45a/C-p5_photo_loop,1,uuid:e775b17b-2d05-4c6f-a2bc-585e6a71c45a/C-R,No,No,,,,,,,,,,,5,,,200,70,30.0,,10.0,120.0,70.0,50.0,,15.0,1 99,Must have a driver permit & Other,1.0,0.0,0.0,0.0,0.0,0.0,0.0,1.0,0.0,LC letter,3.0,"First come, first serve on the day","First come, first serve on the day",,1 2 3 4 5 6 7 8 9,Chairperson & Vice Chairperson & Secretary & Treasurer & Welfare & Defence & Mobiliser & Stage Master & Elder Advisor,1.0,1.0,1.0,1.0,1.0,1.0,1.0,1.0,1.0,0.0,0.0,,Yes,Yes,5.0,1 4 6,Be a driver & No criminal record & Need to have been at the stage for ____ years,1.0,0.0,0.0,1.0,0.0,1.0,0.0,0.0,,5,,1 4 5 6,Be a driver & No criminal record & Must have a family & Need to have been at the stage for ____ years,1.0,0.0,0.0,1.0,1.0,1.0,0.0,0.0,,5,,media/1722672679510.jpg,media/1722672691943.jpg,2407230723.0,uuid:e775b17b-2d05-4c6f-a2bc-585e6a71c45a,2024-08-07 06:28:15,2024-08-03 03:45:50,2024-08-07 02:31:22,2024-08-01,Respondent_196673,9,Nyanama,14,Nyanama,Kisenyi/Gwanda,both
e912dcc7bdab73f5,,Itel|itel A665L|13|SurveyCTO Collect 2.81.2 (3771098),1538,,1.0,94.0,Kasangati,Other,Other,Kireka,4 5,Gerald & Joviah,0.0,0.0,0.0,1.0,1.0,0.0,0.0,0.0,0.0,0.0,Kasangati  Stage,Branch Leader (but not one of the above),Branch Leader (but not one of the above),,2012.0,2012.0,"Originated from an older stage, formed as a separate, independent stage by their","Originated from an older stage, formed as a separate, independent stage by their leaders",,Kira,Yes,Yes,99,Other,0.0,0.0,0.0,0.0,0.0,0.0,0.0,0.0,0.0,0.0,1.0,0.0,Kireka,media/1728112452061.jpg,1.0,0.0,1,media/1728112473523.jpg,1,uuid:a791f9b8-8190-4fbc-8876-bb7656d887af/B-B3,uuid:a791f9b8-8190-4fbc-8876-bb7656d887af/B-p3_photo_loop,,,uuid:a791f9b8-8190-4fbc-8876-bb7656d887af/C-C1,2,uuid:a791f9b8-8190-4fbc-8876-bb7656d887af/C-p5_photo_loop,2,uuid:a791f9b8-8190-4fbc-8876-bb7656d887af/C-R,Yes,Yes,1 2 4,Not enough passengers & Poor road quality & Opposition from other stages,1.0,1.0,0.0,1.0,0.0,0.0,0.0,0.0,1,,,25,20,,,5.0,25.0,15.0,,,5.0,1 2 99,Must have a driver permit & Must have been a conductor at the stage & Other,1.0,1.0,0.0,0.0,0.0,0.0,0.0,1.0,0.0,"National identity card, LC letter",3.0,"First come, first serve on the day","First come, first serve on the day",,8,Stage Master,0.0,0.0,0.0,0.0,0.0,0.0,0.0,1.0,0.0,0.0,0.0,,No,No,,,,,,,,,,,,,,,,,,,,,,,,,,,,media/1728113788944.jpg,media/1728113802356.jpg,2407230723.0,uuid:a791f9b8-8190-4fbc-8876-bb7656d887af,2024-10-05 06:08:16,2024-10-05 03:10:49,2024-10-05 03:37:14,2024-10-05,Respondent_286998,92,Kasangati,128,Kasangati,Kireka,both
2aa80707e1ac7359,,TCL|T610K|13|SurveyCTO Collect 2.81.2 (3771098),1547,,1.0,65.0,Buloba -Bulenga -Bujjuko,Nateete,Nateete,,8 10,Rhoda & Vivian,0.0,0.0,0.0,0.0,0.0,0.0,0.0,1.0,0.0,1.0,Buloba -Bulenga -Bujjuko Stage,Secretary,Secretary,,2002.0,2000.0,"Originated from an older stage, split off","Originated from an older stage, split off",,Buloba -Bulenga -Bujjuko,Yes,Yes,7,New Taxi Park,0.0,0.0,0.0,0.0,0.0,0.0,1.0,0.0,0.0,0.0,0.0,0.0,,media/1726138646721.jpg,2.0,0.0,2,media/1726138687150.jpg,2,uuid:dc056f13-b2df-4641-a78a-fb3ae86f2bfb/B-B3,uuid:dc056f13-b2df-4641-a78a-fb3ae86f2bfb/B-p3_photo_loop,uuid:dc056f13-b2df-4641-a78a-fb3ae86f2bfb/B-B4,uuid:dc056f13-b2df-4641-a78a-fb3ae86f2bfb/B-p4_photo_loop,uuid:dc056f13-b2df-4641-a78a-fb3ae86f2bfb/C-C1,1,uuid:dc056f13-b2df-4641-a78a-fb3ae86f2bfb/C-p5_photo_loop,1,uuid:dc056f13-b2df-4641-a78a-fb3ae86f2bfb/C-R,Yes,Yes,4,Opposition from other stages,0.0,0.0,0.0,1.0,0.0,0.0,0.0,0.0,2,,,80,72,30.0,20.0,80.0,60.0,45.0,25.0,15.0,60.0,1 2 99,Must have a driver permit & Must have been a conductor at the stage & Other,1.0,1.0,0.0,0.0,0.0,0.0,0.0,1.0,0.0,Good conduct  3 years of training as a conductor,20.0,Predetermined schedule before the day,Predetermined schedule before the day,,1 2 3 4 5 6 9,Chairperson & Vice Chairperson & Secretary & Treasurer & Welfare & Defence & Elder Advisor,1.0,1.0,1.0,1.0,1.0,1.0,0.0,0.0,1.0,0.0,0.0,,Yes,Yes,3.0,1 2 99,Be a driver & Have a permit/driving license & Other,1.0,1.0,0.0,0.0,0.0,0.0,1.0,0.0,,,National ID,1 2 99,Be a driver & Have a permit/driving license & Other,1.0,1.0,0.0,0.0,0.0,0.0,1.0,0.0,,,National ID,media/1726139426357.jpg,media/1726139444527.jpg,2407230723.0,uuid:dc056f13-b2df-4641-a78a-fb3ae86f2bfb,2024-09-12 07:25:53,2024-09-12 06:55:21,2024-09-12 07:22:55,2024-09-12,Respondent_475287,65,Buloba -Bulenga -Bujjuko,85,Buloba -Bulenga -Bujjuko,Nateete,both
ef8c3fa68e554f2a,,TECNO|TECNO KD6|10|SurveyCTO Collect 2.81.2 (3771098),2262,,1.0,22.0,Nateete wakaliga stage B,Kisenyi/Gwanda,Kisenyi/Gwanda,,3 4 10,Fatumah & Gerald & Vivian,0.0,0.0,1.0,1.0,0.0,0.0,0.0,0.0,0.0,1.0,Nateete wakaliga stage B Stage,Elder,Elder,,2009.0,1989.0,Founded by drivers who did not belong to an older stage,Founded by drivers who did not belong to an older stage,,,,,,,,,,,,,,,,,,,,media/1723284877963.jpg,2.0,1.0,3,media/1723284959361.jpg,3,uuid:831cbf81-f3d7-465a-bcf8-e478b3e037b8/B-B3,uuid:831cbf81-f3d7-465a-bcf8-e478b3e037b8/B-p3_photo_loop,,,uuid:831cbf81-f3d7-465a-bcf8-e478b3e037b8/C-C1,1,uuid:831cbf81-f3d7-465a-bcf8-e478b3e037b8/C-p5_photo_loop,1,uuid:831cbf81-f3d7-465a-bcf8-e478b3e037b8/C-R,Yes,Yes,99,Other,0.0,0.0,0.0,0.0,0.0,0.0,1.0,0.0,3,uuid:831cbf81-f3d7-465a-bcf8-e478b3e037b8/C-C9_branch_loop,uuid:831cbf81-f3d7-465a-bcf8-e478b3e037b8/C-p7_photo_loop,15,74,100.0,0.0,15.0,45.0,64.0,90.0,0.0,15.0,1 2 99,Must have a driver permit & Must have been a conductor at the stage & Other,1.0,1.0,0.0,0.0,0.0,0.0,0.0,1.0,0.0,"Member ship fee (500,000)",7.0,"First come, first serve on the day","First come, first serve on the day",,1 2 3 4 5 6 7 9,Chairperson & Vice Chairperson & Secretary & Treasurer & Welfare & Defence & Mobiliser & Elder Advisor,1.0,1.0,1.0,1.0,1.0,1.0,1.0,0.0,1.0,0.0,0.0,,Yes,Yes,5.0,1 2 6,Be a driver & Have a permit/driving license & Need to have been at the stage for ____ years,1.0,1.0,0.0,0.0,0.0,1.0,0.0,0.0,,5,,1 2 4 6 99,Be a driver & Have a permit/driving license & No criminal record & Need to have been at the stage for ____ years & Other,1.0,1.0,0.0,1.0,0.0,1.0,1.0,0.0,,5,Good conduct,media/1723286452254.jpg,media/1723286472262.jpg,2407230723.0,uuid:831cbf81-f3d7-465a-bcf8-e478b3e037b8,2024-08-11 01:05:52,2024-08-10 06:06:15,2024-08-10 06:47:03,2024-08-09,Respondent_689145,22,Nateete-Wakaliga,24,Nateete-Wakaliga 'B',Kisenyi/Gwanda,both
2aa80707e1ac7359,,TCL|T610K|13|SurveyCTO Collect 2.81.2 (3771098),1713,,11.0,10.0,Salaama,Valley,Valley,,5 8 9,Joviah & Rhoda & Sumaiya,0.0,0.0,0.0,0.0,1.0,0.0,0.0,1.0,1.0,0.0,Salaama Stage,Other,Other,Welfare,2012.0,1976.0,Founded by drivers who did not belong to an older stage,Founded by drivers who did not belong to an older stage,,,,,,,,,,,,,,,,,,,,media/1722323926172.jpg,1.0,0.0,1,media/1722323945915.jpg,1,uuid:08c4ef87-9165-4f71-a482-6b25237e770a/B-B3,uuid:08c4ef87-9165-4f71-a482-6b25237e770a/B-p3_photo_loop,,,uuid:08c4ef87-9165-4f71-a482-6b25237e770a/C-C1,2,uuid:08c4ef87-9165-4f71-a482-6b25237e770a/C-p5_photo_loop,2,uuid:08c4ef87-9165-4f71-a482-6b25237e770a/C-R,No,No,,,,,,,,,,,1,,,0,0,0.0,0.0,10.0,0.0,0.0,0.0,0.0,5.0,1 2 99,Must have a driver permit & Must have been a conductor at the stage & Other,1.0,1.0,0.0,0.0,0.0,0.0,0.0,1.0,0.0,Should have a vehicle,1.0,"First come, first serve on the day","First come, first serve on the day",,1 5,Chairperson & Welfare,1.0,0.0,0.0,0.0,1.0,0.0,0.0,0.0,0.0,0.0,0.0,,No,No,,,,,,,,,,,,,,,,,,,,,,,,,,,,media/1722325248464.jpg,,2407230723.0,uuid:08c4ef87-9165-4f71-a482-6b25237e770a,2024-07-30 12:48:28,2024-07-30 03:17:13,2024-07-30 12:47:22,2024-07-26,Respondent_208863,10,Salaama,11,Salaama / Makindye-Salaama-Munyonyo,Valley,both
2aa80707e1ac7359,,TCL|T610K|13|SurveyCTO Collect 2.81.2 (3771098),6096,,6.0,2.0,Ndejje,Valley,Valley,,5 8 9,Joviah & Rhoda & Sumaiya,0.0,0.0,0.0,0.0,1.0,0.0,0.0,1.0,1.0,0.0,Ndejje Stage,Chairperson,Chairperson,,2009.0,2000.0,"Originated from an older stage, split off","Originated from an older stage, split off",,Namasuba Zana,Yes,Yes,1 3 6 8 10,Bwaise & Kisenyi/Gwanda & Nateete & Old Taxi Park & Valley,1.0,0.0,1.0,0.0,0.0,1.0,0.0,1.0,0.0,1.0,0.0,0.0,,media/1722244578249.jpg,7.0,1.0,8,media/1722350770321.jpg,8,uuid:fa8226a0-5572-457c-96fa-45a2890d3c14/B-B3,uuid:fa8226a0-5572-457c-96fa-45a2890d3c14/B-p3_photo_loop,,,uuid:fa8226a0-5572-457c-96fa-45a2890d3c14/C-C1,5,uuid:fa8226a0-5572-457c-96fa-45a2890d3c14/C-p5_photo_loop,5,uuid:fa8226a0-5572-457c-96fa-45a2890d3c14/C-R,No,No,,,,,,,,,,,8,uuid:fa8226a0-5572-457c-96fa-45a2890d3c14/C-C9_branch_loop,uuid:fa8226a0-5572-457c-96fa-45a2890d3c14/C-p7_photo_loop,1000,1000,900.0,0.0,35.0,600.0,500.0,200.0,0.0,20.0,1 2 7 99,Must have a driver permit & Must have been a conductor at the stage & Must have previous work experience & Other,1.0,1.0,0.0,0.0,0.0,0.0,1.0,1.0,0.0,Reference letter from LC of origin. Stage fees ( Conductor pays 500000/ Driver pays 1000000,2.0,"First come, first serve on the day","First come, first serve on the day",,1 2 3 4 5 6,Chairperson & Vice Chairperson & Secretary & Treasurer & Welfare & Defence,1.0,1.0,1.0,1.0,1.0,1.0,0.0,0.0,0.0,0.0,0.0,,Yes,Yes,5.0,1 99,Be a driver & Other,1.0,0.0,0.0,0.0,0.0,0.0,1.0,0.0,,,Membership card,1 99,Be a driver & Other,1.0,0.0,0.0,0.0,0.0,0.0,1.0,0.0,,,Membership card,media/1722247351251.jpg,media/1722247362522.jpg,2407230723.0,uuid:fa8226a0-5572-457c-96fa-45a2890d3c14,2024-07-30 12:47:59,2024-07-29 05:12:36,2024-07-30 11:34:36,2024-07-24,Respondent_11911,2,Ndejje,6,Ndejje-Lubugumu,Valley,both
0F717E25-0542-496A-9B46-40D56DB59F40,,Apple|iPhone|17.6.1|SurveyCTO Collect 2.80 (274730),1484,,2.0,47.0,Kiruddu hospital-Salaama-Munyonyo,New Taxi Park,New Taxi Park,,8 10,Rhoda & Vivian,0.0,0.0,0.0,0.0,0.0,0.0,0.0,1.0,0.0,1.0,Kiruddu hospital-Salaama-Munyonyo Stage,Other,Other,Vice chairman,2006.0,2000.0,Founded by drivers who did not belong to an older stage,Founded by drivers who did not belong to an older stage,,,,,,,,,,,,,,,,,,,,media/1727077138383.jpg,2.0,1.0,3,media/1727077161435.jpg,3,uuid:9d37c2fd-f9d7-4949-8cd0-c93d000f8e6e/B-B3,uuid:9d37c2fd-f9d7-4949-8cd0-c93d000f8e6e/B-p3_photo_loop,,,uuid:9d37c2fd-f9d7-4949-8cd0-c93d000f8e6e/C-C1,1,uuid:9d37c2fd-f9d7-4949-8cd0-c93d000f8e6e/C-p5_photo_loop,1,uuid:9d37c2fd-f9d7-4949-8cd0-c93d000f8e6e/C-R,No,No,,,,,,,,,,,3,uuid:9d37c2fd-f9d7-4949-8cd0-c93d000f8e6e/C-C9_branch_loop,uuid:9d37c2fd-f9d7-4949-8cd0-c93d000f8e6e/C-p7_photo_loop,50,70,45.0,80.0,8.0,50.0,50.0,40.0,40.0,8.0,1 2 4 99,Must have a driver permit & Must have been a conductor at the stage & Must be referred by an existing stage member & Other,1.0,1.0,0.0,1.0,0.0,0.0,0.0,1.0,0.0,"National ID, LC letter",5.0,"First come, first serve on the day","First come, first serve on the day",,1 2 3 4 5 6,Chairperson & Vice Chairperson & Secretary & Treasurer & Welfare & Defence,1.0,1.0,1.0,1.0,1.0,1.0,0.0,0.0,0.0,0.0,0.0,,No,No,,,,,,,,,,,,,,,,,,,,,,,,,,,,media/1727078055803.jpg,media/1727078062850.jpg,2407230723.0,uuid:9d37c2fd-f9d7-4949-8cd0-c93d000f8e6e,2024-09-23 11:44:01,2024-09-23 03:35:38,2024-09-23 04:12:50,2024-09-20,Respondent_152150,47,Salaama-Munyonyo / Kiruddu Hospital,107,Kiruddu hospital -Salaama -Munyonyo,New Taxi Park,both
3e91b3bc962f0796,,TECNO|TECNO KI5k|12|SurveyCTO Collect 2.81.2 (3771098),1720,,1.0,20.0,Rubaga road-Nateete,Kisenyi/Gwanda,Kisenyi/Gwanda,,1 8,Claire & Rhoda,1.0,0.0,0.0,0.0,0.0,0.0,0.0,1.0,0.0,0.0,Rubaga road-Nateete Stage,Secretary,Secretary,,2013.0,1989.0,"Originated from an older stage, split off","Originated from an older stage, split off",,Kibuye Ndeeba Nateete,Yes,Yes,8,Old Taxi Park,0.0,0.0,0.0,0.0,0.0,0.0,0.0,1.0,0.0,0.0,0.0,0.0,,media/1723302652400.jpg,2.0,1.0,3,media/1723302689977.jpg,3,uuid:4abc9142-ce37-406e-81eb-0433e2f7acc8/B-B3,uuid:4abc9142-ce37-406e-81eb-0433e2f7acc8/B-p3_photo_loop,uuid:4abc9142-ce37-406e-81eb-0433e2f7acc8/B-B4,uuid:4abc9142-ce37-406e-81eb-0433e2f7acc8/B-p4_photo_loop,uuid:4abc9142-ce37-406e-81eb-0433e2f7acc8/C-C1,2,uuid:4abc9142-ce37-406e-81eb-0433e2f7acc8/C-p5_photo_loop,2,uuid:4abc9142-ce37-406e-81eb-0433e2f7acc8/C-R,Yes,Yes,4,Opposition from other stages,0.0,0.0,0.0,1.0,0.0,0.0,0.0,0.0,3,uuid:4abc9142-ce37-406e-81eb-0433e2f7acc8/C-C9_branch_loop,uuid:4abc9142-ce37-406e-81eb-0433e2f7acc8/C-p7_photo_loop,100,120,100.0,0.0,100.0,43.0,50.0,300.0,0.0,43.0,1 99,Must have a driver permit & Other,1.0,0.0,0.0,0.0,0.0,0.0,0.0,1.0,0.0,"LC Letter, National IDs for Next of kin",12.0,"First come, first serve on the day","First come, first serve on the day",,1 2 3 4 5 6,Chairperson & Vice Chairperson & Secretary & Treasurer & Welfare & Defence,1.0,1.0,1.0,1.0,1.0,1.0,0.0,0.0,0.0,0.0,0.0,,Yes,Yes,3.0,99,Other,0.0,0.0,0.0,0.0,0.0,0.0,1.0,0.0,,,Must be a stage member,2 6,Have a permit/driving license & Need to have been at the stage for ____ years,0.0,1.0,0.0,0.0,0.0,1.0,0.0,0.0,,5,,media/1723304176531.jpg,media/1723304190790.jpg,2407230723.0,uuid:4abc9142-ce37-406e-81eb-0433e2f7acc8,2024-08-10 11:39:33,2024-08-10 11:08:28,2024-08-10 11:37:08,2024-08-09,Respondent_206070,20,Rubaga Road-Nateete / Nateete-Rubaga Road,27,Rubaga Road-Nateete,Kisenyi/Gwanda,both
665B1D11-2673-4244-885F-7BA73AF1E3C2,,Apple|iPhone|17.3.1|SurveyCTO Collect 2.80 (274730),2664,,1.0,21.0,Makindye Luwafu,Kisenyi/Gwanda,Kisenyi/Gwanda,,5 7 9,Joviah & Olivia & Sumaiya,0.0,0.0,0.0,0.0,1.0,0.0,1.0,0.0,1.0,0.0,Makindye Luwafu Stage,Other,Other,Vice chairperson,2007.0,2007.0,"Originated from an older stage, split off","Originated from an older stage, split off",,Makindye,Yes,Yes,8,Old Taxi Park,0.0,0.0,0.0,0.0,0.0,0.0,0.0,1.0,0.0,0.0,0.0,0.0,,media/1723278527761.jpg,1.0,0.0,1,media/1723278584996.jpg,1,uuid:2679931b-d30a-49f5-914d-cb37271d587d/B-B3,uuid:2679931b-d30a-49f5-914d-cb37271d587d/B-p3_photo_loop,,,uuid:2679931b-d30a-49f5-914d-cb37271d587d/C-C1,2,uuid:2679931b-d30a-49f5-914d-cb37271d587d/C-p5_photo_loop,2,uuid:2679931b-d30a-49f5-914d-cb37271d587d/C-R,No,No,,,,,,,,,,,1,,,30,40,30.0,,30.0,30.0,40.0,30.0,,25.0,1 2,Must have a driver permit & Must have been a conductor at the stage,1.0,1.0,0.0,0.0,0.0,0.0,0.0,0.0,0.0,,6.0,"First come, first serve on the day","First come, first serve on the day",,1 2 3 4 5 6 7 8 9,Chairperson & Vice Chairperson & Secretary & Treasurer & Welfare & Defence & Mobiliser & Stage Master & Elder Advisor,1.0,1.0,1.0,1.0,1.0,1.0,1.0,1.0,1.0,0.0,0.0,,Yes,Yes,3.0,1 2 99,Be a driver & Have a permit/driving license & Other,1.0,1.0,0.0,0.0,0.0,0.0,1.0,0.0,,,Registered as a member,1 2 5 6,Be a driver & Have a permit/driving license & Must have a family & Need to have been at the stage for ____ years,1.0,1.0,0.0,0.0,1.0,1.0,0.0,0.0,,5,,media/1723280608250.jpg,media/1723280617432.jpg,2407230723.0,uuid:2679931b-d30a-49f5-914d-cb37271d587d,2024-08-10 23:47:40,2024-08-10 04:24:44,2024-08-10 05:38:26,2024-08-09,Respondent_473380,21,Makindye-Luwafu,21,Makindye-Luwafu,Kisenyi/Gwanda,both
2aa80707e1ac7359,,TCL|T610K|13|SurveyCTO Collect 2.81.2 (3771098),1277,,1.0,60.0,Busabaala,Nateete,Nateete,,8 10,Rhoda & Vivian,0.0,0.0,0.0,0.0,0.0,0.0,0.0,1.0,0.0,1.0,Busabaala Stage,Chairperson,Chairperson,,2003.0,2003.0,"Originated from an older stage, split off","Originated from an older stage, split off",,Busabaala,Yes,Yes,8,Old Taxi Park,0.0,0.0,0.0,0.0,0.0,0.0,0.0,1.0,0.0,0.0,0.0,0.0,,media/1726048375036.jpg,1.0,0.0,1,media/1726048402304.jpg,1,uuid:c97af699-2f0a-4abc-a583-fe25a63e5efc/B-B3,uuid:c97af699-2f0a-4abc-a583-fe25a63e5efc/B-p3_photo_loop,,,uuid:c97af699-2f0a-4abc-a583-fe25a63e5efc/C-C1,2,uuid:c97af699-2f0a-4abc-a583-fe25a63e5efc/C-p5_photo_loop,2,uuid:c97af699-2f0a-4abc-a583-fe25a63e5efc/C-R,No,No,,,,,,,,,,,1,,,9,5,5.0,,7.0,7.0,3.0,3.0,,7.0,1 2 99,Must have a driver permit & Must have been a conductor at the stage & Other,1.0,1.0,0.0,0.0,0.0,0.0,0.0,1.0,0.0,3 years of training as a driver at the stage,4.0,"First come, first serve on the day","First come, first serve on the day",,1 2 3,Chairperson & Vice Chairperson & Secretary,1.0,1.0,1.0,0.0,0.0,0.0,0.0,0.0,0.0,0.0,0.0,,No,No,,,,,,,,,,,,,,,,,,,,,,,,,,,,media/1726049222604.jpg,media/1726049231331.jpg,2407230723.0,uuid:c97af699-2f0a-4abc-a583-fe25a63e5efc,2024-09-11 07:52:26,2024-09-11 05:50:54,2024-09-11 06:18:51,2024-09-07,Respondent_657374,60,Busabaala,84,Busabaala,Nateete,both
2aa80707e1ac7359,,TCL|T610K|13|SurveyCTO Collect 2.81.2 (3771098),1490,,3.0,24.0,Kasanje - Nakawuka,Bwaise,Bwaise,,8 10,Rhoda & Vivian,0.0,0.0,0.0,0.0,0.0,0.0,0.0,1.0,0.0,1.0,Kasanje - Nakawuka Stage,Elder,Elder,,1996.0,1989.0,Founded by drivers who did not belong to an older stage,Founded by drivers who did not belong to an older stage,,,,,,,,,,,,,,,,,,,,media/1728460456405.jpg,3.0,1.0,4,media/1728460485321.jpg,4,uuid:e897461e-b621-4cf0-a781-4686daeeb88f/B-B3,uuid:e897461e-b621-4cf0-a781-4686daeeb88f/B-p3_photo_loop,,,uuid:e897461e-b621-4cf0-a781-4686daeeb88f/C-C1,1,uuid:e897461e-b621-4cf0-a781-4686daeeb88f/C-p5_photo_loop,1,uuid:e897461e-b621-4cf0-a781-4686daeeb88f/C-R,No,No,,,,,,,,,,,4,uuid:e897461e-b621-4cf0-a781-4686daeeb88f/C-C9_branch_loop,uuid:e897461e-b621-4cf0-a781-4686daeeb88f/C-p7_photo_loop,90,90,50.0,20.0,8.0,60.0,40.0,20.0,4.0,8.0,1 2 99,Must have a driver permit & Must have been a conductor at the stage & Other,1.0,1.0,0.0,0.0,0.0,0.0,0.0,1.0,0.0,LC letter  Membership fee,0.0,Predetermined schedule before the day,Predetermined schedule before the day,,1 2 3 4 5 6 7 8 9,Chairperson & Vice Chairperson & Secretary & Treasurer & Welfare & Defence & Mobiliser & Stage Master & Elder Advisor,1.0,1.0,1.0,1.0,1.0,1.0,1.0,1.0,1.0,0.0,0.0,,Yes,Yes,5.0,99,Other,0.0,0.0,0.0,0.0,0.0,0.0,1.0,0.0,,,Registered stage member with stage ID,1 2 6 99,Be a driver & Have a permit/driving license & Need to have been at the stage for ____ years & Other,1.0,1.0,0.0,0.0,0.0,1.0,1.0,0.0,,15,Good conduct,media/1728461738050.jpg,media/1728461748145.jpg,2407230723.0,uuid:e897461e-b621-4cf0-a781-4686daeeb88f,2024-10-09 11:46:04,2024-10-09 03:52:51,2024-10-09 11:45:53,2024-10-09,Respondent_879382,24,Kasanje-Nakawuka,138,Kasanje-Nakawuka,Bwaise,both
,,,,,,,,,,,,,,,,,,,,,,,,,,,,,,,,,,,,,,,,,,,,,,,,,,,,,,,,,,,,,,,,,,,,,,,,,,,,,,,,,,,,,,,,,,,,,,,,,,,,,,,,,,,,,,,,,,,,,,,,,,,,,,,,,,,,,,,,,,,,,,,,,,,,,,,,,,,,,Respondent_744007,2,Ndejje,2,Namasuba-Zana-Ndejje,Usafi,right_only
e912dcc7bdab73f5,,Itel|itel A665L|13|SurveyCTO Collect 2.81.2 (3771098),2436,,2.0,26.0,Kawempe maganjo kagoma kazo Lugoba stage,New Taxi Park,New Taxi Park,,4 5 9,Gerald & Joviah & Sumaiya,0.0,0.0,0.0,1.0,1.0,0.0,0.0,0.0,1.0,0.0,Kawempe maganjo kagoma kazo Lugoba stage Stage,Branch Leader (but not one of the above),Branch Leader (but not one of the above),,2000.0,1994.0,"Originated from an older stage, split off","Originated from an older stage, split off",,Kawempe maganjo,Yes,Yes,8,Old Taxi Park,0.0,0.0,0.0,0.0,0.0,0.0,0.0,1.0,0.0,0.0,0.0,0.0,,media/1726486560766.jpg,2.0,0.0,2,media/1726486585188.jpg,2,uuid:8bd1a950-d5bd-46bf-becf-7b445d2eac39/B-B3,uuid:8bd1a950-d5bd-46bf-becf-7b445d2eac39/B-p3_photo_loop,,,uuid:8bd1a950-d5bd-46bf-becf-7b445d2eac39/C-C1,4,uuid:8bd1a950-d5bd-46bf-becf-7b445d2eac39/C-p5_photo_loop,4,uuid:8bd1a950-d5bd-46bf-becf-7b445d2eac39/C-R,Yes,Yes,1 2,Not enough passengers & Poor road quality,1.0,1.0,0.0,0.0,0.0,0.0,0.0,0.0,2,,,90,80,70.0,35.0,80.0,70.0,60.0,50.0,20.0,60.0,1 2,Must have a driver permit & Must have been a conductor at the stage,1.0,1.0,0.0,0.0,0.0,0.0,0.0,0.0,0.0,,7.0,Predetermined schedule before the day,Predetermined schedule before the day,,1 2 3 4 5 6 7,Chairperson & Vice Chairperson & Secretary & Treasurer & Welfare & Defence & Mobiliser,1.0,1.0,1.0,1.0,1.0,1.0,1.0,0.0,0.0,0.0,0.0,,No,No,,,,,,,,,,,,,,,,,,,,,,,,,,,,media/1726488639216.jpg,media/1726488653053.jpg,2407230723.0,uuid:8bd1a950-d5bd-46bf-becf-7b445d2eac39,2024-09-16 08:22:55,2024-09-16 07:34:32,2024-09-16 08:16:54,2024-09-16,Respondent_451629,26,Kawempe,94,Kawempe maganjo kagoma kazo Lugoba,New Taxi Park,both
357759081484347,,samsung|SM-G955U|9|SurveyCTO Collect 2.81.2 (3771098),1162,,1.0,96.0,Bombo stage,Bwaise,Bwaise,,4 5 9,Gerald & Joviah & Sumaiya,0.0,0.0,0.0,1.0,1.0,0.0,0.0,0.0,1.0,0.0,Bombo stage Stage,Branch Leader (but not one of the above),Branch Leader (but not one of the above),,2014.0,1994.0,Founded by drivers who did not belong to an older stage,Founded by drivers who did not belong to an older stage,,,,,,,,,,,,,,,,,,,,media/1728374636401.jpg,2.0,0.0,2,media/1728374691460.jpg,2,uuid:6fe107ea-2615-409b-aa06-39d083d696e3/B-B3,uuid:6fe107ea-2615-409b-aa06-39d083d696e3/B-p3_photo_loop,,,uuid:6fe107ea-2615-409b-aa06-39d083d696e3/C-C1,1,uuid:6fe107ea-2615-409b-aa06-39d083d696e3/C-p5_photo_loop,1,uuid:6fe107ea-2615-409b-aa06-39d083d696e3/C-R,No,No,,,,,,,,,,,2,,,100,100,110.0,60.0,25.0,100.0,90.0,70.0,45.0,25.0,1 99,Must have a driver permit & Other,1.0,0.0,0.0,0.0,0.0,0.0,0.0,1.0,0.0,Must have a car Disciplined,10.0,Predetermined schedule before the day,Predetermined schedule before the day,,1 2 3 4 5 6 7 8 9,Chairperson & Vice Chairperson & Secretary & Treasurer & Welfare & Defence & Mobiliser & Stage Master & Elder Advisor,1.0,1.0,1.0,1.0,1.0,1.0,1.0,1.0,1.0,0.0,0.0,,Yes,Yes,5.0,99,Other,0.0,0.0,0.0,0.0,0.0,0.0,1.0,0.0,,,Have a stage card and be a registered stage member,1 2 4 5 6 99,Be a driver & Have a permit/driving license & No criminal record & Must have a family & Need to have been at the stage for ____ years & Other,1.0,1.0,0.0,1.0,1.0,1.0,1.0,0.0,,10,Be registered at the stage S4 level of education,media/1728375843723.jpg,media/1728375850902.jpg,2407230723.0,uuid:6fe107ea-2615-409b-aa06-39d083d696e3,2024-10-08 09:50:04,2024-10-08 04:01:09,2024-10-08 09:49:40,2024-10-07,Respondent_260466,96,Luweero-Bombo,134,Bombo,Bwaise,both
353309090902287,,samsung|SM-G960U|9|SurveyCTO Collect 2.81.2 (3771098),5142,,1.0,43.0,Muyenga-Bukasa,Old Taxi Park,Old Taxi Park,,1 4 9,Claire & Gerald & Sumaiya,1.0,0.0,0.0,1.0,0.0,0.0,0.0,0.0,1.0,0.0,Muyenga-Bukasa Stage,Branch Leader (but not one of the above),Branch Leader (but not one of the above),,2005.0,1989.0,"Originated from an older stage, split off","Originated from an older stage, split off",,Kasanga,Yes,Yes,8,Old Taxi Park,0.0,0.0,0.0,0.0,0.0,0.0,0.0,1.0,0.0,0.0,0.0,0.0,,media/1724913494248.jpg,1.0,3.0,4,media/1724913531760.jpg,4,uuid:d401ef36-eacb-46b6-b9ea-20b80ca6fb36/B-B3,uuid:d401ef36-eacb-46b6-b9ea-20b80ca6fb36/B-p3_photo_loop,,,uuid:d401ef36-eacb-46b6-b9ea-20b80ca6fb36/C-C1,3,uuid:d401ef36-eacb-46b6-b9ea-20b80ca6fb36/C-p5_photo_loop,3,uuid:d401ef36-eacb-46b6-b9ea-20b80ca6fb36/C-R,Yes,Yes,1,Not enough passengers,1.0,0.0,0.0,0.0,0.0,0.0,0.0,0.0,4,uuid:d401ef36-eacb-46b6-b9ea-20b80ca6fb36/C-C9_branch_loop,uuid:d401ef36-eacb-46b6-b9ea-20b80ca6fb36/C-p7_photo_loop,90,130,150.0,-99.0,40.0,37.0,60.0,80.0,-99.0,37.0,1 2 99,Must have a driver permit & Must have been a conductor at the stage & Other,1.0,1.0,0.0,0.0,0.0,0.0,0.0,1.0,0.0,A stage member can be replaced by a relative incase he dies,8.0,"First come, first serve on the day","First come, first serve on the day",,1 2 3 4 5 6 7 8 9 99,Chairperson & Vice Chairperson & Secretary & Treasurer & Welfare & Defence & Mobiliser & Stage Master & Elder Advisor & Other,1.0,1.0,1.0,1.0,1.0,1.0,1.0,1.0,1.0,1.0,0.0,"Guide, Councilor",Yes,Yes,5.0,1 2 99,Be a driver & Have a permit/driving license & Other,1.0,1.0,0.0,0.0,0.0,0.0,1.0,0.0,,,Must be a stage member,1 2 4 5 6 99,Be a driver & Have a permit/driving license & No criminal record & Must have a family & Need to have been at the stage for ____ years & Other,1.0,1.0,0.0,1.0,1.0,1.0,1.0,0.0,,10,National ID,media/1724917057052.jpg,media/1724917070016.jpg,2407230723.0,uuid:d401ef36-eacb-46b6-b9ea-20b80ca6fb36,2024-08-29 04:08:07,2024-08-29 02:34:37,2024-08-29 04:02:48,2024-08-27,Respondent_294333,43,Muyenga-Bukasa,56,Muyenga-Bukasa,Old Taxi Park,both
2aa80707e1ac7359,,TCL|T610K|13|SurveyCTO Collect 2.81.2 (3771098),4582,,1.0,46.0,Makindye -Luwafu,Old Taxi Park,Old Taxi Park,,3 7 8,Fatumah & Olivia & Rhoda,0.0,0.0,1.0,0.0,0.0,0.0,1.0,1.0,0.0,0.0,Makindye -Luwafu Stage,Secretary,Secretary,,1999.0,1983.0,Founded by drivers who did not belong to an older stage,Founded by drivers who did not belong to an older stage,,,,,,,,,,,,,,,,,,,,media/1725282949840.jpg,1.0,3.0,4,media/1725283005097.jpg,4,uuid:afb29606-b33a-484a-a99b-5c099ea3c847/B-B3,uuid:afb29606-b33a-484a-a99b-5c099ea3c847/B-p3_photo_loop,uuid:afb29606-b33a-484a-a99b-5c099ea3c847/B-B4,uuid:afb29606-b33a-484a-a99b-5c099ea3c847/B-p4_photo_loop,uuid:afb29606-b33a-484a-a99b-5c099ea3c847/C-C1,3,uuid:afb29606-b33a-484a-a99b-5c099ea3c847/C-p5_photo_loop,3,uuid:afb29606-b33a-484a-a99b-5c099ea3c847/C-R,Yes,Yes,1 2 4 6,Not enough passengers & Poor road quality & Opposition from other stages & Drivers don’t want to go,1.0,1.0,0.0,1.0,0.0,1.0,0.0,0.0,4,uuid:afb29606-b33a-484a-a99b-5c099ea3c847/C-C9_branch_loop,uuid:afb29606-b33a-484a-a99b-5c099ea3c847/C-p7_photo_loop,70,90,150.0,70.0,50.0,50.0,80.0,100.0,40.0,50.0,1 2 4 6 7 99,Must have a driver permit & Must have been a conductor at the stage & Must be referred by an existing stage member & Must have some education & Must have previous work experience & Other,1.0,1.0,0.0,1.0,0.0,1.0,1.0,1.0,0.0,Mentally okay and well Physically okay and able LC letter  National ID,10.0,"First come, first serve on the day","First come, first serve on the day",,1 2 3 4 5 6 9,Chairperson & Vice Chairperson & Secretary & Treasurer & Welfare & Defence & Elder Advisor,1.0,1.0,1.0,1.0,1.0,1.0,0.0,0.0,1.0,0.0,0.0,,Yes,Yes,5.0,1 2 99,Be a driver & Have a permit/driving license & Other,1.0,1.0,0.0,0.0,0.0,0.0,1.0,0.0,,,Must have a membership card,1 2 4 5 6 99,Be a driver & Have a permit/driving license & No criminal record & Must have a family & Need to have been at the stage for ____ years & Other,1.0,1.0,0.0,1.0,1.0,1.0,1.0,0.0,,5,Must have some level of education like S.4 Level Must be disciplined,media/1725286100175.jpg,media/1725286113827.jpg,2407230723.0,uuid:afb29606-b33a-484a-a99b-5c099ea3c847,2024-09-02 12:02:35,2024-09-02 09:14:27,2024-09-02 11:56:16,2024-09-02,Respondent_903251,46,Makindye-Luwafu,66,Makindye-Luwafu,Old Taxi Park,both
2aa80707e1ac7359,,TCL|T610K|13|SurveyCTO Collect 2.81.2 (3771098),3036,,2.0,20.0,Nateete -Rubaga road- Nalukolongo,Old Taxi Park,Old Taxi Park,,3 7 8,Fatumah & Olivia & Rhoda,0.0,0.0,1.0,0.0,0.0,0.0,1.0,1.0,0.0,0.0,Nateete -Rubaga road- Nalukolongo Stage,Elder,Elder,,1998.0,1993.0,"Originated from an older stage, split off","Originated from an older stage, split off",,Kibuye Ndeeba Nateete,Yes,Yes,8,Old Taxi Park,0.0,0.0,0.0,0.0,0.0,0.0,0.0,1.0,0.0,0.0,0.0,0.0,,media/1724493473868.jpg,2.0,1.0,3,media/1724493502821.jpg,3,uuid:4dcf4dce-17c6-4491-88a3-6ad3b54550cf/B-B3,uuid:4dcf4dce-17c6-4491-88a3-6ad3b54550cf/B-p3_photo_loop,uuid:4dcf4dce-17c6-4491-88a3-6ad3b54550cf/B-B4,uuid:4dcf4dce-17c6-4491-88a3-6ad3b54550cf/B-p4_photo_loop,uuid:4dcf4dce-17c6-4491-88a3-6ad3b54550cf/C-C1,2,uuid:4dcf4dce-17c6-4491-88a3-6ad3b54550cf/C-p5_photo_loop,2,uuid:4dcf4dce-17c6-4491-88a3-6ad3b54550cf/C-R,No,No,,,,,,,,,,,3,uuid:4dcf4dce-17c6-4491-88a3-6ad3b54550cf/C-C9_branch_loop,uuid:4dcf4dce-17c6-4491-88a3-6ad3b54550cf/C-p7_photo_loop,30,40,20.0,25.0,25.0,30.0,40.0,-99.0,-99.0,12.0,1 2 3 7 99,Must have a driver permit & Must have been a conductor at the stage & Must be a friend or relative of existing stage member & Must have previous work experience & Other,1.0,1.0,1.0,0.0,0.0,0.0,1.0,1.0,0.0,Good conduct,10.0,"First come, first serve on the day","First come, first serve on the day",,1 2 3 4 5 6 9,Chairperson & Vice Chairperson & Secretary & Treasurer & Welfare & Defence & Elder Advisor,1.0,1.0,1.0,1.0,1.0,1.0,0.0,0.0,1.0,0.0,0.0,,Yes,Yes,3.0,1 2 99,Be a driver & Have a permit/driving license & Other,1.0,1.0,0.0,0.0,0.0,0.0,1.0,0.0,,,Membership card,1 2 4 99,Be a driver & Have a permit/driving license & No criminal record & Other,1.0,1.0,0.0,1.0,0.0,0.0,1.0,0.0,,,Stage member,media/1724495544217.jpg,media/1724495554652.jpg,2407230723.0,uuid:4dcf4dce-17c6-4491-88a3-6ad3b54550cf,2024-08-24 07:03:07,2024-08-24 05:55:19,2024-08-24 07:02:52,2024-08-23,Respondent_111079,20,Rubaga Road-Nateete / Nateete-Rubaga Road,48,Nateete -Rubaga road- Nalukolongo,Old Taxi Park,both
2aa80707e1ac7359,,TCL|T610K|13|SurveyCTO Collect 2.81.2 (3771098),4673,,8.0,7.0,Zzana stage,Valley,Valley,,5 9,Joviah & Sumaiya,0.0,0.0,0.0,0.0,1.0,0.0,0.0,0.0,1.0,0.0,Zzana stage Stage,Other,Other,Vice Chairperson,2006.0,1986.0,Founded by drivers who did not belong to an older stage,Founded by drivers who did not belong to an older stage,,,,,,,,,,,,,,,,,,,,media/1722345153377.jpg,5.0,1.0,6,media/1722345764809.jpg,6,uuid:a0c0752e-8750-4463-9711-3e2eaa9174e6/B-B3,uuid:a0c0752e-8750-4463-9711-3e2eaa9174e6/B-p3_photo_loop,uuid:a0c0752e-8750-4463-9711-3e2eaa9174e6/B-B4,uuid:a0c0752e-8750-4463-9711-3e2eaa9174e6/B-p4_photo_loop,uuid:a0c0752e-8750-4463-9711-3e2eaa9174e6/C-C1,3,uuid:a0c0752e-8750-4463-9711-3e2eaa9174e6/C-p5_photo_loop,3,uuid:a0c0752e-8750-4463-9711-3e2eaa9174e6/C-R,No,No,,,,,,,,,,,6,uuid:a0c0752e-8750-4463-9711-3e2eaa9174e6/C-C9_branch_loop,uuid:a0c0752e-8750-4463-9711-3e2eaa9174e6/C-p7_photo_loop,0,0,0.0,0.0,40.0,0.0,0.0,0.0,0.0,20.0,1 2 99,Must have a driver permit & Must have been a conductor at the stage & Other,1.0,1.0,0.0,0.0,0.0,0.0,0.0,1.0,0.0,"Reference letter from former stage,  2 Referees",18.0,"First come, first serve on the day","First come, first serve on the day",,1 2 3 4 5 6 7 8 9,Chairperson & Vice Chairperson & Secretary & Treasurer & Welfare & Defence & Mobiliser & Stage Master & Elder Advisor,1.0,1.0,1.0,1.0,1.0,1.0,1.0,1.0,1.0,0.0,0.0,,Yes,Yes,5.0,1 99,Be a driver & Other,1.0,0.0,0.0,0.0,0.0,0.0,1.0,0.0,,,Membership card,1 5 6 99,Be a driver & Must have a family & Need to have been at the stage for ____ years & Other,1.0,0.0,0.0,0.0,1.0,1.0,1.0,0.0,,5,Good morals,media/1722348099783.jpg,media/1722355571367.jpg,2407230723.0,uuid:a0c0752e-8750-4463-9711-3e2eaa9174e6,2024-07-30 12:48:38,2024-07-30 09:10:24,2024-07-30 12:09:56,2024-07-25,Respondent_486982,7,Zana,8,Namasuba-Zana,Valley,both
3e91b3bc962f0796,,TECNO|TECNO KI5k|12|SurveyCTO Collect 2.81.2 (3771098),2681,,1.0,67.0,Kawempe-Matugga-Kirinyabigo-Ssemuto-Kapeeka,Bwaise,Bwaise,,1 7,Claire & Olivia,1.0,0.0,0.0,0.0,0.0,0.0,1.0,0.0,0.0,0.0,Kawempe-Matugga-Kirinyabigo-Ssemuto-Kapeeka Stage,Secretary,Secretary,,2023.0,2023.0,Founded by drivers who did not belong to an older stage,Founded by drivers who did not belong to an older stage,,,,,,,,,,,,,,,,,,,,media/1726147854800.jpg,1.0,0.0,1,media/1726147887493.jpg,1,uuid:69f13277-7bf8-4009-a298-901c94fe4b77/B-B3,uuid:69f13277-7bf8-4009-a298-901c94fe4b77/B-p3_photo_loop,,,uuid:69f13277-7bf8-4009-a298-901c94fe4b77/C-C1,4,uuid:69f13277-7bf8-4009-a298-901c94fe4b77/C-p5_photo_loop,4,uuid:69f13277-7bf8-4009-a298-901c94fe4b77/C-R,Yes,Yes,1 2 99,Not enough passengers & Poor road quality & Other,1.0,1.0,0.0,0.0,0.0,0.0,1.0,0.0,1,,,80,,,,60.0,70.0,,,,60.0,1 4 99,Must have a driver permit & Must be referred by an existing stage member & Other,1.0,0.0,0.0,1.0,0.0,0.0,0.0,1.0,0.0,LC letter  National ID  Recommendation letter from former workplace,5.0,Other,Other,First come first serve is used for 3 routes(sub stages) and predetermined schedule is used for the route via Ssemuto road,1 2 3 4 5 6 9,Chairperson & Vice Chairperson & Secretary & Treasurer & Welfare & Defence & Elder Advisor,1.0,1.0,1.0,1.0,1.0,1.0,0.0,0.0,1.0,0.0,0.0,,Yes,Yes,5.0,99,Other,0.0,0.0,0.0,0.0,0.0,0.0,1.0,0.0,,,Must be a stage member,1 2 99,Be a driver & Have a permit/driving license & Other,1.0,1.0,0.0,0.0,0.0,0.0,1.0,0.0,,,Must be a stage member,media/1726149698845.jpg,media/1726149712497.jpg,2407230723.0,uuid:69f13277-7bf8-4009-a298-901c94fe4b77,2024-09-12 10:17:10,2024-09-12 09:28:10,2024-09-12 10:14:57,2024-09-12,Respondent_141310,67,Kawempe-Matugga-Kirinyabigo-Ssemuto-Kapeeka,86,Kawempe-Matugga-Kirinyabigo-Ssemuto-Kapeeka,Bwaise,both
0F717E25-0542-496A-9B46-40D56DB59F40,,Apple|iPhone|17.6.1|SurveyCTO Collect 2.80 (274730),961,,2.0,51.0,Namasuba-Kikajjo-DK,Other,Other,Kategula,7 10,Olivia & Vivian,0.0,0.0,0.0,0.0,0.0,0.0,1.0,0.0,0.0,1.0,Namasuba-Kikajjo-DK Stage,Other,Other,Assistant defense,2009.0,1990.0,Founded by drivers who did not belong to an older stage,Founded by drivers who did not belong to an older stage,,,,,,,,,,,,,,,,,,,,media/1727978117249.jpg,2.0,3.0,5,media/1727978137160.jpg,5,uuid:f3621dc1-003f-4fbe-a80d-cc13e77148d7/B-B3,uuid:f3621dc1-003f-4fbe-a80d-cc13e77148d7/B-p3_photo_loop,,,uuid:f3621dc1-003f-4fbe-a80d-cc13e77148d7/C-C1,1,uuid:f3621dc1-003f-4fbe-a80d-cc13e77148d7/C-p5_photo_loop,1,uuid:f3621dc1-003f-4fbe-a80d-cc13e77148d7/C-R,No,No,,,,,,,,,,,5,uuid:f3621dc1-003f-4fbe-a80d-cc13e77148d7/C-C9_branch_loop,uuid:f3621dc1-003f-4fbe-a80d-cc13e77148d7/C-p7_photo_loop,100,200,50.0,-99.0,7.0,60.0,70.0,50.0,-99.0,5.0,1 2,Must have a driver permit & Must have been a conductor at the stage,1.0,1.0,0.0,0.0,0.0,0.0,0.0,0.0,0.0,,0.0,"First come, first serve on the day","First come, first serve on the day",,1 2 3 4 5 6,Chairperson & Vice Chairperson & Secretary & Treasurer & Welfare & Defence,1.0,1.0,1.0,1.0,1.0,1.0,0.0,0.0,0.0,0.0,0.0,,No,No,,,,,,,,,,,,,,,,,,,,,,,,,,,,media/1727978986145.jpg,media/1727978994924.jpg,2407230723.0,uuid:f3621dc1-003f-4fbe-a80d-cc13e77148d7,2024-10-03 14:27:50,2024-10-03 13:54:21,2024-10-03 14:26:11,2024-10-03,Respondent_471829,51,Namasuba-DK-Kikajjo,127,Namasuba-Kikajjo-DK,Kategula,both
357759081484347,,samsung|SM-G955U|9|SurveyCTO Collect 2.81.2 (3771098),1781,,1.0,86.0,Namere Kiteezi Buwambo,Other,Other,Kalerwe,4 5 9,Gerald & Joviah & Sumaiya,0.0,0.0,0.0,1.0,1.0,0.0,0.0,0.0,1.0,0.0,Namere Kiteezi Buwambo Stage,Branch Leader (but not one of the above),Branch Leader (but not one of the above),,2014.0,2014.0,"Originated from an older stage, split off","Originated from an older stage, split off",,Gayaza,Yes,Yes,99,Other,0.0,0.0,0.0,0.0,0.0,0.0,0.0,0.0,0.0,0.0,1.0,0.0,Kalerwe,media/1727510900215.jpg,3.0,0.0,3,media/1727510990405.jpg,3,uuid:cb82f7c9-e091-461e-b8a3-8415f676fe24/B-B3,uuid:cb82f7c9-e091-461e-b8a3-8415f676fe24/B-p3_photo_loop,,,uuid:cb82f7c9-e091-461e-b8a3-8415f676fe24/C-C1,1,uuid:cb82f7c9-e091-461e-b8a3-8415f676fe24/C-p5_photo_loop,1,uuid:cb82f7c9-e091-461e-b8a3-8415f676fe24/C-R,Yes,Yes,1 2 6,Not enough passengers & Poor road quality & Drivers don’t want to go,1.0,1.0,0.0,0.0,0.0,1.0,0.0,0.0,3,,uuid:cb82f7c9-e091-461e-b8a3-8415f676fe24/C-p7_photo_loop,46,26,,,10.0,10.0,5.0,,,10.0,1 2 7 99,Must have a driver permit & Must have been a conductor at the stage & Must have previous work experience & Other,1.0,1.0,0.0,0.0,0.0,0.0,1.0,1.0,0.0,Been at the stage for 6 years,2.0,Predetermined schedule before the day,Predetermined schedule before the day,,1 2 3 4 5 6 7 8 9,Chairperson & Vice Chairperson & Secretary & Treasurer & Welfare & Defence & Mobiliser & Stage Master & Elder Advisor,1.0,1.0,1.0,1.0,1.0,1.0,1.0,1.0,1.0,0.0,0.0,,No,No,,,,,,,,,,,,,,,,,,,,,,,,,,,,media/1727512512611.jpg,media/1727512520192.jpg,2407230723.0,uuid:cb82f7c9-e091-461e-b8a3-8415f676fe24,2024-09-28 09:36:53,2024-09-28 04:05:39,2024-09-28 04:52:09,2024-09-27,Respondent_486930,86,Namere Kiteezi Buwambo,118,Namere Kiteezi Buwambo,Kalerwe,both
ef8c3fa68e554f2a,,TECNO|TECNO KD6|10|SurveyCTO Collect 2.81.2 (3771098),8822,,2.0,4.0,Kajjansi stage,Old Taxi Park,Old Taxi Park,,3 7 8,Fatumah & Olivia & Rhoda,0.0,0.0,1.0,0.0,0.0,0.0,1.0,1.0,0.0,0.0,Kajjansi stage Stage,Secretary,Secretary,,2005.0,1970.0,"Originated from an older stage, split off","Originated from an older stage, split off",,Entebbe stage,Yes,Yes,3 6 8 10,Kisenyi/Gwanda & Nateete & Old Taxi Park & Valley,0.0,0.0,1.0,0.0,0.0,1.0,0.0,1.0,0.0,1.0,0.0,0.0,,media/1724742173359.jpg,3.0,5.0,8,media/1724742215474.jpg,8,uuid:c41fa63d-56ee-409e-a2aa-58e15fe33436/B-B3,uuid:c41fa63d-56ee-409e-a2aa-58e15fe33436/B-p3_photo_loop,uuid:c41fa63d-56ee-409e-a2aa-58e15fe33436/B-B4,uuid:c41fa63d-56ee-409e-a2aa-58e15fe33436/B-p4_photo_loop,uuid:c41fa63d-56ee-409e-a2aa-58e15fe33436/C-C1,6,uuid:c41fa63d-56ee-409e-a2aa-58e15fe33436/C-p5_photo_loop,6,uuid:c41fa63d-56ee-409e-a2aa-58e15fe33436/C-R,No,No,,,,,,,,,,,8,uuid:c41fa63d-56ee-409e-a2aa-58e15fe33436/C-C9_branch_loop,uuid:c41fa63d-56ee-409e-a2aa-58e15fe33436/C-p7_photo_loop,90,150,150.0,150.0,90.0,65.0,100.0,100.0,100.0,65.0,1 2 4 99,Must have a driver permit & Must have been a conductor at the stage & Must be referred by an existing stage member & Other,1.0,1.0,0.0,1.0,0.0,0.0,0.0,1.0,0.0,Must have an L C letter Must have a letter from previous stage if new driver,6.0,"First come, first serve on the day","First come, first serve on the day",,1 2 3 4 5 6 7 8,Chairperson & Vice Chairperson & Secretary & Treasurer & Welfare & Defence & Mobiliser & Stage Master,1.0,1.0,1.0,1.0,1.0,1.0,1.0,1.0,0.0,0.0,0.0,,Yes,Yes,5.0,1 2 99,Be a driver & Have a permit/driving license & Other,1.0,1.0,0.0,0.0,0.0,0.0,1.0,0.0,,,Must be a stage member,1 2 4 6,Be a driver & Have a permit/driving license & No criminal record & Need to have been at the stage for ____ years,1.0,1.0,0.0,1.0,0.0,1.0,0.0,0.0,,10,,media/1724749314483.jpg,media/1724749324965.jpg,2407230723.0,uuid:c41fa63d-56ee-409e-a2aa-58e15fe33436,2024-08-27 05:41:58,2024-08-27 02:57:45,2024-08-27 05:34:41,2024-08-26,Respondent_587026,4,Kajjansi,53,Kajjansi,Old Taxi Park,both
3e91b3bc962f0796,,TECNO|TECNO KI5k|12|SurveyCTO Collect 2.81.2 (3771098),3782,,6.0,2.0,Ndejje,Other,Other,Bata Bata taxi park,1 8,Claire & Rhoda,1.0,0.0,0.0,0.0,0.0,0.0,0.0,1.0,0.0,0.0,Ndejje Stage,Chairperson,Chairperson,,2009.0,1990.0,Founded by drivers who did not belong to an older stage,Founded by drivers who did not belong to an older stage,,,,,,,,,,,,,,,,,,,,media/1727968248918.jpg,8.0,1.0,9,media/1727968278862.jpg,9,uuid:1b031095-f149-4bc5-96f5-6f5e78e33f06/B-B3,uuid:1b031095-f149-4bc5-96f5-6f5e78e33f06/B-p3_photo_loop,,,uuid:1b031095-f149-4bc5-96f5-6f5e78e33f06/C-C1,4,uuid:1b031095-f149-4bc5-96f5-6f5e78e33f06/C-p5_photo_loop,4,uuid:1b031095-f149-4bc5-96f5-6f5e78e33f06/C-R,Yes,Yes,2,Poor road quality,0.0,1.0,0.0,0.0,0.0,0.0,0.0,0.0,9,uuid:1b031095-f149-4bc5-96f5-6f5e78e33f06/C-C9_branch_loop,uuid:1b031095-f149-4bc5-96f5-6f5e78e33f06/C-p7_photo_loop,800,700,450.0,80.0,30.0,350.0,300.0,150.0,45.0,15.0,1 2 7 99,Must have a driver permit & Must have been a conductor at the stage & Must have previous work experience & Other,1.0,1.0,0.0,0.0,0.0,0.0,1.0,1.0,0.0,LC letter  Must have a Vehicle,6.0,"First come, first serve on the day","First come, first serve on the day",,1 2 3 4 5 6 7 8 9,Chairperson & Vice Chairperson & Secretary & Treasurer & Welfare & Defence & Mobiliser & Stage Master & Elder Advisor,1.0,1.0,1.0,1.0,1.0,1.0,1.0,1.0,1.0,0.0,0.0,,Yes,Yes,2.0,99,Other,0.0,0.0,0.0,0.0,0.0,0.0,1.0,0.0,,,Must be a stage member with stage ID,1 2 6,Be a driver & Have a permit/driving license & Need to have been at the stage for ____ years,1.0,1.0,0.0,0.0,0.0,1.0,0.0,0.0,,5,,media/1727972947410.jpg,media/1727973740866.jpg,2407230723.0,uuid:1b031095-f149-4bc5-96f5-6f5e78e33f06,2024-10-05 07:40:52,2024-10-03 11:09:26,2024-10-03 12:42:29,2024-10-03,Respondent_360092,2,Ndejje,126,Ndejje,Bata Bata,both
2aa80707e1ac7359,,TCL|T610K|13|SurveyCTO Collect 2.81.2 (3771098),4312,,4.0,2.0,Namasuba -Zana-Ndejje,Old Taxi Park,Old Taxi Park,,3 7 8,Fatumah & Olivia & Rhoda,0.0,0.0,1.0,0.0,0.0,0.0,1.0,1.0,0.0,0.0,Namasuba -Zana-Ndejje Stage,Elder,Elder,,1994.0,1970.0,Founded by drivers who did not belong to an older stage,Founded by drivers who did not belong to an older stage,,,,,,,,,,,,,,,,,,,,media/1724845370109.jpg,7.0,1.0,8,media/1724845404773.jpg,8,uuid:bb8979d9-5e39-494e-9a2c-3ae5f7c4e602/B-B3,uuid:bb8979d9-5e39-494e-9a2c-3ae5f7c4e602/B-p3_photo_loop,,,uuid:bb8979d9-5e39-494e-9a2c-3ae5f7c4e602/C-C1,5,uuid:bb8979d9-5e39-494e-9a2c-3ae5f7c4e602/C-p5_photo_loop,5,uuid:bb8979d9-5e39-494e-9a2c-3ae5f7c4e602/C-R,No,No,,,,,,,,,,,8,uuid:bb8979d9-5e39-494e-9a2c-3ae5f7c4e602/C-C9_branch_loop,uuid:bb8979d9-5e39-494e-9a2c-3ae5f7c4e602/C-p7_photo_loop,400,500,500.0,450.0,70.0,300.0,200.0,150.0,150.0,70.0,1 2 7 99,Must have a driver permit & Must have been a conductor at the stage & Must have previous work experience & Other,1.0,1.0,0.0,0.0,0.0,0.0,1.0,1.0,0.0,Entry fee - 2 million  Membership card,40.0,"First come, first serve on the day","First come, first serve on the day",,1 2 3 4 5 6 9,Chairperson & Vice Chairperson & Secretary & Treasurer & Welfare & Defence & Elder Advisor,1.0,1.0,1.0,1.0,1.0,1.0,0.0,0.0,1.0,0.0,0.0,,Yes,Yes,5.0,1 2 99,Be a driver & Have a permit/driving license & Other,1.0,1.0,0.0,0.0,0.0,0.0,1.0,0.0,,,Must be a stage member,1 2 4 99,Be a driver & Have a permit/driving license & No criminal record & Other,1.0,1.0,0.0,1.0,0.0,0.0,1.0,0.0,,,Good conduct and disciplined,media/1724848499605.jpg,media/1724848513714.jpg,2407230723.0,uuid:bb8979d9-5e39-494e-9a2c-3ae5f7c4e602,2024-08-29 02:42:40,2024-08-28 07:36:37,2024-08-29 02:39:25,2024-08-23,Respondent_32226,2,Ndejje,55,Namasuba-Zana-Ndejje,Old Taxi Park,both
7b3ea01a9b188ca2,,Redmi|Redmi Note 9S|11|SurveyCTO Collect 2.81.2 (3771098),4197,,1.0,34.0,Nsambya,Old Taxi Park,Old Taxi Park,,3 4 10,Fatumah & Gerald & Vivian,0.0,0.0,1.0,1.0,0.0,0.0,0.0,0.0,0.0,1.0,Nsambya Stage,Chairperson,Chairperson,,1994.0,1978.0,"Originated from an older stage, split off","Originated from an older stage, split off",,Ggaba-Kansanga,Yes,Yes,8,Old Taxi Park,0.0,0.0,0.0,0.0,0.0,0.0,0.0,1.0,0.0,0.0,0.0,0.0,,media/1724117096511.jpg,1.0,3.0,4,media/1724117119159.jpg,4,uuid:d933bb1b-bea4-4251-9c15-d0ccdf6f6b37/B-B3,uuid:d933bb1b-bea4-4251-9c15-d0ccdf6f6b37/B-p3_photo_loop,,,uuid:d933bb1b-bea4-4251-9c15-d0ccdf6f6b37/C-C1,3,uuid:d933bb1b-bea4-4251-9c15-d0ccdf6f6b37/C-p5_photo_loop,3,uuid:d933bb1b-bea4-4251-9c15-d0ccdf6f6b37/C-R,No,No,,,,,,,,,,,4,uuid:d933bb1b-bea4-4251-9c15-d0ccdf6f6b37/C-C9_branch_loop,uuid:d933bb1b-bea4-4251-9c15-d0ccdf6f6b37/C-p7_photo_loop,67,60,55.0,50.0,30.0,40.0,35.0,25.0,25.0,40.0,2,Must have been a conductor at the stage,0.0,1.0,0.0,0.0,0.0,0.0,0.0,0.0,0.0,,15.0,"First come, first serve on the day","First come, first serve on the day",,1 2 3 4 5 6 7 9,Chairperson & Vice Chairperson & Secretary & Treasurer & Welfare & Defence & Mobiliser & Elder Advisor,1.0,1.0,1.0,1.0,1.0,1.0,1.0,0.0,1.0,0.0,0.0,,Yes,Yes,5.0,2 6 99,Have a permit/driving license & Need to have been at the stage for ____ years & Other,0.0,1.0,0.0,0.0,0.0,1.0,1.0,0.0,,5,Stage member with good conduct,2 5 6 99,Have a permit/driving license & Must have a family & Need to have been at the stage for ____ years & Other,0.0,1.0,0.0,0.0,1.0,1.0,1.0,0.0,,10,7 years of driving experience,media/1724119458281.jpg,media/1724119469985.jpg,2407230723.0,uuid:d933bb1b-bea4-4251-9c15-d0ccdf6f6b37,2024-08-20 00:04:49,2024-08-19 09:00:39,2024-08-20 00:02:41,2024-08-17,Respondent_180127,34,Nsambya,37,Nsambya,Old Taxi Park,both
e912dcc7bdab73f5,,Itel|itel A665L|13|SurveyCTO Collect 2.81.2 (3771098),1825,,6.0,5.0,Busabaala,Other,Other,Kategula,4 5,Gerald & Joviah,0.0,0.0,0.0,1.0,1.0,0.0,0.0,0.0,0.0,0.0,Busabaala Stage,Branch Leader (but not one of the above),Branch Leader (but not one of the above),,2002.0,1993.0,Founded by drivers who did not belong to an older stage,Founded by drivers who did not belong to an older stage,,,,,,,,,,,,,,,,,,,,media/1727964467608.jpg,6.0,1.0,7,media/1727964519016.jpg,7,uuid:83661587-7da2-402a-b4e0-64aa8acb2cd9/B-B3,uuid:83661587-7da2-402a-b4e0-64aa8acb2cd9/B-p3_photo_loop,uuid:83661587-7da2-402a-b4e0-64aa8acb2cd9/B-B4,uuid:83661587-7da2-402a-b4e0-64aa8acb2cd9/B-p4_photo_loop,uuid:83661587-7da2-402a-b4e0-64aa8acb2cd9/C-C1,2,uuid:83661587-7da2-402a-b4e0-64aa8acb2cd9/C-p5_photo_loop,2,uuid:83661587-7da2-402a-b4e0-64aa8acb2cd9/C-R,Yes,Yes,1 6,Not enough passengers & Drivers don’t want to go,1.0,0.0,0.0,0.0,0.0,1.0,0.0,0.0,7,uuid:83661587-7da2-402a-b4e0-64aa8acb2cd9/C-C9_branch_loop,uuid:83661587-7da2-402a-b4e0-64aa8acb2cd9/C-p7_photo_loop,600,400,150.0,40.0,80.0,185.0,150.0,80.0,20.0,80.0,2 99,Must have been a conductor at the stage & Other,0.0,1.0,0.0,0.0,0.0,0.0,0.0,1.0,0.0,"LC letter, National identity card",3.0,"First come, first serve on the day","First come, first serve on the day",,1 2 3 4 5 6 7 8 9,Chairperson & Vice Chairperson & Secretary & Treasurer & Welfare & Defence & Mobiliser & Stage Master & Elder Advisor,1.0,1.0,1.0,1.0,1.0,1.0,1.0,1.0,1.0,0.0,0.0,,No,No,,,,,,,,,,,,,,,,,,,,,,,,,,,,media/1727966064417.jpg,media/1727966077804.jpg,2407230723.0,uuid:83661587-7da2-402a-b4e0-64aa8acb2cd9,2024-10-03 10:38:17,2024-10-03 10:04:58,2024-10-03 10:36:56,2024-10-03,Respondent_466541,5,Busabaala,125,Busabaala,Kategula,both
3e91b3bc962f0796,,TECNO|TECNO KI5k|12|SurveyCTO Collect 2.81.2 (3771098),2077,,1.0,66.0,Bwaise-Kawempe-Matugga-Bombo road,Nateete,Nateete,,1 3 7,Claire & Fatumah & Olivia,1.0,0.0,1.0,0.0,0.0,0.0,1.0,0.0,0.0,0.0,Bwaise-Kawempe-Matugga-Bombo road Stage,Other,Other,Vice chairman,2008.0,2008.0,"Originated from an older stage, formed as a separate, independent stage by their","Originated from an older stage, formed as a separate, independent stage by their leaders",,Bwaise-Kazo-Katooke stage and Kawempe-Matugga stage,Yes,Yes,7 8,New Taxi Park & Old Taxi Park,0.0,0.0,0.0,0.0,0.0,0.0,1.0,1.0,0.0,0.0,0.0,0.0,,media/1726223813209.jpg,1.0,0.0,1,media/1726223836668.jpg,1,uuid:0cb6b111-f758-40aa-b78b-cf9197f03769/B-B3,uuid:0cb6b111-f758-40aa-b78b-cf9197f03769/B-p3_photo_loop,,,uuid:0cb6b111-f758-40aa-b78b-cf9197f03769/C-C1,2,uuid:0cb6b111-f758-40aa-b78b-cf9197f03769/C-p5_photo_loop,2,uuid:0cb6b111-f758-40aa-b78b-cf9197f03769/C-R,Yes,Yes,1 2 6,Not enough passengers & Poor road quality & Drivers don’t want to go,1.0,1.0,0.0,0.0,0.0,1.0,0.0,0.0,1,,,10,30,-99.0,,10.0,10.0,25.0,-99.0,,7.0,1 7 99,Must have a driver permit & Must have previous work experience & Other,1.0,0.0,0.0,0.0,0.0,0.0,1.0,1.0,0.0,Probation of 2 years working at the stage but not registered at the stage,0.0,"First come, first serve on the day","First come, first serve on the day",,1 2 3 4 5 9,Chairperson & Vice Chairperson & Secretary & Treasurer & Welfare & Elder Advisor,1.0,1.0,1.0,1.0,1.0,0.0,0.0,0.0,1.0,0.0,0.0,,No,No,,,,,,,,,,,,,,,,,,,,,,,,,,,,media/1726225288592.jpg,media/1726225305635.jpg,2407230723.0,uuid:0cb6b111-f758-40aa-b78b-cf9197f03769,2024-09-13 07:21:20,2024-09-13 06:33:27,2024-09-13 07:16:17,2024-09-11,Respondent_107182,66,Bwaise-Kawempe-Matugga-Bombo road,88,Bwaise-Kawempe-Matugga-Bombo road,Bwaise,both
0F717E25-0542-496A-9B46-40D56DB59F40,,Apple|iPhone|17.6.1|SurveyCTO Collect 2.80 (274730),1893,,1.0,83.0,Ntinda-Nakawa-Kiwatule-Najjera-Kira,New Taxi Park,New Taxi Park,,8 10,Rhoda & Vivian,0.0,0.0,0.0,0.0,0.0,0.0,0.0,1.0,0.0,1.0,Ntinda-Nakawa-Kiwatule-Najjera-Kira Stage,Other,Other,Welfare,2001.0,1994.0,"Originated from an older stage, split off","Originated from an older stage, split off",,Ntinda,Yes,Yes,8,Old Taxi Park,0.0,0.0,0.0,0.0,0.0,0.0,0.0,1.0,0.0,0.0,0.0,0.0,,media/1727257930663.jpg,1.0,2.0,3,media/1727257963172.jpg,3,uuid:c1fca0d2-a290-4f44-beaf-e1b17c7a0ce6/B-B3,uuid:c1fca0d2-a290-4f44-beaf-e1b17c7a0ce6/B-p3_photo_loop,,,uuid:c1fca0d2-a290-4f44-beaf-e1b17c7a0ce6/C-C1,1,uuid:c1fca0d2-a290-4f44-beaf-e1b17c7a0ce6/C-p5_photo_loop,1,uuid:c1fca0d2-a290-4f44-beaf-e1b17c7a0ce6/C-R,Yes,Yes,4,Opposition from other stages,0.0,0.0,0.0,1.0,0.0,0.0,0.0,0.0,3,uuid:c1fca0d2-a290-4f44-beaf-e1b17c7a0ce6/C-C9_branch_loop,uuid:c1fca0d2-a290-4f44-beaf-e1b17c7a0ce6/C-p7_photo_loop,40,40,50.0,80.0,30.0,15.0,20.0,30.0,50.0,15.0,1 99,Must have a driver permit & Other,1.0,0.0,0.0,0.0,0.0,0.0,0.0,1.0,0.0,"National ID, membership fee of 300k, 3months driving probation",5.0,"First come, first serve on the day","First come, first serve on the day",,1 2 3 5 6 9,Chairperson & Vice Chairperson & Secretary & Welfare & Defence & Elder Advisor,1.0,1.0,1.0,0.0,1.0,1.0,0.0,0.0,1.0,0.0,0.0,,No,No,,,,,,,,,,,,,,,,,,,,,,,,,,,,media/1727259205115.jpg,media/1727259215539.jpg,2407230723.0,uuid:c1fca0d2-a290-4f44-beaf-e1b17c7a0ce6,2024-09-25 07:17:26,2024-09-25 05:46:09,2024-09-25 06:17:42,2024-09-25,Respondent_908004,83,Ntinda,111,Ntinda-Nakawa-Kiwatule-Najjera-Kira,New Taxi Park,both
357759081484347,,samsung|SM-G955U|9|SurveyCTO Collect 2.81.2 (3771098),957,,91.0,1.0,Salaama Munyonyo,Kibuye,Kibuye,,4 5 9,Gerald & Joviah & Sumaiya,0.0,0.0,0.0,1.0,1.0,0.0,0.0,0.0,1.0,0.0,Salaama Munyonyo Stage,Secretary,Secretary,,1990.0,1975.0,Founded by drivers who did not belong to an older stage,Founded by drivers who did not belong to an older stage,,,,,,,,,,,,,,,,,,,,media/1727960553461.jpg,1.0,1.0,2,media/1727960564787.jpg,2,uuid:a56b16ab-0723-4b3a-baa3-bddcb5baf50b/B-B3,uuid:a56b16ab-0723-4b3a-baa3-bddcb5baf50b/B-p3_photo_loop,uuid:a56b16ab-0723-4b3a-baa3-bddcb5baf50b/B-B4,uuid:a56b16ab-0723-4b3a-baa3-bddcb5baf50b/B-p4_photo_loop,uuid:a56b16ab-0723-4b3a-baa3-bddcb5baf50b/C-C1,1,uuid:a56b16ab-0723-4b3a-baa3-bddcb5baf50b/C-p5_photo_loop,1,uuid:a56b16ab-0723-4b3a-baa3-bddcb5baf50b/C-R,No,No,,,,,,,,,,,2,uuid:a56b16ab-0723-4b3a-baa3-bddcb5baf50b/C-C9_branch_loop,uuid:a56b16ab-0723-4b3a-baa3-bddcb5baf50b/C-p7_photo_loop,74,90,-99.0,20.0,74.0,50.0,55.0,-99.0,8.0,50.0,1 2 99,Must have a driver permit & Must have been a conductor at the stage & Other,1.0,1.0,0.0,0.0,0.0,0.0,0.0,1.0,0.0,Must have been at the stage for 9 years,3.0,"First come, first serve on the day","First come, first serve on the day",,1 2 3 4 5 6,Chairperson & Vice Chairperson & Secretary & Treasurer & Welfare & Defence,1.0,1.0,1.0,1.0,1.0,1.0,0.0,0.0,0.0,0.0,0.0,,No,No,,,,,,,,,,,,,,,,,,,,,,,,,,,,media/1727960734660.jpg,media/1727960741316.jpg,2407230723.0,uuid:a56b16ab-0723-4b3a-baa3-bddcb5baf50b,2024-10-03 09:06:24,2024-10-03 03:47:45,2024-10-03 09:05:45,2024-10-02,Respondent_517851,91,Salaama-Munyonyo,124,Salaama-Munyonyo,Kibuye,both
357759081484347,,samsung|SM-G955U|9|SurveyCTO Collect 2.81.2 (3771098),1983,,49.0,1.0,Mengo-Rubaga,Old Taxi Park,Old Taxi Park,,5 10,Joviah & Vivian,0.0,0.0,0.0,0.0,1.0,0.0,0.0,0.0,0.0,1.0,Mengo-Rubaga Stage,Secretary,Secretary,,2004.0,1960.0,"Originated from an older stage, split off","Originated from an older stage, split off",,Mengo Rubaga-Busega,Yes,Yes,7,New Taxi Park,0.0,0.0,0.0,0.0,0.0,0.0,1.0,0.0,0.0,0.0,0.0,0.0,,media/1725270930438.jpg,3.0,0.0,3,media/1725271012342.jpg,3,uuid:3828cf97-5f2d-4ef2-9ba1-416f16e7d919/B-B3,uuid:3828cf97-5f2d-4ef2-9ba1-416f16e7d919/B-p3_photo_loop,,,uuid:3828cf97-5f2d-4ef2-9ba1-416f16e7d919/C-C1,3,uuid:3828cf97-5f2d-4ef2-9ba1-416f16e7d919/C-p5_photo_loop,3,uuid:3828cf97-5f2d-4ef2-9ba1-416f16e7d919/C-R,No,No,,,,,,,,,,,3,,,100,120,80.0,90.0,20.0,80.0,120.0,75.0,75.0,18.0,1 2 99,Must have a driver permit & Must have been a conductor at the stage & Other,1.0,1.0,0.0,0.0,0.0,0.0,0.0,1.0,0.0,7 years as a conductor,8.0,"First come, first serve on the day","First come, first serve on the day",,1 2 3 4 5 6 7 9,Chairperson & Vice Chairperson & Secretary & Treasurer & Welfare & Defence & Mobiliser & Elder Advisor,1.0,1.0,1.0,1.0,1.0,1.0,1.0,0.0,1.0,0.0,0.0,,Yes,Yes,5.0,4 6 99,No criminal record & Need to have been at the stage for ____ years & Other,0.0,0.0,0.0,1.0,0.0,1.0,1.0,0.0,,One,Stage member ID,1 2 3 6 99,Be a driver & Have a permit/driving license & Older than _____ & Need to have been at the stage for ____ years & Other,1.0,1.0,1.0,0.0,0.0,1.0,1.0,0.0,40 for chairman and vice chairman,8,Stage member ID,media/1725273695184.jpg,media/1725273705896.jpg,2407230723.0,uuid:3828cf97-5f2d-4ef2-9ba1-416f16e7d919,2024-09-02 09:54:18,2024-09-02 05:53:46,2024-09-02 06:42:05,2024-08-29,Respondent_909076,23,Mengo-Rubaga-Kosovo-Lusaze,63,Mengo-Rubaga at Old Taxi Park,Old Taxi Park,both
e912dcc7bdab73f5,,Itel|itel A665L|13|SurveyCTO Collect 2.81.2 (3771098),2154,,1.0,48.0,Kinawataka - Mbuya,Old Taxi Park,Old Taxi Park,,1 4 9,Claire & Gerald & Sumaiya,1.0,0.0,0.0,1.0,0.0,0.0,0.0,0.0,1.0,0.0,Kinawataka - Mbuya Stage,Chairperson,Chairperson,,2010.0,1995.0,"Originated from an older stage, split off","Originated from an older stage, split off",,Bweyogerere A,Yes,Yes,8,Old Taxi Park,0.0,0.0,0.0,0.0,0.0,0.0,0.0,1.0,0.0,0.0,0.0,0.0,,media/1725083207469.jpg,1.0,1.0,2,media/1725083234036.jpg,2,uuid:1153adcb-a10b-45e1-997a-a8e76eed2f8d/B-B3,uuid:1153adcb-a10b-45e1-997a-a8e76eed2f8d/B-p3_photo_loop,,,uuid:1153adcb-a10b-45e1-997a-a8e76eed2f8d/C-C1,1,uuid:1153adcb-a10b-45e1-997a-a8e76eed2f8d/C-p5_photo_loop,1,uuid:1153adcb-a10b-45e1-997a-a8e76eed2f8d/C-R,No,No,,,,,,,,,,,2,uuid:1153adcb-a10b-45e1-997a-a8e76eed2f8d/C-C9_branch_loop,uuid:1153adcb-a10b-45e1-997a-a8e76eed2f8d/C-p7_photo_loop,30,35,20.0,-99.0,25.0,25.0,25.0,15.0,-99.0,20.0,1 2 7,Must have a driver permit & Must have been a conductor at the stage & Must have previous work experience,1.0,1.0,0.0,0.0,0.0,0.0,1.0,0.0,0.0,,5.0,"First come, first serve on the day","First come, first serve on the day",,1 2 3 4 5 6 7,Chairperson & Vice Chairperson & Secretary & Treasurer & Welfare & Defence & Mobiliser,1.0,1.0,1.0,1.0,1.0,1.0,1.0,0.0,0.0,0.0,0.0,,Yes,Yes,3.0,1 2,Be a driver & Have a permit/driving license,1.0,1.0,0.0,0.0,0.0,0.0,0.0,0.0,,,,1 2,Be a driver & Have a permit/driving license,1.0,1.0,0.0,0.0,0.0,0.0,0.0,0.0,,,,media/1725084619017.jpg,media/1725084637788.jpg,2407230723.0,uuid:1153adcb-a10b-45e1-997a-a8e76eed2f8d,2024-08-31 02:47:06,2024-08-31 01:44:50,2024-08-31 02:43:30,2024-08-30,Respondent_917097,48,Mbuya,61,Kinawatake-Mbuya,Old Taxi Park,both
665B1D11-2673-4244-885F-7BA73AF1E3C2,,Apple|iPhone|17.3.1|SurveyCTO Collect 2.80 (274730),5292,,2.0,3.0,Sembuule Wankulukuku,Kisenyi/Gwanda,Kisenyi/Gwanda,,5 7 9,Joviah & Olivia & Sumaiya,0.0,0.0,0.0,0.0,1.0,0.0,1.0,0.0,1.0,0.0,Sembuule Wankulukuku Stage,Chairperson,Chairperson,,1988.0,1968.0,Founded by drivers who did not belong to an older stage,Founded by drivers who did not belong to an older stage,,,,,,,,,,,,,,,,,,,,media/1723263685588.jpg,4.0,0.0,4,media/1723275891774.jpg,4,uuid:0f78e9db-df6a-4fb8-bb19-fa478c6417b1/B-B3,uuid:0f78e9db-df6a-4fb8-bb19-fa478c6417b1/B-p3_photo_loop,,,uuid:0f78e9db-df6a-4fb8-bb19-fa478c6417b1/C-C1,3,uuid:0f78e9db-df6a-4fb8-bb19-fa478c6417b1/C-p5_photo_loop,3,uuid:0f78e9db-df6a-4fb8-bb19-fa478c6417b1/C-R,No,No,,,,,,,,,,,4,,,88,150,150.0,0.0,20.0,60.0,0.0,0.0,0.0,20.0,1 2 7 99,Must have a driver permit & Must have been a conductor at the stage & Must have previous work experience & Other,1.0,1.0,0.0,0.0,0.0,0.0,1.0,1.0,0.0,LC letter,5.0,"First come, first serve on the day","First come, first serve on the day",,1 2 3 4 5 6 9,Chairperson & Vice Chairperson & Secretary & Treasurer & Welfare & Defence & Elder Advisor,1.0,1.0,1.0,1.0,1.0,1.0,0.0,0.0,1.0,0.0,0.0,,Yes,Yes,5.0,1 2 6,Be a driver & Have a permit/driving license & Need to have been at the stage for ____ years,1.0,1.0,0.0,0.0,0.0,1.0,0.0,0.0,,3,,1 2 4 5 6,Be a driver & Have a permit/driving license & No criminal record & Must have a family & Need to have been at the stage for ____ years,1.0,1.0,0.0,1.0,1.0,1.0,0.0,0.0,,3,,media/1723266460885.jpg,media/1723266440382.jpg,2407230723.0,uuid:0f78e9db-df6a-4fb8-bb19-fa478c6417b1,2024-08-10 05:45:50,2024-08-10 00:14:53,2024-08-10 04:08:30,2024-08-08,Respondent_95251,3,Ssembule / Pastor Tom Mutundwe,22,Ssembule Wankulukuku,Kisenyi/Gwanda,both
2aa80707e1ac7359,,TCL|T610K|13|SurveyCTO Collect 2.81.2 (3771098),1969,,1.0,19.0,Salaama Munyonyo,Kisenyi/Gwanda,Kisenyi/Gwanda,,1 8,Claire & Rhoda,1.0,0.0,0.0,0.0,0.0,0.0,0.0,1.0,0.0,0.0,Salaama Munyonyo Stage,Chairperson,Chairperson,,2013.0,2013.0,"Originated from an older stage, split off","Originated from an older stage, split off",,Salaama Munyonyo,Yes,Yes,8,Old Taxi Park,0.0,0.0,0.0,0.0,0.0,0.0,0.0,1.0,0.0,0.0,0.0,0.0,,media/1723283961387.jpg,1.0,1.0,2,media/1723284005426.jpg,2,uuid:d5d93a42-c1cc-497b-9653-b165b2ae13bd/B-B3,uuid:d5d93a42-c1cc-497b-9653-b165b2ae13bd/B-p3_photo_loop,uuid:d5d93a42-c1cc-497b-9653-b165b2ae13bd/B-B4,uuid:d5d93a42-c1cc-497b-9653-b165b2ae13bd/B-p4_photo_loop,uuid:d5d93a42-c1cc-497b-9653-b165b2ae13bd/C-C1,1,uuid:d5d93a42-c1cc-497b-9653-b165b2ae13bd/C-p5_photo_loop,1,uuid:d5d93a42-c1cc-497b-9653-b165b2ae13bd/C-R,No,No,,,,,,,,,,,2,uuid:d5d93a42-c1cc-497b-9653-b165b2ae13bd/C-C9_branch_loop,uuid:d5d93a42-c1cc-497b-9653-b165b2ae13bd/C-p7_photo_loop,40,67,,,40.0,38.0,60.0,,,38.0,1 2 3 4 7 99,Must have a driver permit & Must have been a conductor at the stage & Must be a friend or relative of existing stage member & Must be referred by an existing stage member & Must have previous work experience & Other,1.0,1.0,1.0,1.0,0.0,0.0,1.0,1.0,0.0,Discipline/ Good conduct,8.0,"First come, first serve on the day","First come, first serve on the day",,1 2 3 4 5 6 7 9,Chairperson & Vice Chairperson & Secretary & Treasurer & Welfare & Defence & Mobiliser & Elder Advisor,1.0,1.0,1.0,1.0,1.0,1.0,1.0,0.0,1.0,0.0,0.0,,No,No,,,,,,,,,,,,,,,,,,,,,,,,,,,,media/1723284937405.jpg,media/1723284947758.jpg,2407230723.0,uuid:d5d93a42-c1cc-497b-9653-b165b2ae13bd,2024-08-10 11:31:38,2024-08-10 05:57:59,2024-08-10 07:13:05,2024-08-08,Respondent_928535,19,Salaama-Munyonyo,26,Salaama-Munyonyo,Kisenyi/Gwanda,both
0F717E25-0542-496A-9B46-40D56DB59F40,,Apple|iPhone|17.6.1|SurveyCTO Collect 2.80 (274730),3371,,5.0,8.0,Nateete-Busega-Entebbe-Kajjansi,Nateete,Nateete,,8 10,Rhoda & Vivian,0.0,0.0,0.0,0.0,0.0,0.0,0.0,1.0,0.0,1.0,Nateete-Busega-Entebbe-Kajjansi Stage,Other,Other,Vice chairperson,1998.0,1970.0,Founded by drivers who did not belong to an older stage,Founded by drivers who did not belong to an older stage,,,,,,,,,,,,,,,,,,,,media/1725880614884.jpg,7.0,2.0,9,media/1725880713500.jpg,9,uuid:9660dfa9-8eb3-4590-b8cf-f096bf25d6e1/B-B3,uuid:9660dfa9-8eb3-4590-b8cf-f096bf25d6e1/B-p3_photo_loop,,,uuid:9660dfa9-8eb3-4590-b8cf-f096bf25d6e1/C-C1,3,uuid:9660dfa9-8eb3-4590-b8cf-f096bf25d6e1/C-p5_photo_loop,3,uuid:9660dfa9-8eb3-4590-b8cf-f096bf25d6e1/C-R,No,No,,,,,,,,,,,9,uuid:9660dfa9-8eb3-4590-b8cf-f096bf25d6e1/C-C9_branch_loop,uuid:9660dfa9-8eb3-4590-b8cf-f096bf25d6e1/C-p7_photo_loop,700,1000,400.0,100.0,75.0,500.0,800.0,300.0,80.0,50.0,1 2 99,Must have a driver permit & Must have been a conductor at the stage & Other,1.0,1.0,0.0,0.0,0.0,0.0,0.0,1.0,0.0,Good conduct,14.0,Predetermined schedule before the day,Predetermined schedule before the day,,1 2 3 4 5 6 7 8 99,Chairperson & Vice Chairperson & Secretary & Treasurer & Welfare & Defence & Mobiliser & Stage Master & Other,1.0,1.0,1.0,1.0,1.0,1.0,1.0,1.0,0.0,1.0,0.0,Coordinator,Yes,Yes,3.0,1 2 6 99,Be a driver & Have a permit/driving license & Need to have been at the stage for ____ years & Other,1.0,1.0,0.0,0.0,0.0,1.0,1.0,0.0,,5,Stage member,1 2 4 5 6,Be a driver & Have a permit/driving license & No criminal record & Must have a family & Need to have been at the stage for ____ years,1.0,1.0,0.0,1.0,1.0,1.0,0.0,0.0,,10,,media/1725882597097.jpg,media/1725882611973.jpg,2407230723.0,uuid:9660dfa9-8eb3-4590-b8cf-f096bf25d6e1,2024-09-09 09:45:12,2024-09-09 07:15:33,2024-09-09 09:44:26,2024-09-06,Respondent_167160,8,Entebbe,79,Nateete -Busega -Entebbe -Kajjansi,Nateete,both
3e91b3bc962f0796,,TECNO|TECNO KI5k|12|SurveyCTO Collect 2.81.2 (3771098),1719,,8.0,8.0,Entebbe,Bwaise,Bwaise,,1 7,Claire & Olivia,1.0,0.0,0.0,0.0,0.0,0.0,1.0,0.0,0.0,0.0,Entebbe Stage,Elder,Elder,,1999.0,1980.0,Founded by drivers who did not belong to an older stage,Founded by drivers who did not belong to an older stage,,,,,,,,,,,,,,,,,,,,media/1728298681868.jpg,8.0,2.0,10,media/1728298700334.jpg,10,uuid:de4170de-9dbc-4389-bbe7-7d4f57c5aaff/B-B3,uuid:de4170de-9dbc-4389-bbe7-7d4f57c5aaff/B-p3_photo_loop,,,uuid:de4170de-9dbc-4389-bbe7-7d4f57c5aaff/C-C1,2,uuid:de4170de-9dbc-4389-bbe7-7d4f57c5aaff/C-p5_photo_loop,2,uuid:de4170de-9dbc-4389-bbe7-7d4f57c5aaff/C-R,No,No,,,,,,,,,,,10,uuid:de4170de-9dbc-4389-bbe7-7d4f57c5aaff/C-C9_branch_loop,uuid:de4170de-9dbc-4389-bbe7-7d4f57c5aaff/C-p7_photo_loop,700,600,350.0,-99.0,20.0,550.0,500.0,320.0,-99.0,18.0,1 4 99,Must have a driver permit & Must be referred by an existing stage member & Other,1.0,0.0,0.0,1.0,0.0,0.0,0.0,1.0,0.0,National ID  LC letter,5.0,Predetermined schedule before the day,Predetermined schedule before the day,,1 2 3 4 5 6 7 8 9,Chairperson & Vice Chairperson & Secretary & Treasurer & Welfare & Defence & Mobiliser & Stage Master & Elder Advisor,1.0,1.0,1.0,1.0,1.0,1.0,1.0,1.0,1.0,0.0,0.0,,Yes,Yes,5.0,99,Other,0.0,0.0,0.0,0.0,0.0,0.0,1.0,0.0,,,Must be a registered stage member,1 2 3 4 6,Be a driver & Have a permit/driving license & Older than _____ & No criminal record & Need to have been at the stage for ____ years,1.0,1.0,1.0,1.0,0.0,1.0,0.0,0.0,35,10,,media/1728299808473.jpg,media/1728299820698.jpg,2407230723.0,uuid:de4170de-9dbc-4389-bbe7-7d4f57c5aaff,2024-10-07 07:43:18,2024-10-07 06:56:52,2024-10-07 07:38:06,2024-09-14,Respondent_821505,8,Entebbe,132,Entebbe,Bwaise,both
e912dcc7bdab73f5,,Itel|itel A665L|13|SurveyCTO Collect 2.81.2 (3771098),1972,,1.0,53.0,Ntinda,Other,Other,Nakawa,4 5 9,Gerald & Joviah & Sumaiya,0.0,0.0,0.0,1.0,1.0,0.0,0.0,0.0,1.0,0.0,Ntinda  Stage,Branch Leader (but not one of the above),Branch Leader (but not one of the above),,2014.0,2000.0,Founded by drivers who did not belong to an older stage,Founded by drivers who did not belong to an older stage,,,,,,,,,,,,,,,,,,,,media/1725523394742.jpg,1.0,0.0,1,media/1725523422173.jpg,1,uuid:98951b2c-e65d-4e20-81e5-32cc77d8539d/B-B3,uuid:98951b2c-e65d-4e20-81e5-32cc77d8539d/B-p3_photo_loop,,,uuid:98951b2c-e65d-4e20-81e5-32cc77d8539d/C-C1,3,uuid:98951b2c-e65d-4e20-81e5-32cc77d8539d/C-p5_photo_loop,3,uuid:98951b2c-e65d-4e20-81e5-32cc77d8539d/C-R,No,No,,,,,,,,,,,1,,,50,80,-99.0,-99.0,30.0,30.0,50.0,-99.0,-99.0,30.0,1 99,Must have a driver permit & Other,1.0,0.0,0.0,0.0,0.0,0.0,0.0,1.0,0.0,Must have a car,2.0,"First come, first serve on the day","First come, first serve on the day",,1 2 3 4 5 6 7 8 9,Chairperson & Vice Chairperson & Secretary & Treasurer & Welfare & Defence & Mobiliser & Stage Master & Elder Advisor,1.0,1.0,1.0,1.0,1.0,1.0,1.0,1.0,1.0,0.0,0.0,,No,No,,,,,,,,,,,,,,,,,,,,,,,,,,,,media/1725524864592.jpg,media/1725524876517.jpg,2407230723.0,uuid:98951b2c-e65d-4e20-81e5-32cc77d8539d,2024-09-05 04:39:43,2024-09-05 04:01:44,2024-09-05 04:38:24,2024-09-04,Respondent_114473,53,Ntinda,73,Ntinda,Nakawa,both
357759081484347,,samsung|SM-G955U|9|SurveyCTO Collect 2.81.2 (3771098),2464,,1.0,32.0,Kawempe Kagoma Kawanda Matugga,Old Taxi Park,Old Taxi Park,,5 7 9,Joviah & Olivia & Sumaiya,0.0,0.0,0.0,0.0,1.0,0.0,1.0,0.0,1.0,0.0,Kawempe Kagoma Kawanda Matugga Stage,Elder,Elder,,1980.0,1970.0,Founded by drivers who did not belong to an older stage,Founded by drivers who did not belong to an older stage,,,,,,,,,,,,,,,,,,,,media/1723883776813.jpg,1.0,2.0,3,media/1723883868311.jpg,3,uuid:06c83b5c-d103-42b2-8cce-f03bedf41cad/B-B3,uuid:06c83b5c-d103-42b2-8cce-f03bedf41cad/B-p3_photo_loop,uuid:06c83b5c-d103-42b2-8cce-f03bedf41cad/B-B4,uuid:06c83b5c-d103-42b2-8cce-f03bedf41cad/B-p4_photo_loop,uuid:06c83b5c-d103-42b2-8cce-f03bedf41cad/C-C1,2,uuid:06c83b5c-d103-42b2-8cce-f03bedf41cad/C-p5_photo_loop,2,uuid:06c83b5c-d103-42b2-8cce-f03bedf41cad/C-R,No,No,,,,,,,,,,,3,uuid:06c83b5c-d103-42b2-8cce-f03bedf41cad/C-C9_branch_loop,uuid:06c83b5c-d103-42b2-8cce-f03bedf41cad/C-p7_photo_loop,40,30,10.0,5.0,40.0,100.0,30.0,40.0,0.0,100.0,2 7,Must have been a conductor at the stage & Must have previous work experience,0.0,1.0,0.0,0.0,0.0,0.0,1.0,0.0,0.0,,6.0,Predetermined schedule before the day,Predetermined schedule before the day,,1 2 3 4 5 6 7 9,Chairperson & Vice Chairperson & Secretary & Treasurer & Welfare & Defence & Mobiliser & Elder Advisor,1.0,1.0,1.0,1.0,1.0,1.0,1.0,0.0,1.0,0.0,0.0,,Yes,Yes,5.0,1 2 99,Be a driver & Have a permit/driving license & Other,1.0,1.0,0.0,0.0,0.0,0.0,1.0,0.0,,,Be on stage membership chart,1 2,Be a driver & Have a permit/driving license,1.0,1.0,0.0,0.0,0.0,0.0,0.0,0.0,,,,media/1723886710396.jpg,media/1723886716848.jpg,2407230723.0,uuid:06c83b5c-d103-42b2-8cce-f03bedf41cad,2024-08-17 16:05:34,2024-08-17 04:34:18,2024-08-17 16:04:48,2024-08-17,Respondent_327053,32,Kawempe / Kawempe Kagoma Kawanda Matugga,35,Kawempe Kagoma Kawanda Matugga,Old Taxi Park,both
0F717E25-0542-496A-9B46-40D56DB59F40,,Apple|iPhone|17.6.1|SurveyCTO Collect 2.80 (274730),6074,,1.0,65.0,Buloba-Bulenga-Bujjuuko,Nateete,Nateete,,8 10,Rhoda & Vivian,0.0,0.0,0.0,0.0,0.0,0.0,0.0,1.0,0.0,1.0,Buloba-Bulenga-Bujjuuko Stage,Elder,Elder,,2000.0,2000.0,"Originated from an older stage, split off","Originated from an older stage, split off",,Buloba-Bulenga,Yes,Yes,7,New Taxi Park,0.0,0.0,0.0,0.0,0.0,0.0,1.0,0.0,0.0,0.0,0.0,0.0,,media/1726131430922.jpg,2.0,0.0,2,media/1726131457175.jpg,2,uuid:1e1fce78-b430-4304-8293-f045e4e5a9b6/B-B3,uuid:1e1fce78-b430-4304-8293-f045e4e5a9b6/B-p3_photo_loop,,,uuid:1e1fce78-b430-4304-8293-f045e4e5a9b6/C-C1,1,uuid:1e1fce78-b430-4304-8293-f045e4e5a9b6/C-p5_photo_loop,1,uuid:1e1fce78-b430-4304-8293-f045e4e5a9b6/C-R,Yes,Yes,4,Opposition from other stages,0.0,0.0,0.0,1.0,0.0,0.0,0.0,0.0,2,,,80,70,35.0,25.0,80.0,70.0,45.0,25.0,15.0,70.0,1 2 4 99,Must have a driver permit & Must have been a conductor at the stage & Must be referred by an existing stage member & Other,1.0,1.0,0.0,1.0,0.0,0.0,0.0,1.0,0.0,"National ID, LC Letter, 5 years of training at stage",12.0,Predetermined schedule before the day,Predetermined schedule before the day,,1 2 3 4 5 6 9 99,Chairperson & Vice Chairperson & Secretary & Treasurer & Welfare & Defence & Elder Advisor & Other,1.0,1.0,1.0,1.0,1.0,1.0,0.0,0.0,1.0,1.0,0.0,Conductor’s chairman,No,No,,,,,,,,,,,,,,,,,,,,,,,,,,,,media/1726137278747.jpg,media/1726137293222.jpg,2407230723.0,uuid:1e1fce78-b430-4304-8293-f045e4e5a9b6,2024-09-12 07:26:57,2024-09-12 04:55:38,2024-09-12 07:24:51,2024-09-11,Respondent_575466,65,Buloba -Bulenga -Bujjuko,85,Buloba -Bulenga -Bujjuko,Nateete,both
357759081484347,,samsung|SM-G955U|9|SurveyCTO Collect 2.81.2 (3771098),976,,1.0,95.0,Bukerere stage,Other,Other,Kireka taxi park,4 5 9,Gerald & Joviah & Sumaiya,0.0,0.0,0.0,1.0,1.0,0.0,0.0,0.0,1.0,0.0,Bukerere stage Stage,Branch Leader (but not one of the above),Branch Leader (but not one of the above),,1997.0,1997.0,"Originated from an older stage, formed as a separate, independent stage by their","Originated from an older stage, formed as a separate, independent stage by their leaders",,Namugongo,Yes,Yes,99,Other,0.0,0.0,0.0,0.0,0.0,0.0,0.0,0.0,0.0,0.0,1.0,0.0,Kireka,media/1728240343714.jpg,1.0,0.0,1,media/1728240358228.jpg,1,uuid:5e176645-be87-4cc6-9f42-b8b3e491b696/B-B3,uuid:5e176645-be87-4cc6-9f42-b8b3e491b696/B-p3_photo_loop,,,uuid:5e176645-be87-4cc6-9f42-b8b3e491b696/C-C1,2,uuid:5e176645-be87-4cc6-9f42-b8b3e491b696/C-p5_photo_loop,2,uuid:5e176645-be87-4cc6-9f42-b8b3e491b696/C-R,Yes,Yes,1 2,Not enough passengers & Poor road quality,1.0,1.0,0.0,0.0,0.0,0.0,0.0,0.0,1,,,27,36,7.0,9.0,10.0,13.0,22.0,4.0,6.0,10.0,1 2,Must have a driver permit & Must have been a conductor at the stage,1.0,1.0,0.0,0.0,0.0,0.0,0.0,0.0,0.0,,6.0,"First come, first serve on the day","First come, first serve on the day",,99,Other,0.0,0.0,0.0,0.0,0.0,0.0,0.0,0.0,0.0,1.0,0.0,Supervisor,No,No,,,,,,,,,,,,,,,,,,,,,,,,,,,,media/1728241182744.jpg,media/1728241190159.jpg,2407230723.0,uuid:5e176645-be87-4cc6-9f42-b8b3e491b696,2024-10-07 02:47:53,2024-10-06 14:43:10,2024-10-07 02:47:25,2024-10-05,Respondent_828845,95,Bukerere,131,Bukerere,Kireka,both
3e91b3bc962f0796,,TECNO|TECNO KI5k|12|SurveyCTO Collect 2.81.2 (3771098),2856,,2.0,15.0,Bunamwaya-Mutundwe-Kabuusu,New Taxi Park,New Taxi Park,,1 3 7,Claire & Fatumah & Olivia,1.0,0.0,1.0,0.0,0.0,0.0,1.0,0.0,0.0,0.0,Bunamwaya-Mutundwe-Kabuusu Stage,Elder,Elder,,2007.0,2007.0,"Originated from an older stage, split off","Originated from an older stage, split off",,Bunamwaya-Busabaala,No,No,,,,,,,,,,,,,,,,media/1727253879653.jpg,4.0,2.0,6,media/1727253904897.jpg,6,uuid:314fa85e-0991-4520-ad2f-875920936b50/B-B3,uuid:314fa85e-0991-4520-ad2f-875920936b50/B-p3_photo_loop,,,uuid:314fa85e-0991-4520-ad2f-875920936b50/C-C1,3,uuid:314fa85e-0991-4520-ad2f-875920936b50/C-p5_photo_loop,3,uuid:314fa85e-0991-4520-ad2f-875920936b50/C-R,Yes,Yes,1 4,Not enough passengers & Opposition from other stages,1.0,0.0,0.0,1.0,0.0,0.0,0.0,0.0,6,uuid:314fa85e-0991-4520-ad2f-875920936b50/C-C9_branch_loop,uuid:314fa85e-0991-4520-ad2f-875920936b50/C-p7_photo_loop,130,64,-99.0,,100.0,70.0,40.0,-99.0,,70.0,1 2 7,Must have a driver permit & Must have been a conductor at the stage & Must have previous work experience,1.0,1.0,0.0,0.0,0.0,0.0,1.0,0.0,0.0,,7.0,"First come, first serve on the day","First come, first serve on the day",,1 2 3 4 5 6 7 9,Chairperson & Vice Chairperson & Secretary & Treasurer & Welfare & Defence & Mobiliser & Elder Advisor,1.0,1.0,1.0,1.0,1.0,1.0,1.0,0.0,1.0,0.0,0.0,,No,No,,,,,,,,,,,,,,,,,,,,,,,,,,,,media/1727256368322.jpg,media/1727256383761.jpg,2407230723.0,uuid:314fa85e-0991-4520-ad2f-875920936b50,2024-09-25 07:19:44,2024-09-24 13:36:34,2024-09-25 06:43:43,2024-09-24,Respondent_838473,15,Bunamwaya,113,Bunamwaya-Mutundwe-Kabuusu,New Taxi Park,both
357759081484347,,samsung|SM-G955U|9|SurveyCTO Collect 2.81.2 (3771098),1265,,1.0,82.0,Masuliita stage,New Taxi Park,New Taxi Park,,4 5 9,Gerald & Joviah & Sumaiya,0.0,0.0,0.0,1.0,1.0,0.0,0.0,0.0,1.0,0.0,Masuliita stage Stage,Elder,Elder,,2002.0,1994.0,"Originated from an older stage, split off","Originated from an older stage, split off",,Kakiri,Yes,Yes,5,Namirembe,0.0,0.0,0.0,0.0,1.0,0.0,0.0,0.0,0.0,0.0,0.0,0.0,,media/1727091873535.jpg,1.0,0.0,1,media/1727091916079.jpg,1,uuid:b80753d5-39ff-42d1-9fe2-b0eab9161a20/B-B3,uuid:b80753d5-39ff-42d1-9fe2-b0eab9161a20/B-p3_photo_loop,,,uuid:b80753d5-39ff-42d1-9fe2-b0eab9161a20/C-C1,1,uuid:b80753d5-39ff-42d1-9fe2-b0eab9161a20/C-p5_photo_loop,1,uuid:b80753d5-39ff-42d1-9fe2-b0eab9161a20/C-R,No,No,,,,,,,,,,,1,,,50,50,45.0,80.0,18.0,18.0,18.0,13.0,15.0,18.0,1 2 7 99,Must have a driver permit & Must have been a conductor at the stage & Must have previous work experience & Other,1.0,1.0,0.0,0.0,0.0,0.0,1.0,1.0,0.0,Must have been at the stage for 5 years,3.0,Predetermined schedule before the day,Predetermined schedule before the day,,1 2 3 4 5 6 7 8 9,Chairperson & Vice Chairperson & Secretary & Treasurer & Welfare & Defence & Mobiliser & Stage Master & Elder Advisor,1.0,1.0,1.0,1.0,1.0,1.0,1.0,1.0,1.0,0.0,0.0,,No,No,,,,,,,,,,,,,,,,,,,,,,,,,,,,media/1727093002575.jpg,media/1727093011457.jpg,2407230723.0,uuid:b80753d5-39ff-42d1-9fe2-b0eab9161a20,2024-09-23 08:28:22,2024-09-23 07:42:44,2024-09-23 08:27:22,2024-09-23,Respondent_756600,82,Masuliita,108,Masuliita,New Taxi Park,both
3e91b3bc962f0796,,TECNO|TECNO KI5k|12|SurveyCTO Collect 2.81.2 (3771098),6977,,1.0,72.0,Ndeeba-Kabuusu-SsembuleMutundwe-Kitebi star,New Taxi Park,New Taxi Park,,1 3 7,Claire & Fatumah & Olivia,1.0,0.0,1.0,0.0,0.0,0.0,1.0,0.0,0.0,0.0,Ndeeba-Kabuusu-SsembuleMutundwe-Kitebi star Stage,Elder,Elder,,2006.0,1997.0,"Originated from an older stage, split off","Originated from an older stage, split off",,Ndeeba-Kabuusu-SsembuleMutundwe-Kitebi star,Yes,Yes,8,Old Taxi Park,0.0,0.0,0.0,0.0,0.0,0.0,0.0,1.0,0.0,0.0,0.0,0.0,,media/1726577902902.jpg,2.0,0.0,2,media/1726578020425.jpg,2,uuid:0bb96fe9-0f28-4e4b-af96-d9ae5ae5ac6b/B-B3,uuid:0bb96fe9-0f28-4e4b-af96-d9ae5ae5ac6b/B-p3_photo_loop,,,uuid:0bb96fe9-0f28-4e4b-af96-d9ae5ae5ac6b/C-C1,4,uuid:0bb96fe9-0f28-4e4b-af96-d9ae5ae5ac6b/C-p5_photo_loop,4,uuid:0bb96fe9-0f28-4e4b-af96-d9ae5ae5ac6b/C-R,Yes,Yes,1 2 4 6,Not enough passengers & Poor road quality & Opposition from other stages & Drivers don’t want to go,1.0,1.0,0.0,1.0,0.0,1.0,0.0,0.0,2,,,36,40,50.0,-99.0,20.0,24.0,35.0,40.0,-99.0,15.0,1 99,Must have a driver permit & Other,1.0,0.0,0.0,0.0,0.0,0.0,0.0,1.0,0.0,LC letter  National ID,1.0,"First come, first serve on the day","First come, first serve on the day",,1 2 3 4 5 6 7 9,Chairperson & Vice Chairperson & Secretary & Treasurer & Welfare & Defence & Mobiliser & Elder Advisor,1.0,1.0,1.0,1.0,1.0,1.0,1.0,0.0,1.0,0.0,0.0,,No,No,,,,,,,,,,,,,,,,,,,,,,,,,,,,media/1726583398991.jpg,media/1726583416295.jpg,2407230723.0,uuid:0bb96fe9-0f28-4e4b-af96-d9ae5ae5ac6b,2024-09-17 11:10:37,2024-09-17 08:24:41,2024-09-17 11:04:32,2024-09-17,Respondent_936791,72,Ndeeba,96,Ndeeba-Kabuusu-Ssembule-Mutundwe-Kitebi Star,New Taxi Park,both
3e91b3bc962f0796,,TECNO|TECNO KI5k|12|SurveyCTO Collect 2.81.2 (3771098),3348,,1.0,81.0,Bweyogerere,New Taxi Park,New Taxi Park,,1 3 7,Claire & Fatumah & Olivia,1.0,0.0,1.0,0.0,0.0,0.0,1.0,0.0,0.0,0.0,Bweyogerere Stage,Elder,Elder,,2000.0,1990.0,"Originated from an older stage, split off","Originated from an older stage, split off",,Bweyogerere A,Yes,Yes,8,Old Taxi Park,0.0,0.0,0.0,0.0,0.0,0.0,0.0,1.0,0.0,0.0,0.0,0.0,,media/1726917832729.jpg,1.0,2.0,3,media/1726917852537.jpg,3,uuid:586815fa-fb0e-4f51-98c9-d0e387105e75/B-B3,uuid:586815fa-fb0e-4f51-98c9-d0e387105e75/B-p3_photo_loop,,,uuid:586815fa-fb0e-4f51-98c9-d0e387105e75/C-C1,4,uuid:586815fa-fb0e-4f51-98c9-d0e387105e75/C-p5_photo_loop,4,uuid:586815fa-fb0e-4f51-98c9-d0e387105e75/C-R,Yes,Yes,1 2 4,Not enough passengers & Poor road quality & Opposition from other stages,1.0,1.0,0.0,1.0,0.0,0.0,0.0,0.0,3,uuid:586815fa-fb0e-4f51-98c9-d0e387105e75/C-C9_branch_loop,uuid:586815fa-fb0e-4f51-98c9-d0e387105e75/C-p7_photo_loop,40,60,70.0,70.0,15.0,18.0,40.0,50.0,40.0,10.0,1 2 7,Must have a driver permit & Must have been a conductor at the stage & Must have previous work experience,1.0,1.0,0.0,0.0,0.0,0.0,1.0,0.0,0.0,,5.0,"First come, first serve on the day","First come, first serve on the day",,1 2 3 4 5 6 9 99,Chairperson & Vice Chairperson & Secretary & Treasurer & Welfare & Defence & Elder Advisor & Other,1.0,1.0,1.0,1.0,1.0,1.0,0.0,0.0,1.0,1.0,0.0,Guide,Yes,Yes,3.0,99,Other,0.0,0.0,0.0,0.0,0.0,0.0,1.0,0.0,,,Must be a registered stage member,1 2 4 6 99,Be a driver & Have a permit/driving license & No criminal record & Need to have been at the stage for ____ years & Other,1.0,1.0,0.0,1.0,0.0,1.0,1.0,0.0,,10,Be a stage member,media/1726920523660.jpg,media/1726920534379.jpg,2407230723.0,uuid:586815fa-fb0e-4f51-98c9-d0e387105e75,2024-09-22 12:39:23,2024-09-21 07:21:03,2024-09-21 08:25:01,2024-09-21,Respondent_646572,81,Bweyogerere,105,Bweyogerere,New Taxi Park,both
357759081484347,,samsung|SM-G955U|9|SurveyCTO Collect 2.81.2 (3771098),2202,,1.0,61.0,Nateete Mukono Lugazi,Nateete,Nateete,,4 5 9,Gerald & Joviah & Sumaiya,0.0,0.0,0.0,1.0,1.0,0.0,0.0,0.0,1.0,0.0,Nateete Mukono Lugazi Stage,Elder,Elder,,2002.0,1985.0,Founded by drivers who did not belong to an older stage,Founded by drivers who did not belong to an older stage,,,,,,,,,,,,,,,,,,,,media/1725868643427.jpg,2.0,2.0,4,media/1725868658923.jpg,4,uuid:fbfacce6-de9f-45ae-ac40-968766334a46/B-B3,uuid:fbfacce6-de9f-45ae-ac40-968766334a46/B-p3_photo_loop,,,uuid:fbfacce6-de9f-45ae-ac40-968766334a46/C-C1,2,uuid:fbfacce6-de9f-45ae-ac40-968766334a46/C-p5_photo_loop,2,uuid:fbfacce6-de9f-45ae-ac40-968766334a46/C-R,Yes,Yes,99,Other,0.0,0.0,0.0,0.0,0.0,0.0,1.0,0.0,4,uuid:fbfacce6-de9f-45ae-ac40-968766334a46/C-C9_branch_loop,uuid:fbfacce6-de9f-45ae-ac40-968766334a46/C-p7_photo_loop,128,128,98.0,90.0,20.0,85.0,85.0,68.0,60.0,25.0,1 2 99,Must have a driver permit & Must have been a conductor at the stage & Other,1.0,1.0,0.0,0.0,0.0,0.0,0.0,1.0,0.0,Pay stage fees Have been at the stage for 5 years,7.0,Predetermined schedule before the day,Predetermined schedule before the day,,1 2 3 4 5 6 7 9,Chairperson & Vice Chairperson & Secretary & Treasurer & Welfare & Defence & Mobiliser & Elder Advisor,1.0,1.0,1.0,1.0,1.0,1.0,1.0,0.0,1.0,0.0,0.0,,Yes,Yes,5.0,1 2 4 99,Be a driver & Have a permit/driving license & No criminal record & Other,1.0,1.0,0.0,1.0,0.0,0.0,1.0,0.0,,,Disciplined,1 2 4 6 99,Be a driver & Have a permit/driving license & No criminal record & Need to have been at the stage for ____ years & Other,1.0,1.0,0.0,1.0,0.0,1.0,1.0,0.0,,10,Disciplined,media/1725870330999.jpg,media/1725870338706.jpg,2407230723.0,uuid:fbfacce6-de9f-45ae-ac40-968766334a46,2024-09-09 04:40:29,2024-09-09 03:56:28,2024-09-09 04:36:51,2024-09-09,Respondent_199553,61,Nateete-Mukono-Lugazi,77,Nateete Mukono Lugazi,Nateete,both
3e91b3bc962f0796,,TECNO|TECNO KI5k|12|SurveyCTO Collect 2.81.2 (3771098),2599,,2.0,4.0,Kajjansi,Kisenyi/Gwanda,Kisenyi/Gwanda,,1 9 10,Claire & Sumaiya & Vivian,1.0,0.0,0.0,0.0,0.0,0.0,0.0,0.0,1.0,1.0,Kajjansi Stage,Chairperson,Chairperson,,1986.0,1960.0,"Originated from an older stage, split off","Originated from an older stage, split off",,Entebbe,Yes,Yes,3 8 10,Kisenyi/Gwanda & Old Taxi Park & Valley,0.0,0.0,1.0,0.0,0.0,0.0,0.0,1.0,0.0,1.0,0.0,0.0,,media/1723016076205.jpg,2.0,1.0,3,media/1723016103072.jpg,3,uuid:ab659dee-ed92-4615-8e66-e006940070d5/B-B3,uuid:ab659dee-ed92-4615-8e66-e006940070d5/B-p3_photo_loop,,,uuid:ab659dee-ed92-4615-8e66-e006940070d5/C-C1,4,uuid:ab659dee-ed92-4615-8e66-e006940070d5/C-p5_photo_loop,4,uuid:ab659dee-ed92-4615-8e66-e006940070d5/C-R,Yes,Yes,4 99,Opposition from other stages & Other,0.0,0.0,0.0,1.0,0.0,0.0,1.0,0.0,3,uuid:ab659dee-ed92-4615-8e66-e006940070d5/C-C9_branch_loop,uuid:ab659dee-ed92-4615-8e66-e006940070d5/C-p7_photo_loop,70,50,40.0,35.0,30.0,30.0,25.0,20.0,20.0,30.0,1 99,Must have a driver permit & Other,1.0,0.0,0.0,0.0,0.0,0.0,0.0,1.0,0.0,"LC letter, 3 passport photos, Must have/bring their own taxi vehicle",6.0,"First come, first serve on the day","First come, first serve on the day",,1 2 3 4 5 6 7 8 9 99,Chairperson & Vice Chairperson & Secretary & Treasurer & Welfare & Defence & Mobiliser & Stage Master & Elder Advisor & Other,1.0,1.0,1.0,1.0,1.0,1.0,1.0,1.0,1.0,1.0,0.0,Conductor's chairman,Yes,Yes,3.0,1 99,Be a driver & Other,1.0,0.0,0.0,0.0,0.0,0.0,1.0,0.0,,,Stage member,1 2 6,Be a driver & Have a permit/driving license & Need to have been at the stage for ____ years,1.0,1.0,0.0,0.0,0.0,1.0,0.0,0.0,,10,,media/1723018243350.jpg,media/1723018254387.jpg,2407230723.0,uuid:ab659dee-ed92-4615-8e66-e006940070d5,2024-08-07 06:52:41,2024-08-07 03:28:46,2024-08-07 06:36:58,2024-08-05,Respondent_941995,4,Kajjansi,19,Kajjansi,Kisenyi/Gwanda,both
353309090902287,,samsung|SM-G960U|9|SurveyCTO Collect 2.81.2 (3771098),2319,,1.0,12.0,Mukono lugazi,Kisenyi/Gwanda,Kisenyi/Gwanda,,1 9 10,Claire & Sumaiya & Vivian,1.0,0.0,0.0,0.0,0.0,0.0,0.0,0.0,1.0,1.0,Mukono lugazi Stage,Elder,Elder,,2014.0,2014.0,"Originated from an older stage, split off","Originated from an older stage, split off",,Bweyogerere stage,Yes,Yes,8,Old Taxi Park,0.0,0.0,0.0,0.0,0.0,0.0,0.0,1.0,0.0,0.0,0.0,0.0,,media/1722777949667.jpg,1.0,0.0,1,media/1722777980159.jpg,1,uuid:ff3d521e-af14-4a69-905d-5a11190a04c3/B-B3,uuid:ff3d521e-af14-4a69-905d-5a11190a04c3/B-p3_photo_loop,,,uuid:ff3d521e-af14-4a69-905d-5a11190a04c3/C-C1,1,uuid:ff3d521e-af14-4a69-905d-5a11190a04c3/C-p5_photo_loop,1,uuid:ff3d521e-af14-4a69-905d-5a11190a04c3/C-R,No,No,,,,,,,,,,,1,,,14,20,,,14.0,10.0,22.0,,,10.0,1 3 4 99,Must have a driver permit & Must be a friend or relative of existing stage member & Must be referred by an existing stage member & Other,1.0,0.0,1.0,1.0,0.0,0.0,0.0,1.0,0.0,"Nust have a vehicle/taxi, lc letter, good conduct",4.0,Predetermined schedule before the day,Predetermined schedule before the day,,1 2 3 4 5 6 9 99,Chairperson & Vice Chairperson & Secretary & Treasurer & Welfare & Defence & Elder Advisor & Other,1.0,1.0,1.0,1.0,1.0,1.0,0.0,0.0,1.0,1.0,0.0,Publicity,Yes,Yes,3.0,99,Other,0.0,0.0,0.0,0.0,0.0,0.0,1.0,0.0,,,Stage member,1 2 3 4 6 99,Be a driver & Have a permit/driving license & Older than _____ & No criminal record & Need to have been at the stage for ____ years & Other,1.0,1.0,1.0,1.0,0.0,1.0,1.0,0.0,18,3,"Stage member, presentable and responsible",media/1722849828682.jpg,media/1722849847436.jpg,2407230723.0,uuid:ff3d521e-af14-4a69-905d-5a11190a04c3,2024-08-07 06:25:58,2024-08-04 09:23:07,2024-08-05 05:24:48,2024-08-02,Respondent_425678,12,Mukono-Lugazi,18,Mukono-Lugazi,Kisenyi/Gwanda,both
3e91b3bc962f0796,,TECNO|TECNO KI5k|12|SurveyCTO Collect 2.81.2 (3771098),951,,1.0,90.0,Busega,Other,Other,Kalerwe taxi park,1 8,Claire & Rhoda,1.0,0.0,0.0,0.0,0.0,0.0,0.0,1.0,0.0,0.0,Busega Stage,Branch Leader (but not one of the above),Branch Leader (but not one of the above),,2014.0,2009.0,Founded by drivers who did not belong to an older stage,Founded by drivers who did not belong to an older stage,,,,,,,,,,,,,,,,,,,,media/1727695565457.jpg,1.0,0.0,1,media/1727695594777.jpg,1,uuid:441bc6de-198a-4fda-95dd-526480225ba8/B-B3,uuid:441bc6de-198a-4fda-95dd-526480225ba8/B-p3_photo_loop,,,uuid:441bc6de-198a-4fda-95dd-526480225ba8/C-C1,1,uuid:441bc6de-198a-4fda-95dd-526480225ba8/C-p5_photo_loop,1,uuid:441bc6de-198a-4fda-95dd-526480225ba8/C-R,No,No,,,,,,,,,,,1,,,20,25,15.0,,15.0,15.0,23.0,-99.0,,15.0,1 4 7 99,Must have a driver permit & Must be referred by an existing stage member & Must have previous work experience & Other,1.0,0.0,0.0,1.0,0.0,0.0,1.0,1.0,0.0,LC letter  Good Conduct  Recommendation letter,3.0,"First come, first serve on the day","First come, first serve on the day",,4 9 99,Treasurer & Elder Advisor & Other,0.0,0.0,0.0,1.0,0.0,0.0,0.0,0.0,1.0,1.0,0.0,Councillor,No,No,,,,,,,,,,,,,,,,,,,,,,,,,,,,media/1727696151147.jpg,media/1727696161380.jpg,2407230723.0,uuid:441bc6de-198a-4fda-95dd-526480225ba8,2024-09-30 07:46:48,2024-09-30 07:24:55,2024-09-30 07:45:01,2024-09-30,Respondent_173485,90,Busega,120,Busega,Kalerwe,both
3e91b3bc962f0796,,TECNO|TECNO KI5k|12|SurveyCTO Collect 2.81.2 (3771098),1997,,1.0,56.0,Luzira - Bugolobi - Kitintale,Other,Other,Nakawa,1 3 7,Claire & Fatumah & Olivia,1.0,0.0,1.0,0.0,0.0,0.0,1.0,0.0,0.0,0.0,Luzira - Bugolobi - Kitintale Stage,Branch Leader (but not one of the above),Branch Leader (but not one of the above),,2009.0,1996.0,"Originated from an older stage, split off","Originated from an older stage, split off",,Luzira A,Yes,Yes,8,Old Taxi Park,0.0,0.0,0.0,0.0,0.0,0.0,0.0,1.0,0.0,0.0,0.0,0.0,,media/1725527559489.jpg,1.0,1.0,2,media/1725527582184.jpg,2,uuid:84110b17-762f-4f9b-b1a3-1117d06629c6/B-B3,uuid:84110b17-762f-4f9b-b1a3-1117d06629c6/B-p3_photo_loop,,,uuid:84110b17-762f-4f9b-b1a3-1117d06629c6/C-C1,2,uuid:84110b17-762f-4f9b-b1a3-1117d06629c6/C-p5_photo_loop,2,uuid:84110b17-762f-4f9b-b1a3-1117d06629c6/C-R,Yes,Yes,1,Not enough passengers,1.0,0.0,0.0,0.0,0.0,0.0,0.0,0.0,2,uuid:84110b17-762f-4f9b-b1a3-1117d06629c6/C-C9_branch_loop,uuid:84110b17-762f-4f9b-b1a3-1117d06629c6/C-p7_photo_loop,50,80,80.0,-99.0,50.0,30.0,50.0,50.0,-99.0,30.0,1 2 99,Must have a driver permit & Must have been a conductor at the stage & Other,1.0,1.0,0.0,0.0,0.0,0.0,0.0,1.0,0.0,National ID  2 years training at stage as a conductor,12.0,"First come, first serve on the day","First come, first serve on the day",,1 2 3 4 5 6 9,Chairperson & Vice Chairperson & Secretary & Treasurer & Welfare & Defence & Elder Advisor,1.0,1.0,1.0,1.0,1.0,1.0,0.0,0.0,1.0,0.0,0.0,,No,No,,,,,,,,,,,,,,,,,,,,,,,,,,,,media/1725528894048.jpg,media/1725528905940.jpg,2407230723.0,uuid:84110b17-762f-4f9b-b1a3-1117d06629c6,2024-09-05 05:56:08,2024-09-05 05:09:00,2024-09-05 05:46:11,2024-09-05,Respondent_805072,56,Luzira-Bugolobi-Kitintale,74,Luzira - Bugolobi - Kitintale,Nakawa,both
e912dcc7bdab73f5,,Itel|itel A665L|13|SurveyCTO Collect 2.81.2 (3771098),3740,,1.0,51.0,Namasuba - DK - Kikajjo,Old Taxi Park,Old Taxi Park,,1 4 9,Claire & Gerald & Sumaiya,1.0,0.0,0.0,1.0,0.0,0.0,0.0,0.0,1.0,0.0,Namasuba - DK - Kikajjo Stage,Elder,Elder,,2000.0,2000.0,"Originated from an older stage, split off","Originated from an older stage, split off",,Namasuba - Ndejje,Yes,Yes,8,Old Taxi Park,0.0,0.0,0.0,0.0,0.0,0.0,0.0,1.0,0.0,0.0,0.0,0.0,,media/1725281266191.jpg,2.0,2.0,4,media/1725281297119.jpg,4,uuid:3d180650-43a7-4e62-b5d3-dd8a200ebd6c/B-B3,uuid:3d180650-43a7-4e62-b5d3-dd8a200ebd6c/B-p3_photo_loop,uuid:3d180650-43a7-4e62-b5d3-dd8a200ebd6c/B-B4,uuid:3d180650-43a7-4e62-b5d3-dd8a200ebd6c/B-p4_photo_loop,uuid:3d180650-43a7-4e62-b5d3-dd8a200ebd6c/C-C1,3,uuid:3d180650-43a7-4e62-b5d3-dd8a200ebd6c/C-p5_photo_loop,3,uuid:3d180650-43a7-4e62-b5d3-dd8a200ebd6c/C-R,Yes,Yes,2 6,Poor road quality & Drivers don’t want to go,0.0,1.0,0.0,0.0,0.0,1.0,0.0,0.0,4,uuid:3d180650-43a7-4e62-b5d3-dd8a200ebd6c/C-C9_branch_loop,uuid:3d180650-43a7-4e62-b5d3-dd8a200ebd6c/C-p7_photo_loop,-99,-99,-99.0,-99.0,50.0,-99.0,-99.0,-99.0,-99.0,30.0,1,Must have a driver permit,1.0,0.0,0.0,0.0,0.0,0.0,0.0,0.0,0.0,,10.0,"First come, first serve on the day","First come, first serve on the day",,1 2 3 4 5 6 7,Chairperson & Vice Chairperson & Secretary & Treasurer & Welfare & Defence & Mobiliser,1.0,1.0,1.0,1.0,1.0,1.0,1.0,0.0,0.0,0.0,0.0,,No,No,,,,,,,,,,,,,,,,,,,,,,,,,,,,media/1725283944461.jpg,media/1725283958741.jpg,2407230723.0,uuid:3d180650-43a7-4e62-b5d3-dd8a200ebd6c,2024-09-02 09:56:58,2024-09-02 08:43:30,2024-09-02 09:47:18,2024-09-02,Respondent_35864,51,Namasuba-DK-Kikajjo,64,Namasuba-DK-Kikajjo,Old Taxi Park,both
665B1D11-2673-4244-885F-7BA73AF1E3C2,,Apple|iPhone|17.3.1|SurveyCTO Collect 2.80 (274730),957,,2.0,86.0,Namere-Kitezi-Buwambo,Bwaise,Bwaise,,1 7,Claire & Olivia,1.0,0.0,0.0,0.0,0.0,0.0,1.0,0.0,0.0,0.0,Namere-Kitezi-Buwambo Stage,Other,Other,Guide,2009.0,2009.0,"Originated from an older stage, split off","Originated from an older stage, split off",,Mpererwe stage,Yes,Yes,8,Old Taxi Park,0.0,0.0,0.0,0.0,0.0,0.0,0.0,1.0,0.0,0.0,0.0,0.0,,media/1728461977478.jpg,2.0,0.0,2,media/1728462002121.jpg,2,uuid:670bcc82-1a49-4938-834f-5320b86e2de2/B-B3,uuid:670bcc82-1a49-4938-834f-5320b86e2de2/B-p3_photo_loop,,,uuid:670bcc82-1a49-4938-834f-5320b86e2de2/C-C1,1,uuid:670bcc82-1a49-4938-834f-5320b86e2de2/C-p5_photo_loop,1,uuid:670bcc82-1a49-4938-834f-5320b86e2de2/C-R,No,No,,,,,,,,,,,2,,,30,20,15.0,,10.0,10.0,5.0,5.0,,4.0,1 4 7 99,Must have a driver permit & Must be referred by an existing stage member & Must have previous work experience & Other,1.0,0.0,0.0,1.0,0.0,0.0,1.0,1.0,0.0,"LC letter, Letter from previous work place",3.0,Predetermined schedule before the day,Predetermined schedule before the day,,1 2 3 4 5 99,Chairperson & Vice Chairperson & Secretary & Treasurer & Welfare & Other,1.0,1.0,1.0,1.0,1.0,0.0,0.0,0.0,0.0,1.0,0.0,Guide,No,No,,,,,,,,,,,,,,,,,,,,,,,,,,,,media/1728462596912.jpg,media/1728462604777.jpg,2407230723.0,uuid:670bcc82-1a49-4938-834f-5320b86e2de2,2024-10-09 07:45:04,2024-10-09 04:17:28,2024-10-09 04:39:26,2024-10-09,Respondent_820124,86,Namere Kiteezi Buwambo,136,Namere - Kitezi - Buwambo,Bwaise,both
2aa80707e1ac7359,,TCL|T610K|13|SurveyCTO Collect 2.81.2 (3771098),1840,,1.0,70.0,Nansana- Wakiso- Kakiri,Bwaise,Bwaise,,8 10,Rhoda & Vivian,0.0,0.0,0.0,0.0,0.0,0.0,0.0,1.0,0.0,1.0,Nansana- Wakiso- Kakiri Stage,Chairperson,Chairperson,,2023.0,2023.0,"Originated from an older stage, split off","Originated from an older stage, split off",,Nansana-Wakiso-Kakiri -Busunju,Yes,Yes,3,Kisenyi/Gwanda,0.0,0.0,1.0,0.0,0.0,0.0,0.0,0.0,0.0,0.0,0.0,0.0,,media/1726479660936.jpg,1.0,0.0,1,media/1726479682790.jpg,1,uuid:5e7ca99a-8499-4fa1-b864-3f11ef975e4d/B-B3,uuid:5e7ca99a-8499-4fa1-b864-3f11ef975e4d/B-p3_photo_loop,,,uuid:5e7ca99a-8499-4fa1-b864-3f11ef975e4d/C-C1,3,uuid:5e7ca99a-8499-4fa1-b864-3f11ef975e4d/C-p5_photo_loop,3,uuid:5e7ca99a-8499-4fa1-b864-3f11ef975e4d/C-R,No,No,,,,,,,,,,,1,,,78,,,,78.0,50.0,,,,50.0,1 2 99,Must have a driver permit & Must have been a conductor at the stage & Other,1.0,1.0,0.0,0.0,0.0,0.0,0.0,1.0,0.0,"Membership fee (100,000) 10,000 for stage ID",0.0,"First come, first serve on the day","First come, first serve on the day",,1 2 3 4 5 6 9,Chairperson & Vice Chairperson & Secretary & Treasurer & Welfare & Defence & Elder Advisor,1.0,1.0,1.0,1.0,1.0,1.0,0.0,0.0,1.0,0.0,0.0,,No,No,,,,,,,,,,,,,,,,,,,,,,,,,,,,media/1726480632834.jpg,media/1726480643262.jpg,2407230723.0,uuid:5e7ca99a-8499-4fa1-b864-3f11ef975e4d,2024-09-16 06:15:41,2024-09-16 05:38:36,2024-09-16 06:11:03,2024-09-14,Respondent_657925,70,Nansana- Wakiso- Kakiri,92,Nansana- Wakiso- Kakiri,Bwaise,both
357759081484347,,samsung|SM-G955U|9|SurveyCTO Collect 2.81.2 (3771098),4361,,1.0,87.0,Kasubi Nakulabye Namungoona,Namirembe,Namirembe,,4 5 9,Gerald & Joviah & Sumaiya,0.0,0.0,0.0,1.0,1.0,0.0,0.0,0.0,1.0,0.0,Kasubi Nakulabye Namungoona Stage,Secretary,Secretary,,1989.0,1970.0,Founded by drivers who did not belong to an older stage,Founded by drivers who did not belong to an older stage,,,,,,,,,,,,,,,,,,,,media/1727347590357.jpg,1.0,2.0,3,media/1727347621690.jpg,3,uuid:e38a8fcd-32c3-43f1-a602-0708efe78723/B-B3,uuid:e38a8fcd-32c3-43f1-a602-0708efe78723/B-p3_photo_loop,uuid:e38a8fcd-32c3-43f1-a602-0708efe78723/B-B4,uuid:e38a8fcd-32c3-43f1-a602-0708efe78723/B-p4_photo_loop,uuid:e38a8fcd-32c3-43f1-a602-0708efe78723/C-C1,5,uuid:e38a8fcd-32c3-43f1-a602-0708efe78723/C-p5_photo_loop,5,uuid:e38a8fcd-32c3-43f1-a602-0708efe78723/C-R,Yes,Yes,100,No response,0.0,0.0,0.0,0.0,0.0,0.0,0.0,1.0,3,uuid:e38a8fcd-32c3-43f1-a602-0708efe78723/C-C9_branch_loop,uuid:e38a8fcd-32c3-43f1-a602-0708efe78723/C-p7_photo_loop,109,150,150.0,170.0,40.0,60.0,80.0,80.0,100.0,40.0,1 99,Must have a driver permit & Other,1.0,0.0,0.0,0.0,0.0,0.0,0.0,1.0,0.0,Letter from former stage Passport photos National ID LC letter,15.0,"First come, first serve on the day","First come, first serve on the day",,1 2 3 4 5 6 8 9,Chairperson & Vice Chairperson & Secretary & Treasurer & Welfare & Defence & Stage Master & Elder Advisor,1.0,1.0,1.0,1.0,1.0,1.0,0.0,1.0,1.0,0.0,0.0,,No,No,,,,,,,,,,,,,,,,,,,,,,,,,,,,media/1727352153349.jpg,media/1727352160891.jpg,2407230723.0,uuid:e38a8fcd-32c3-43f1-a602-0708efe78723,2024-09-26 10:45:37,2024-09-26 06:27:28,2024-09-26 10:45:17,2024-09-26,Respondent_463309,84,Kasubi,114,Kasubi Nakulabye Namungoona kawaala,Namirembe,both
665B1D11-2673-4244-885F-7BA73AF1E3C2,,Apple|iPhone|17.3.1|SurveyCTO Collect 2.80 (274730),6463,,1.0,72.0,Ndeeba-Kabuusu-Ssembule-Mutundwe-Kitebi Star,New Taxi Park,New Taxi Park,,1 3 7,Claire & Fatumah & Olivia,1.0,0.0,1.0,0.0,0.0,0.0,1.0,0.0,0.0,0.0,Ndeeba-Kabuusu-Ssembule-Mutundwe-Kitebi Star Stage,Other,Other,Vice Chairperson,2009.0,2009.0,"Originated from an older stage, split off","Originated from an older stage, split off",,Ndeeba-Kabuusu-Ssembuule-Mutundwe-Kitebi Star,Yes,Yes,8,Old Taxi Park,0.0,0.0,0.0,0.0,0.0,0.0,0.0,1.0,0.0,0.0,0.0,0.0,,media/1726579626721.jpg,2.0,0.0,2,media/1726579839603.jpg,2,uuid:36a2eb61-e454-474a-9a66-b1a752f312f0/B-B3,uuid:36a2eb61-e454-474a-9a66-b1a752f312f0/B-p3_photo_loop,,,uuid:36a2eb61-e454-474a-9a66-b1a752f312f0/C-C1,4,uuid:36a2eb61-e454-474a-9a66-b1a752f312f0/C-p5_photo_loop,4,uuid:36a2eb61-e454-474a-9a66-b1a752f312f0/C-R,Yes,Yes,1 2 4 6,Not enough passengers & Poor road quality & Opposition from other stages & Drivers don’t want to go,1.0,1.0,0.0,1.0,0.0,1.0,0.0,0.0,2,,,18,8,5.0,,18.0,15.0,6.0,3.0,,15.0,1 4 99,Must have a driver permit & Must be referred by an existing stage member & Other,1.0,0.0,0.0,1.0,0.0,0.0,0.0,1.0,0.0,"National ID, LC letter,Registration fees",3.0,"First come, first serve on the day","First come, first serve on the day",,1 2 3 4 5 6 8,Chairperson & Vice Chairperson & Secretary & Treasurer & Welfare & Defence & Stage Master,1.0,1.0,1.0,1.0,1.0,1.0,0.0,1.0,0.0,0.0,0.0,,No,No,,,,,,,,,,,,,,,,,,,,,,,,,,,,media/1726584431367.jpg,media/1726584441385.jpg,2407230723.0,uuid:36a2eb61-e454-474a-9a66-b1a752f312f0,2024-09-17 11:09:02,2024-09-17 09:18:26,2024-09-17 11:07:33,2024-09-17,Respondent_146117,72,Ndeeba,96,Ndeeba-Kabuusu-Ssembule-Mutundwe-Kitebi Star,New Taxi Park,both
2aa80707e1ac7359,,TCL|T610K|13|SurveyCTO Collect 2.81.2 (3771098),3148,,2.0,18.0,Nsangi -Kyengera,New Taxi Park,New Taxi Park,,8 10,Rhoda & Vivian,0.0,0.0,0.0,0.0,0.0,0.0,0.0,1.0,0.0,1.0,Nsangi -Kyengera Stage,Other,Other,Stage master,1994.0,1994.0,"Originated from an older stage, split off","Originated from an older stage, split off",,Kyengera -Nsangi -Mpigi,Yes,Yes,8,Old Taxi Park,0.0,0.0,0.0,0.0,0.0,0.0,0.0,1.0,0.0,0.0,0.0,0.0,,media/1726582854187.jpg,3.0,2.0,5,media/1726582888835.jpg,5,uuid:2e08b2c5-bcd4-4688-9a12-9e269246479f/B-B3,uuid:2e08b2c5-bcd4-4688-9a12-9e269246479f/B-p3_photo_loop,,,uuid:2e08b2c5-bcd4-4688-9a12-9e269246479f/C-C1,3,uuid:2e08b2c5-bcd4-4688-9a12-9e269246479f/C-p5_photo_loop,3,uuid:2e08b2c5-bcd4-4688-9a12-9e269246479f/C-R,Yes,Yes,4,Opposition from other stages,0.0,0.0,0.0,1.0,0.0,0.0,0.0,0.0,5,uuid:2e08b2c5-bcd4-4688-9a12-9e269246479f/C-C9_branch_loop,uuid:2e08b2c5-bcd4-4688-9a12-9e269246479f/C-p7_photo_loop,270,110,100.0,70.0,100.0,150.0,90.0,70.0,50.0,100.0,1 2 99,Must have a driver permit & Must have been a conductor at the stage & Other,1.0,1.0,0.0,0.0,0.0,0.0,0.0,1.0,0.0,One year as a driver,17.0,Predetermined schedule before the day,Predetermined schedule before the day,,1 2 3 4 5 6 7 8 9,Chairperson & Vice Chairperson & Secretary & Treasurer & Welfare & Defence & Mobiliser & Stage Master & Elder Advisor,1.0,1.0,1.0,1.0,1.0,1.0,1.0,1.0,1.0,0.0,0.0,,Yes,Yes,3.0,1 2 99,Be a driver & Have a permit/driving license & Other,1.0,1.0,0.0,0.0,0.0,0.0,1.0,0.0,,,Conductor,1 2 99,Be a driver & Have a permit/driving license & Other,1.0,1.0,0.0,0.0,0.0,0.0,1.0,0.0,,,National ID  Good conduct,media/1726585751600.jpg,media/1726585763256.jpg,2407230723.0,uuid:2e08b2c5-bcd4-4688-9a12-9e269246479f,2024-09-17 11:28:35,2024-09-17 10:18:08,2024-09-17 11:21:34,2024-09-17,Respondent_80134,18,Nsangi-Kyengera,97,Nsangi -Kyengera,New Taxi Park,both
2aa80707e1ac7359,,TCL|T610K|13|SurveyCTO Collect 2.81.2 (3771098),8648,,2.0,2.0,Ndejje,Valley,Valley,,5 8 9,Joviah & Rhoda & Sumaiya,0.0,0.0,0.0,0.0,1.0,0.0,0.0,1.0,1.0,0.0,Ndejje Stage,Secretary,Secretary,,2017.0,1991.0,"Originated from an older stage, split off","Originated from an older stage, split off",,Namasuba Zana,Yes,Yes,10,Valley,0.0,0.0,0.0,0.0,0.0,0.0,0.0,0.0,0.0,1.0,0.0,0.0,,media/1722418864652.jpg,7.0,0.0,7,media/1722418884008.jpg,7,uuid:ef2ff7f0-afd2-4d98-bec5-a0098a27bc9c/B-B3,uuid:ef2ff7f0-afd2-4d98-bec5-a0098a27bc9c/B-p3_photo_loop,,,uuid:ef2ff7f0-afd2-4d98-bec5-a0098a27bc9c/C-C1,10,uuid:ef2ff7f0-afd2-4d98-bec5-a0098a27bc9c/C-p5_photo_loop,10,uuid:ef2ff7f0-afd2-4d98-bec5-a0098a27bc9c/C-R,No,No,,,,,,,,,,,7,,,0,0,0.0,0.0,18.0,0.0,0.0,0.0,0.0,17.0,1 4 99,Must have a driver permit & Must be referred by an existing stage member & Other,1.0,0.0,0.0,1.0,0.0,0.0,0.0,1.0,0.0,Honest and registered at the stage,3.0,"First come, first serve on the day","First come, first serve on the day",,1 2 3 4 5 6 8,Chairperson & Vice Chairperson & Secretary & Treasurer & Welfare & Defence & Stage Master,1.0,1.0,1.0,1.0,1.0,1.0,0.0,1.0,0.0,0.0,0.0,,No,No,,,,,,,,,,,,,,,,,,,,,,,,,,,,media/1722434541340.jpg,,2407230723.0,uuid:ef2ff7f0-afd2-4d98-bec5-a0098a27bc9c,2024-08-02 05:15:28,2024-07-31 02:55:13,2024-08-02 05:14:54,2024-07-25,Respondent_287246,2,Ndejje,6,Ndejje-Lubugumu,Valley,both
e912dcc7bdab73f5,,Itel|itel A665L|13|SurveyCTO Collect 2.81.2 (3771098),6313,,1.0,38.0,Bweyogerere A -Jokers - Bukasa -Naguru -Kito.,Old Taxi Park,Old Taxi Park,,3 4 10,Fatumah & Gerald & Vivian,0.0,0.0,1.0,1.0,0.0,0.0,0.0,0.0,0.0,1.0,Bweyogerere A -Jokers - Bukasa -Naguru -Kito. Stage,Elder,Elder,,2000.0,1990.0,Founded by drivers who did not belong to an older stage,Founded by drivers who did not belong to an older stage,,,,,,,,,,,,,,,,,,,,media/1724207367850.jpg,1.0,0.0,1,media/1724207422247.jpg,1,uuid:12017db5-6dd8-40d5-a5b4-ad45a45c322c/B-B3,uuid:12017db5-6dd8-40d5-a5b4-ad45a45c322c/B-p3_photo_loop,uuid:12017db5-6dd8-40d5-a5b4-ad45a45c322c/B-B4,uuid:12017db5-6dd8-40d5-a5b4-ad45a45c322c/B-p4_photo_loop,uuid:12017db5-6dd8-40d5-a5b4-ad45a45c322c/C-C1,6,uuid:12017db5-6dd8-40d5-a5b4-ad45a45c322c/C-p5_photo_loop,6,uuid:12017db5-6dd8-40d5-a5b4-ad45a45c322c/C-R,No,No,,,,,,,,,,,1,,,110,70,50.0,30.0,110.0,80.0,50.0,35.0,15.0,80.0,2 99,Must have been a conductor at the stage & Other,0.0,1.0,0.0,0.0,0.0,0.0,0.0,1.0,0.0,"National identity card, LC letter, passport photos.",10.0,"First come, first serve on the day","First come, first serve on the day",,1 2 3 4 5 6 7 9 99,Chairperson & Vice Chairperson & Secretary & Treasurer & Welfare & Defence & Mobiliser & Elder Advisor & Other,1.0,1.0,1.0,1.0,1.0,1.0,1.0,0.0,1.0,1.0,0.0,Conductors representative,Yes,Yes,3.0,4 6 99,No criminal record & Need to have been at the stage for ____ years & Other,0.0,0.0,0.0,1.0,0.0,1.0,1.0,0.0,,3,Must be in the voters register,2 6 99,Have a permit/driving license & Need to have been at the stage for ____ years & Other,0.0,1.0,0.0,0.0,0.0,1.0,1.0,0.0,,10,National identity card,media/1724211785438.jpg,media/1724211812565.jpg,2407230723.0,uuid:12017db5-6dd8-40d5-a5b4-ad45a45c322c,2024-08-22 05:02:09,2024-08-20 22:25:34,2024-08-22 04:38:45,2024-08-20,Respondent_69596,38,Bweyogerere A,43,Bweyogerere A -Jokers - Bukasa -Naguru -Kito,Old Taxi Park,both
0F717E25-0542-496A-9B46-40D56DB59F40,,Apple|iPhone|17.6.1|SurveyCTO Collect 2.80 (274730),932,,2.0,51.0,Namasuba-Kikajjo-DK,Other,Other,Kategula,7 10,Olivia & Vivian,0.0,0.0,0.0,0.0,0.0,0.0,1.0,0.0,0.0,1.0,Namasuba-Kikajjo-DK Stage,Other,Other,Vice chairman,1996.0,1982.0,Founded by drivers who did not belong to an older stage,Founded by drivers who did not belong to an older stage,,,,,,,,,,,,,,,,,,,,media/1727979117924.jpg,2.0,2.0,4,media/1727979139608.jpg,4,uuid:932c0c4c-10e2-418c-baba-3e3421dc2fee/B-B3,uuid:932c0c4c-10e2-418c-baba-3e3421dc2fee/B-p3_photo_loop,,,uuid:932c0c4c-10e2-418c-baba-3e3421dc2fee/C-C1,1,uuid:932c0c4c-10e2-418c-baba-3e3421dc2fee/C-p5_photo_loop,1,uuid:932c0c4c-10e2-418c-baba-3e3421dc2fee/C-R,No,No,,,,,,,,,,,4,uuid:932c0c4c-10e2-418c-baba-3e3421dc2fee/C-C9_branch_loop,uuid:932c0c4c-10e2-418c-baba-3e3421dc2fee/C-p7_photo_loop,150,200,100.0,80.0,20.0,100.0,150.0,90.0,50.0,12.0,1 2 99,Must have a driver permit & Must have been a conductor at the stage & Other,1.0,1.0,0.0,0.0,0.0,0.0,0.0,1.0,0.0,"Good conduct, 5 years of probational training and driving",5.0,"First come, first serve on the day","First come, first serve on the day",,1 2 4 5 6 8,Chairperson & Vice Chairperson & Treasurer & Welfare & Defence & Stage Master,1.0,1.0,0.0,1.0,1.0,1.0,0.0,1.0,0.0,0.0,0.0,,No,No,,,,,,,,,,,,,,,,,,,,,,,,,,,,media/1727979884769.jpg,media/1727979897168.jpg,2407230723.0,uuid:932c0c4c-10e2-418c-baba-3e3421dc2fee,2024-10-03 14:28:16,2024-10-03 14:10:26,2024-10-03 14:26:22,2024-10-03,Respondent_81925,51,Namasuba-DK-Kikajjo,127,Namasuba-Kikajjo-DK,Kategula,both
357759081484347,,samsung|SM-G955U|9|SurveyCTO Collect 2.81.2 (3771098),2309,,2.0,45.0,Mukono B,New Taxi Park,New Taxi Park,,4 5 9,Gerald & Joviah & Sumaiya,0.0,0.0,0.0,1.0,1.0,0.0,0.0,0.0,1.0,0.0,Mukono B Stage,Branch Leader (but not one of the above),Branch Leader (but not one of the above),,2016.0,2006.0,Founded by drivers who did not belong to an older stage,Founded by drivers who did not belong to an older stage,,,,,,,,,,,,,,,,,,,,media/1727167465674.jpg,2.0,0.0,2,media/1727167623965.jpg,2,uuid:635310e3-b375-433d-8243-f19d5375a0bc/B-B3,uuid:635310e3-b375-433d-8243-f19d5375a0bc/B-p3_photo_loop,,,uuid:635310e3-b375-433d-8243-f19d5375a0bc/C-C1,2,uuid:635310e3-b375-433d-8243-f19d5375a0bc/C-p5_photo_loop,2,uuid:635310e3-b375-433d-8243-f19d5375a0bc/C-R,No,No,,,,,,,,,,,2,,,170,200,200.0,,5.0,120.0,190.0,190.0,,5.0,1 2 3 99,Must have a driver permit & Must have been a conductor at the stage & Must be a friend or relative of existing stage member & Other,1.0,1.0,1.0,0.0,0.0,0.0,0.0,1.0,0.0,Be at the stage for 5 years as a conductor and trainee,2.0,Predetermined schedule before the day,Predetermined schedule before the day,,1 2 3 4 5 6 7 8 9,Chairperson & Vice Chairperson & Secretary & Treasurer & Welfare & Defence & Mobiliser & Stage Master & Elder Advisor,1.0,1.0,1.0,1.0,1.0,1.0,1.0,1.0,1.0,0.0,0.0,,Yes,Yes,5.0,99,Other,0.0,0.0,0.0,0.0,0.0,0.0,1.0,0.0,,,Be a stage member with a stage card,1 2 4 5 6 99,Be a driver & Have a permit/driving license & No criminal record & Must have a family & Need to have been at the stage for ____ years & Other,1.0,1.0,0.0,1.0,1.0,1.0,1.0,0.0,,5,Disciplined,media/1727169912798.jpg,media/1727169923944.jpg,2407230723.0,uuid:635310e3-b375-433d-8243-f19d5375a0bc,2024-09-25 07:50:35,2024-09-24 04:42:41,2024-09-25 07:50:13,2024-09-24,Respondent_225292,45,Mukono B Coaster,112,Mukono B coaster,New Taxi Park,both
2aa80707e1ac7359,,TCL|T610K|13|SurveyCTO Collect 2.81.2 (3771098),1995,,1.0,77.0,Mulago -Kyebando -Nsooba -Kitala -TASO,New Taxi Park,New Taxi Park,,8 10,Rhoda & Vivian,0.0,0.0,0.0,0.0,0.0,0.0,0.0,1.0,0.0,1.0,Mulago -Kyebando -Nsooba -Kitala -TASO Stage,Other,Other,Vice Chairperson,1995.0,1995.0,"Originated from an older stage, split off","Originated from an older stage, split off",,Mulago -Nsooba Central,Yes,Yes,8,Old Taxi Park,0.0,0.0,0.0,0.0,0.0,0.0,0.0,1.0,0.0,0.0,0.0,0.0,,media/1726743710779.jpg,1.0,2.0,3,media/1726743736840.jpg,3,uuid:6b445691-fd54-4f19-91f9-fdd435ec9b4c/B-B3,uuid:6b445691-fd54-4f19-91f9-fdd435ec9b4c/B-p3_photo_loop,uuid:6b445691-fd54-4f19-91f9-fdd435ec9b4c/B-B4,uuid:6b445691-fd54-4f19-91f9-fdd435ec9b4c/B-p4_photo_loop,uuid:6b445691-fd54-4f19-91f9-fdd435ec9b4c/C-C1,1,uuid:6b445691-fd54-4f19-91f9-fdd435ec9b4c/C-p5_photo_loop,1,uuid:6b445691-fd54-4f19-91f9-fdd435ec9b4c/C-R,Yes,Yes,1 99,Not enough passengers & Other,1.0,0.0,0.0,0.0,0.0,0.0,1.0,0.0,3,uuid:6b445691-fd54-4f19-91f9-fdd435ec9b4c/C-C9_branch_loop,uuid:6b445691-fd54-4f19-91f9-fdd435ec9b4c/C-p7_photo_loop,50,63,50.0,50.0,30.0,22.0,37.0,30.0,28.0,22.0,1 2 99,Must have a driver permit & Must have been a conductor at the stage & Other,1.0,1.0,0.0,0.0,0.0,0.0,0.0,1.0,0.0,"Good conduct, Membership fee(Negotiable), 18 years of age",10.0,"First come, first serve on the day","First come, first serve on the day",,1 2 3 4 5 6 9,Chairperson & Vice Chairperson & Secretary & Treasurer & Welfare & Defence & Elder Advisor,1.0,1.0,1.0,1.0,1.0,1.0,0.0,0.0,1.0,0.0,0.0,,No,No,,,,,,,,,,,,,,,,,,,,,,,,,,,,media/1726745066316.jpg,media/1726745074664.jpg,2407230723.0,uuid:6b445691-fd54-4f19-91f9-fdd435ec9b4c,2024-09-19 07:48:14,2024-09-19 06:57:43,2024-09-19 07:46:40,2024-09-18,Respondent_235445,77,Mulago,101,Mulago -Kyebando -Nsooba -Kitala -TASO,New Taxi Park,both
e912dcc7bdab73f5,,Itel|itel A665L|13|SurveyCTO Collect 2.81.2 (3771098),1245,,1.0,69.0,Kisaasi kiwatule Namboole Bweyogerere stage,Bwaise,Bwaise,,4 5 9,Gerald & Joviah & Sumaiya,0.0,0.0,0.0,1.0,1.0,0.0,0.0,0.0,1.0,0.0,Kisaasi kiwatule Namboole Bweyogerere stage Stage,Branch Leader (but not one of the above),Branch Leader (but not one of the above),,2023.0,2023.0,Founded by drivers who did not belong to an older stage,Founded by drivers who did not belong to an older stage,,,,,,,,,,,,,,,,,,,,media/1726465975732.jpg,1.0,0.0,1,media/1726465996925.jpg,1,uuid:3f652c3e-464d-4bf5-937b-32e55abbf83a/B-B3,uuid:3f652c3e-464d-4bf5-937b-32e55abbf83a/B-p3_photo_loop,,,uuid:3f652c3e-464d-4bf5-937b-32e55abbf83a/C-C1,2,uuid:3f652c3e-464d-4bf5-937b-32e55abbf83a/C-p5_photo_loop,2,uuid:3f652c3e-464d-4bf5-937b-32e55abbf83a/C-R,No,No,,,,,,,,,,,1,,,30,,,,22.0,20.0,,,,22.0,1 2 3 99,Must have a driver permit & Must have been a conductor at the stage & Must be a friend or relative of existing stage member & Other,1.0,1.0,1.0,0.0,0.0,0.0,0.0,1.0,0.0,National identity card,3.0,"First come, first serve on the day","First come, first serve on the day",,1 2 3 4 5 6 7,Chairperson & Vice Chairperson & Secretary & Treasurer & Welfare & Defence & Mobiliser,1.0,1.0,1.0,1.0,1.0,1.0,1.0,0.0,0.0,0.0,0.0,,No,No,,,,,,,,,,,,,,,,,,,,,,,,,,,,media/1726466966388.jpg,media/1726466998603.jpg,2407230723.0,uuid:3f652c3e-464d-4bf5-937b-32e55abbf83a,2024-09-16 02:26:11,2024-09-16 01:51:36,2024-09-16 02:21:57,2024-09-14,Respondent_215424,69,Kisaasi kiwatule Namboole Bweyogerere,91,Kisaasi kiwatule Namboole Bweyogerere,Bwaise,both
0F717E25-0542-496A-9B46-40D56DB59F40,,Apple|iPhone|17.5.1|SurveyCTO Collect 2.80 (274730),2605,,2.0,5.0,Busabaala,Kisenyi/Gwanda,Kisenyi/Gwanda,,1 9 10,Claire & Sumaiya & Vivian,1.0,0.0,0.0,0.0,0.0,0.0,0.0,0.0,1.0,1.0,Busabaala Stage,Chairperson,Chairperson,,2011.0,1979.0,Founded by drivers who did not belong to an older stage,Founded by drivers who did not belong to an older stage,,,,,,,,,,,,,,,,,,,,media/1722837291181.jpg,6.0,1.0,7,media/1722837351981.jpg,7,uuid:5382c985-b352-498c-93b8-c99152c87d10/B-B3,uuid:5382c985-b352-498c-93b8-c99152c87d10/B-p3_photo_loop,,,uuid:5382c985-b352-498c-93b8-c99152c87d10/C-C1,5,uuid:5382c985-b352-498c-93b8-c99152c87d10/C-p5_photo_loop,5,uuid:5382c985-b352-498c-93b8-c99152c87d10/C-R,Yes,Yes,4 99,Opposition from other stages & Other,0.0,0.0,0.0,1.0,0.0,0.0,1.0,0.0,7,uuid:5382c985-b352-498c-93b8-c99152c87d10/C-C9_branch_loop,uuid:5382c985-b352-498c-93b8-c99152c87d10/C-p7_photo_loop,700,350,350.0,350.0,70.0,300.0,150.0,175.0,175.0,70.0,1 2,Must have a driver permit & Must have been a conductor at the stage,1.0,1.0,0.0,0.0,0.0,0.0,0.0,0.0,0.0,,30.0,"First come, first serve on the day","First come, first serve on the day",,1 2 3 4 5 6 8,Chairperson & Vice Chairperson & Secretary & Treasurer & Welfare & Defence & Stage Master,1.0,1.0,1.0,1.0,1.0,1.0,0.0,1.0,0.0,0.0,0.0,,Yes,Yes,10.0,2 99,Have a permit/driving license & Other,0.0,1.0,0.0,0.0,0.0,0.0,1.0,0.0,,,Stage member,2 6,Have a permit/driving license & Need to have been at the stage for ____ years,0.0,1.0,0.0,0.0,0.0,1.0,0.0,0.0,,3,,media/1722839682740.jpg,media/1722839691746.jpg,2407230723.0,uuid:5382c985-b352-498c-93b8-c99152c87d10,2024-08-07 09:23:32,2024-08-05 01:53:50,2024-08-07 08:51:38,2024-08-02,Respondent_641234,5,Busabaala,20,Busabaala,Kisenyi/Gwanda,both
e912dcc7bdab73f5,,Itel|itel A665L|13|SurveyCTO Collect 2.81.2 (3771098),1809,,1.0,61.0,Nateete - mukono - Lugazi,Nateete,Nateete,,4 5 9,Gerald & Joviah & Sumaiya,0.0,0.0,0.0,1.0,1.0,0.0,0.0,0.0,1.0,0.0,Nateete - mukono - Lugazi Stage,Secretary,Secretary,,2012.0,1970.0,Founded by drivers who did not belong to an older stage,Founded by drivers who did not belong to an older stage,,,,,,,,,,,,,,,,,,,,media/1725868565037.jpg,2.0,0.0,2,media/1725868593845.jpg,2,uuid:d82b8b07-cf26-4874-b466-51d4ec15721c/B-B3,uuid:d82b8b07-cf26-4874-b466-51d4ec15721c/B-p3_photo_loop,,,uuid:d82b8b07-cf26-4874-b466-51d4ec15721c/C-C1,2,uuid:d82b8b07-cf26-4874-b466-51d4ec15721c/C-p5_photo_loop,2,uuid:d82b8b07-cf26-4874-b466-51d4ec15721c/C-R,Yes,Yes,1,Not enough passengers,1.0,0.0,0.0,0.0,0.0,0.0,0.0,0.0,2,,,130,128,120.0,-99.0,15.0,80.0,85.0,78.0,-99.0,15.0,1 2,Must have a driver permit & Must have been a conductor at the stage,1.0,1.0,0.0,0.0,0.0,0.0,0.0,0.0,0.0,,4.0,Predetermined schedule before the day,Predetermined schedule before the day,,1 2 3 4 5 6 7 8 9,Chairperson & Vice Chairperson & Secretary & Treasurer & Welfare & Defence & Mobiliser & Stage Master & Elder Advisor,1.0,1.0,1.0,1.0,1.0,1.0,1.0,1.0,1.0,0.0,0.0,,No,No,,,,,,,,,,,,,,,,,,,,,,,,,,,,media/1725870294653.jpg,media/1725870310901.jpg,2407230723.0,uuid:d82b8b07-cf26-4874-b466-51d4ec15721c,2024-09-09 04:44:24,2024-09-09 03:53:57,2024-09-09 04:34:12,2024-09-07,Respondent_925145,61,Nateete-Mukono-Lugazi,77,Nateete Mukono Lugazi,Nateete,both
2aa80707e1ac7359,,TCL|T610K|13|SurveyCTO Collect 2.81.2 (3771098),1023,,1.0,94.0,Kyaliwajjala -Namugongo,Other,Other,Kireka park,1 8,Claire & Rhoda,1.0,0.0,0.0,0.0,0.0,0.0,0.0,1.0,0.0,0.0,Kyaliwajjala -Namugongo Stage,Other,Other,Stage master,1997.0,1980.0,Founded by drivers who did not belong to an older stage,Founded by drivers who did not belong to an older stage,,,,,,,,,,,,,,,,,,,,media/1728035263296.jpg,1.0,0.0,1,media/1728035283973.jpg,1,uuid:e7598a26-4082-4444-a506-472d03508bc6/B-B3,uuid:e7598a26-4082-4444-a506-472d03508bc6/B-p3_photo_loop,,,uuid:e7598a26-4082-4444-a506-472d03508bc6/C-C1,1,uuid:e7598a26-4082-4444-a506-472d03508bc6/C-p5_photo_loop,1,uuid:e7598a26-4082-4444-a506-472d03508bc6/C-R,No,No,,,,,,,,,,,1,,,100,120,80.0,50.0,80.0,50.0,60.0,60.0,25.0,50.0,1 4 7 99,Must have a driver permit & Must be referred by an existing stage member & Must have previous work experience & Other,1.0,0.0,0.0,1.0,0.0,0.0,1.0,1.0,0.0,LC letter,15.0,"First come, first serve on the day","First come, first serve on the day",,8 9 99,Stage Master & Elder Advisor & Other,0.0,0.0,0.0,0.0,0.0,0.0,0.0,1.0,1.0,1.0,0.0,Chief driver,Yes,Yes,5.0,99,Other,0.0,0.0,0.0,0.0,0.0,0.0,1.0,0.0,,,Must be a registered stage member,1 2 3 4 5 6,Be a driver & Have a permit/driving license & Older than _____ & No criminal record & Must have a family & Need to have been at the stage for ____ years,1.0,1.0,1.0,1.0,1.0,1.0,0.0,0.0,35,10,,media/1728035844970.jpg,media/1728035861839.jpg,2407230723.0,uuid:e7598a26-4082-4444-a506-472d03508bc6,2024-10-05 06:16:19,2024-10-04 05:44:48,2024-10-05 06:16:09,2024-10-04,Respondent_967081,94,Kyaliwajjala-Namugongo,129,Kyaliwajjala-Namugongo,Kireka,both
2aa80707e1ac7359,,TCL|T610K|13|SurveyCTO Collect 2.81.2 (3771098),1633,,2.0,17.0,Buloba -Bulenga -Bujjuko,New Taxi Park,New Taxi Park,,8 10,Rhoda & Vivian,0.0,0.0,0.0,0.0,0.0,0.0,0.0,1.0,0.0,1.0,Buloba -Bulenga -Bujjuko Stage,Elder,Elder,,1993.0,1993.0,"Originated from an older stage, split off","Originated from an older stage, split off",,Mityana,Yes,Yes,7,New Taxi Park,0.0,0.0,0.0,0.0,0.0,0.0,1.0,0.0,0.0,0.0,0.0,0.0,,media/1727087935231.jpg,2.0,0.0,2,media/1727087955649.jpg,2,uuid:a503aa08-fbf0-47dd-a7ea-d9030c91491b/B-B3,uuid:a503aa08-fbf0-47dd-a7ea-d9030c91491b/B-p3_photo_loop,uuid:a503aa08-fbf0-47dd-a7ea-d9030c91491b/B-B4,uuid:a503aa08-fbf0-47dd-a7ea-d9030c91491b/B-p4_photo_loop,uuid:a503aa08-fbf0-47dd-a7ea-d9030c91491b/C-C1,2,uuid:a503aa08-fbf0-47dd-a7ea-d9030c91491b/C-p5_photo_loop,2,uuid:a503aa08-fbf0-47dd-a7ea-d9030c91491b/C-R,Yes,Yes,2,Poor road quality,0.0,1.0,0.0,0.0,0.0,0.0,0.0,0.0,2,,,150,100,80.0,-99.0,150.0,120.0,70.0,50.0,-99.0,120.0,1 2 99,Must have a driver permit & Must have been a conductor at the stage & Other,1.0,1.0,0.0,0.0,0.0,0.0,0.0,1.0,0.0,Stage ID,20.0,"First come, first serve on the day","First come, first serve on the day",,1 2 3 4 5 6 9,Chairperson & Vice Chairperson & Secretary & Treasurer & Welfare & Defence & Elder Advisor,1.0,1.0,1.0,1.0,1.0,1.0,0.0,0.0,1.0,0.0,0.0,,Yes,Yes,5.0,99,Other,0.0,0.0,0.0,0.0,0.0,0.0,1.0,0.0,,,Stage ID,1 2 99,Be a driver & Have a permit/driving license & Other,1.0,1.0,0.0,0.0,0.0,0.0,1.0,0.0,,,Good conduct  Permanent residence,media/1727089385929.jpg,media/1727089396752.jpg,2407230723.0,uuid:a503aa08-fbf0-47dd-a7ea-d9030c91491b,2024-09-23 10:43:13,2024-09-23 06:37:42,2024-09-23 07:14:34,2024-09-23,Respondent_967217,17,Buloba-Bulenga-Bujjuko,110,Buloba -Bulenga -Bujjuko,New Taxi Park,both
357759081484347,,samsung|SM-G955U|9|SurveyCTO Collect 2.81.2 (3771098),2675,,5.0,2.0,Namasuba-Zana Ndejje,Nateete,Nateete,,4 5 9,Gerald & Joviah & Sumaiya,0.0,0.0,0.0,1.0,1.0,0.0,0.0,0.0,1.0,0.0,Namasuba-Zana Ndejje Stage,Secretary,Secretary,,1997.0,1970.0,Founded by drivers who did not belong to an older stage,Founded by drivers who did not belong to an older stage,,,,,,,,,,,,,,,,,,,,media/1725613239167.jpg,7.0,1.0,8,media/1725613476737.jpg,8,uuid:8948df21-e126-4aae-9711-7b55ac23cedb/B-B3,uuid:8948df21-e126-4aae-9711-7b55ac23cedb/B-p3_photo_loop,,,uuid:8948df21-e126-4aae-9711-7b55ac23cedb/C-C1,2,uuid:8948df21-e126-4aae-9711-7b55ac23cedb/C-p5_photo_loop,2,uuid:8948df21-e126-4aae-9711-7b55ac23cedb/C-R,Yes,Yes,2,Poor road quality,0.0,1.0,0.0,0.0,0.0,0.0,0.0,0.0,8,uuid:8948df21-e126-4aae-9711-7b55ac23cedb/C-C9_branch_loop,uuid:8948df21-e126-4aae-9711-7b55ac23cedb/C-p7_photo_loop,-99,-99,-99.0,-99.0,25.0,-99.0,-99.0,-99.0,-99.0,22.0,1 2 7 99,Must have a driver permit & Must have been a conductor at the stage & Must have previous work experience & Other,1.0,1.0,0.0,0.0,0.0,0.0,1.0,1.0,0.0,Have been driving for 3 years  Disciplined,1.0,"First come, first serve on the day","First come, first serve on the day",,1 2 3 4 5 6 8,Chairperson & Vice Chairperson & Secretary & Treasurer & Welfare & Defence & Stage Master,1.0,1.0,1.0,1.0,1.0,1.0,0.0,1.0,0.0,0.0,0.0,,Yes,Yes,4.0,1 2,Be a driver & Have a permit/driving license,1.0,1.0,0.0,0.0,0.0,0.0,0.0,0.0,,,,1 2 4 6 99,Be a driver & Have a permit/driving license & No criminal record & Need to have been at the stage for ____ years & Other,1.0,1.0,0.0,1.0,0.0,1.0,1.0,0.0,,5,Disciplined,media/1725615673321.jpg,,2407230723.0,uuid:8948df21-e126-4aae-9711-7b55ac23cedb,2024-09-06 06:29:37,2024-09-06 04:59:16,2024-09-06 06:27:46,2024-09-06,Respondent_992391,2,Ndejje,75,Namasuba-Zana Ndejje,Nateete,both
,,,,,,,,,,,,,,,,,,,,,,,,,,,,,,,,,,,,,,,,,,,,,,,,,,,,,,,,,,,,,,,,,,,,,,,,,,,,,,,,,,,,,,,,,,,,,,,,,,,,,,,,,,,,,,,,,,,,,,,,,,,,,,,,,,,,,,,,,,,,,,,,,,,,,,,,,,,,,Respondent_601023,1,Kasenyi,1,Kasenyi,Usafi,right_only
3e91b3bc962f0796,,TECNO|TECNO KI5k|12|SurveyCTO Collect 2.81.2 (3771098),3750,,3.0,8.0,Entebbe,Old Taxi Park,Old Taxi Park,,1 8,Claire & Rhoda,1.0,0.0,0.0,0.0,0.0,0.0,0.0,1.0,0.0,0.0,Entebbe Stage,Elder,Elder,,1997.0,1976.0,Founded by drivers who did not belong to an older stage,Founded by drivers who did not belong to an older stage,,,,,,,,,,,,,,,,,,,,media/1724341938995.jpg,8.0,2.0,10,media/1724341968062.jpg,10,uuid:dcb14e67-35e3-4a6e-8f67-2e31dfef7324/B-B3,uuid:dcb14e67-35e3-4a6e-8f67-2e31dfef7324/B-p3_photo_loop,,,uuid:dcb14e67-35e3-4a6e-8f67-2e31dfef7324/C-C1,2,uuid:dcb14e67-35e3-4a6e-8f67-2e31dfef7324/C-p5_photo_loop,2,uuid:dcb14e67-35e3-4a6e-8f67-2e31dfef7324/C-R,Yes,Yes,99,Other,0.0,0.0,0.0,0.0,0.0,0.0,1.0,0.0,10,uuid:dcb14e67-35e3-4a6e-8f67-2e31dfef7324/C-C9_branch_loop,uuid:dcb14e67-35e3-4a6e-8f67-2e31dfef7324/C-p7_photo_loop,1000,750,800.0,950.0,100.0,700.0,700.0,750.0,900.0,100.0,1 2 7 99,Must have a driver permit & Must have been a conductor at the stage & Must have previous work experience & Other,1.0,1.0,0.0,0.0,0.0,0.0,1.0,1.0,0.0,"LC Letter, Recommendation letter",10.0,Other,Other,"Predetermined schedule is used from morning to midday and first come, first serve is used in the afternoon",1 2 3 4 5 6 7 8 9 99,Chairperson & Vice Chairperson & Secretary & Treasurer & Welfare & Defence & Mobiliser & Stage Master & Elder Advisor & Other,1.0,1.0,1.0,1.0,1.0,1.0,1.0,1.0,1.0,1.0,0.0,"Chief conductor, chief guide, coordinator",Yes,Yes,5.0,1 2 99,Be a driver & Have a permit/driving license & Other,1.0,1.0,0.0,0.0,0.0,0.0,1.0,0.0,,,Must be a stage member,1 2 4 5 6 99,Be a driver & Have a permit/driving license & No criminal record & Must have a family & Need to have been at the stage for ____ years & Other,1.0,1.0,0.0,1.0,1.0,1.0,1.0,0.0,,5,Must have permanent residence/home,media/1724344795390.jpg,media/1724344816469.jpg,2407230723.0,uuid:dcb14e67-35e3-4a6e-8f67-2e31dfef7324,2024-08-22 12:55:37,2024-08-22 11:49:02,2024-08-22 12:52:19,2024-08-15,Respondent_535983,8,Entebbe,46,Entebbe,Old Taxi Park,both
0F717E25-0542-496A-9B46-40D56DB59F40,,Apple|iPhone|17.6.1|SurveyCTO Collect 2.80 (274730),2563,,6.0,8.0,Entebbe,Other,Other,Kalerwe,7 10,Olivia & Vivian,0.0,0.0,0.0,0.0,0.0,0.0,1.0,0.0,0.0,1.0,Entebbe Stage,Other,Other,Vice chairman,1991.0,1970.0,Founded by drivers who did not belong to an older stage,Founded by drivers who did not belong to an older stage,,,,,,,,,,,,,,,,,,,,media/1727694468918.jpg,8.0,2.0,10,media/1727694482814.jpg,10,uuid:29ab9be6-255e-4686-b1b8-7a0272fcd5fd/B-B3,uuid:29ab9be6-255e-4686-b1b8-7a0272fcd5fd/B-p3_photo_loop,,,uuid:29ab9be6-255e-4686-b1b8-7a0272fcd5fd/C-C1,2,uuid:29ab9be6-255e-4686-b1b8-7a0272fcd5fd/C-p5_photo_loop,2,uuid:29ab9be6-255e-4686-b1b8-7a0272fcd5fd/C-R,Yes,Yes,1,Not enough passengers,1.0,0.0,0.0,0.0,0.0,0.0,0.0,0.0,10,uuid:29ab9be6-255e-4686-b1b8-7a0272fcd5fd/C-C9_branch_loop,uuid:29ab9be6-255e-4686-b1b8-7a0272fcd5fd/C-p7_photo_loop,800,600,500.0,400.0,34.0,600.0,500.0,400.0,300.0,30.0,1 2 99,Must have a driver permit & Must have been a conductor at the stage & Other,1.0,1.0,0.0,0.0,0.0,0.0,0.0,1.0,0.0,"Good conduct, personal hygiene",5.0,Predetermined schedule before the day,Predetermined schedule before the day,,1 2 3 6,Chairperson & Vice Chairperson & Secretary & Defence,1.0,1.0,1.0,0.0,0.0,1.0,0.0,0.0,0.0,0.0,0.0,,No,No,,,,,,,,,,,,,,,,,,,,,,,,,,,,media/1727696098801.jpg,media/1727696107877.jpg,2407230723.0,uuid:29ab9be6-255e-4686-b1b8-7a0272fcd5fd,2024-09-30 08:34:43,2024-09-30 07:01:18,2024-09-30 08:02:13,2024-09-30,Respondent_538204,8,Entebbe,122,Entebbe,Kalerwe,both
e912dcc7bdab73f5,,Itel|itel A665L|13|SurveyCTO Collect 2.81.2 (3771098),2140,,2.0,45.0,Mukono B coaster stage,New Taxi Park,New Taxi Park,,4 5 9,Gerald & Joviah & Sumaiya,0.0,0.0,0.0,1.0,1.0,0.0,0.0,0.0,1.0,0.0,Mukono B coaster stage Stage,Branch Leader (but not one of the above),Branch Leader (but not one of the above),,2006.0,2006.0,Founded by drivers who did not belong to an older stage,Founded by drivers who did not belong to an older stage,,,,,,,,,,,,,,,,,,,,media/1727262824591.jpg,2.0,0.0,2,media/1727168864443.jpg,2,uuid:3d59a943-8be4-4150-a6c2-bf2cb420f76c/B-B3,uuid:3d59a943-8be4-4150-a6c2-bf2cb420f76c/B-p3_photo_loop,,,uuid:3d59a943-8be4-4150-a6c2-bf2cb420f76c/C-C1,2,uuid:3d59a943-8be4-4150-a6c2-bf2cb420f76c/C-p5_photo_loop,2,uuid:3d59a943-8be4-4150-a6c2-bf2cb420f76c/C-R,No,No,,,,,,,,,,,2,,,180,172,150.0,,15.0,128.0,160.0,80.0,,15.0,1 2,Must have a driver permit & Must have been a conductor at the stage,1.0,1.0,0.0,0.0,0.0,0.0,0.0,0.0,0.0,,2.0,Predetermined schedule before the day,Predetermined schedule before the day,,1 2 3 4 5 6 7 8 9,Chairperson & Vice Chairperson & Secretary & Treasurer & Welfare & Defence & Mobiliser & Stage Master & Elder Advisor,1.0,1.0,1.0,1.0,1.0,1.0,1.0,1.0,1.0,0.0,0.0,,Yes,Yes,5.0,99,Other,0.0,0.0,0.0,0.0,0.0,0.0,1.0,0.0,,,Member of the stage,1 2 5 6 99,Be a driver & Have a permit/driving license & Must have a family & Need to have been at the stage for ____ years & Other,1.0,1.0,0.0,0.0,1.0,1.0,1.0,0.0,,10,Must have a vehicle which acts as security in case of embezzlement of walfare,media/1727170597174.jpg,media/1727170608406.jpg,2407230723.0,uuid:3d59a943-8be4-4150-a6c2-bf2cb420f76c,2024-09-25 07:14:29,2024-09-24 05:03:54,2024-09-25 07:14:07,2024-09-25,Respondent_904058,45,Mukono B Coaster,112,Mukono B coaster,New Taxi Park,both
ef8c3fa68e554f2a,,TECNO|TECNO KD6|10|SurveyCTO Collect 2.81.2 (3771098),5840,,1.0,30.0,Lukuli Nanganda konge,Old Taxi Park,Old Taxi Park,,3 4 10,Fatumah & Gerald & Vivian,0.0,0.0,1.0,1.0,0.0,0.0,0.0,0.0,0.0,1.0,Lukuli Nanganda konge Stage,Secretary,Secretary,,1998.0,1993.0,"Originated from an older stage, split off","Originated from an older stage, split off",,Makindye,Yes,Yes,8,Old Taxi Park,0.0,0.0,0.0,0.0,0.0,0.0,0.0,1.0,0.0,0.0,0.0,0.0,,media/1724063830744.jpg,1.0,2.0,3,media/1724063874886.jpg,3,uuid:5fae0dec-0590-49c7-9db3-fc30844a2842/B-B3,uuid:5fae0dec-0590-49c7-9db3-fc30844a2842/B-p3_photo_loop,,,uuid:5fae0dec-0590-49c7-9db3-fc30844a2842/C-C1,3,uuid:5fae0dec-0590-49c7-9db3-fc30844a2842/C-p5_photo_loop,3,uuid:5fae0dec-0590-49c7-9db3-fc30844a2842/C-R,Yes,Yes,4,Opposition from other stages,0.0,0.0,0.0,1.0,0.0,0.0,0.0,0.0,3,uuid:5fae0dec-0590-49c7-9db3-fc30844a2842/C-C9_branch_loop,uuid:5fae0dec-0590-49c7-9db3-fc30844a2842/C-p7_photo_loop,100,80,60.0,40.0,80.0,50.0,40.0,30.0,20.0,50.0,2 99,Must have been a conductor at the stage & Other,0.0,1.0,0.0,0.0,0.0,0.0,0.0,1.0,0.0,Lc letter and former stage recommendation,20.0,"First come, first serve on the day","First come, first serve on the day",,1 2 3 4 5 6 7 8,Chairperson & Vice Chairperson & Secretary & Treasurer & Welfare & Defence & Mobiliser & Stage Master,1.0,1.0,1.0,1.0,1.0,1.0,1.0,1.0,0.0,0.0,0.0,,Yes,Yes,5.0,6 99,Need to have been at the stage for ____ years & Other,0.0,0.0,0.0,0.0,0.0,1.0,1.0,0.0,,5,Stage member,1 2 6,Be a driver & Have a permit/driving license & Need to have been at the stage for ____ years,1.0,1.0,0.0,0.0,0.0,1.0,0.0,0.0,,10,,media/1724069562724.jpg,media/1724069577339.jpg,2407230723.0,uuid:5fae0dec-0590-49c7-9db3-fc30844a2842,2024-08-20 03:15:08,2024-08-19 06:33:59,2024-08-20 03:06:25,2024-08-15,Respondent_949451,30,Lukuli Nanganda Konge,39,Lukuli Nanganda Konge,Old Taxi Park,both
e912dcc7bdab73f5,,Itel|itel A665L|13|SurveyCTO Collect 2.81.2 (3771098),3619,,1.0,73.0,Gayaza B,New Taxi Park,New Taxi Park,,4 5 9,Gerald & Joviah & Sumaiya,0.0,0.0,0.0,1.0,1.0,0.0,0.0,0.0,1.0,0.0,Gayaza B Stage,Branch Leader (but not one of the above),Branch Leader (but not one of the above),,1994.0,1994.0,"Originated from an older stage, split off","Originated from an older stage, split off",,Kalerwe,Yes,Yes,8,Old Taxi Park,0.0,0.0,0.0,0.0,0.0,0.0,0.0,1.0,0.0,0.0,0.0,0.0,,media/1726652677437.jpg,1.0,4.0,5,media/1726652776856.jpg,5,uuid:a34745ec-a7fc-497e-abb9-5ae3bb43f271/B-B3,uuid:a34745ec-a7fc-497e-abb9-5ae3bb43f271/B-p3_photo_loop,uuid:a34745ec-a7fc-497e-abb9-5ae3bb43f271/B-B4,uuid:a34745ec-a7fc-497e-abb9-5ae3bb43f271/B-p4_photo_loop,uuid:a34745ec-a7fc-497e-abb9-5ae3bb43f271/C-C1,4,uuid:a34745ec-a7fc-497e-abb9-5ae3bb43f271/C-p5_photo_loop,4,uuid:a34745ec-a7fc-497e-abb9-5ae3bb43f271/C-R,Yes,Yes,1,Not enough passengers,1.0,0.0,0.0,0.0,0.0,0.0,0.0,0.0,5,uuid:a34745ec-a7fc-497e-abb9-5ae3bb43f271/C-C9_branch_loop,,41,68,44.0,100.0,41.0,41.0,68.0,44.0,100.0,41.0,1 2,Must have a driver permit & Must have been a conductor at the stage,1.0,1.0,0.0,0.0,0.0,0.0,0.0,0.0,0.0,,5.0,Predetermined schedule before the day,Predetermined schedule before the day,,1 2 3 4 5 6 7 8 9,Chairperson & Vice Chairperson & Secretary & Treasurer & Welfare & Defence & Mobiliser & Stage Master & Elder Advisor,1.0,1.0,1.0,1.0,1.0,1.0,1.0,1.0,1.0,0.0,0.0,,Yes,Yes,2.0,1 2 99,Be a driver & Have a permit/driving license & Other,1.0,1.0,0.0,0.0,0.0,0.0,1.0,0.0,,,Registered member of the stage,1 2 4,Be a driver & Have a permit/driving license & No criminal record,1.0,1.0,0.0,1.0,0.0,0.0,0.0,0.0,,,,media/1726655808055.jpg,media/1726655820733.jpg,2407230723.0,uuid:a34745ec-a7fc-497e-abb9-5ae3bb43f271,2024-09-18 07:05:29,2024-09-18 05:42:17,2024-09-18 06:49:54,2024-09-18,Respondent_356210,73,Gayaza B,98,Gayaza B,New Taxi Park,both
2aa80707e1ac7359,,TCL|T610K|13|SurveyCTO Collect 2.81.2 (3771098),10302,,4.0,4.0,Kajjansi,Usafi,Usafi,,5 8 9,Joviah & Rhoda & Sumaiya,0.0,0.0,0.0,0.0,1.0,0.0,0.0,1.0,1.0,0.0,Kajjansi Stage,Elder,Elder,,1976.0,1976.0,"Originated from an older stage, split off","Originated from an older stage, split off",,Entebbe,Yes,Yes,8,Old Taxi Park,0.0,0.0,0.0,0.0,0.0,0.0,0.0,1.0,0.0,0.0,0.0,0.0,,media/1721912766581.jpg,3.0,4.0,7,media/1721912845676.jpg,7,uuid:79625683-1df4-451a-8f72-54543e6d8aea/B-B3,uuid:79625683-1df4-451a-8f72-54543e6d8aea/B-p3_photo_loop,uuid:79625683-1df4-451a-8f72-54543e6d8aea/B-B4,uuid:79625683-1df4-451a-8f72-54543e6d8aea/B-p4_photo_loop,uuid:79625683-1df4-451a-8f72-54543e6d8aea/C-C1,6,uuid:79625683-1df4-451a-8f72-54543e6d8aea/C-p5_photo_loop,6,uuid:79625683-1df4-451a-8f72-54543e6d8aea/C-R,Yes,Yes,1 6,Not enough passengers & Drivers don’t want to go,1.0,0.0,0.0,0.0,0.0,1.0,0.0,0.0,7,uuid:79625683-1df4-451a-8f72-54543e6d8aea/C-C9_branch_loop,uuid:79625683-1df4-451a-8f72-54543e6d8aea/C-p7_photo_loop,0,0,0.0,0.0,2.0,0.0,0.0,0.0,0.0,2.0,1 2 3,Must have a driver permit & Must have been a conductor at the stage & Must be a friend or relative of existing stage member,1.0,1.0,1.0,0.0,0.0,0.0,0.0,0.0,0.0,,2.0,Predetermined schedule before the day,Predetermined schedule before the day,,1 2 3 4 5 6 7 8 9,Chairperson & Vice Chairperson & Secretary & Treasurer & Welfare & Defence & Mobiliser & Stage Master & Elder Advisor,1.0,1.0,1.0,1.0,1.0,1.0,1.0,1.0,1.0,0.0,0.0,,Yes,Yes,3.0,1 99,Be a driver & Other,1.0,0.0,0.0,0.0,0.0,0.0,1.0,0.0,,,Long serving conductor,1 99,Be a driver & Other,1.0,0.0,0.0,0.0,0.0,0.0,1.0,0.0,,,Leadership potential,media/1721923510208.jpg,media/1721923522371.jpg,2407230723.0,uuid:79625683-1df4-451a-8f72-54543e6d8aea,2024-07-25 12:10:55,2024-07-25 09:04:12,2024-07-25 12:10:27,2024-07-22,Respondent_412439,4,Kajjansi,4,Kajjansi,Usafi,both
2aa80707e1ac7359,,TCL|T610K|13|SurveyCTO Collect 2.81.2 (3771098),2900,,1.0,15.0,Bunamwaya-Mutundwe-Kabuusu-Ngobe,Kisenyi/Gwanda,Kisenyi/Gwanda,,5 8,Joviah & Rhoda,0.0,0.0,0.0,0.0,1.0,0.0,0.0,1.0,0.0,0.0,Bunamwaya-Mutundwe-Kabuusu-Ngobe Stage,Elder,Elder,,1982.0,1979.0,Founded by drivers who did not belong to an older stage,Founded by drivers who did not belong to an older stage,,,,,,,,,,,,,,,,,,,,media/1723631360581.jpg,4.0,1.0,5,media/1723631396696.jpg,5,uuid:b2fe8b13-c142-457f-83ca-9a6576871388/B-B3,uuid:b2fe8b13-c142-457f-83ca-9a6576871388/B-p3_photo_loop,,,uuid:b2fe8b13-c142-457f-83ca-9a6576871388/C-C1,2,uuid:b2fe8b13-c142-457f-83ca-9a6576871388/C-p5_photo_loop,2,uuid:b2fe8b13-c142-457f-83ca-9a6576871388/C-R,No,No,,,,,,,,,,,5,uuid:b2fe8b13-c142-457f-83ca-9a6576871388/C-C9_branch_loop,uuid:b2fe8b13-c142-457f-83ca-9a6576871388/C-p7_photo_loop,105,86,40.0,60.0,105.0,80.0,45.0,40.0,40.0,40.0,1 2 7 99,Must have a driver permit & Must have been a conductor at the stage & Must have previous work experience & Other,1.0,1.0,0.0,0.0,0.0,0.0,1.0,1.0,0.0,Ability to handle customers,15.0,"First come, first serve on the day","First come, first serve on the day",,1 2 3 4 5 6 7 8 9 99,Chairperson & Vice Chairperson & Secretary & Treasurer & Welfare & Defence & Mobiliser & Stage Master & Elder Advisor & Other,1.0,1.0,1.0,1.0,1.0,1.0,1.0,1.0,1.0,1.0,0.0,Guide,Yes,Yes,5.0,1 2 6,Be a driver & Have a permit/driving license & Need to have been at the stage for ____ years,1.0,1.0,0.0,0.0,0.0,1.0,0.0,0.0,,5,,1 2 4 5 6 99,Be a driver & Have a permit/driving license & No criminal record & Must have a family & Need to have been at the stage for ____ years & Other,1.0,1.0,0.0,1.0,1.0,1.0,1.0,0.0,,5,Disciplined,media/1723633731459.jpg,media/1723633744127.jpg,2407230723.0,uuid:b2fe8b13-c142-457f-83ca-9a6576871388,2024-08-14 07:17:29,2024-08-14 06:25:15,2024-08-14 07:16:42,2024-08-12,Respondent_282152,15,Bunamwaya,33,Bunamwaya-Mutundwe-Kabuusu-Ngobe,Kisenyi/Gwanda,both
665B1D11-2673-4244-885F-7BA73AF1E3C2,,Apple|iPhone|17.3.1|SurveyCTO Collect 2.80 (274730),3139,,1.0,67.0,Kawempe-Matugga-Kirinyabigo-Ssemuto-Kapeeka,Bwaise,Bwaise,,1 7,Claire & Olivia,1.0,0.0,0.0,0.0,0.0,0.0,1.0,0.0,0.0,0.0,Kawempe-Matugga-Kirinyabigo-Ssemuto-Kapeeka Stage,Other,Other,Vice chairperson,2023.0,2023.0,Founded by drivers who did not belong to an older stage,Founded by drivers who did not belong to an older stage,,,,,,,,,,,,,,,,,,,,media/1726144264396.jpg,1.0,0.0,1,media/1726144284115.jpg,1,uuid:b87e9f35-4fc2-495c-9c54-79bd33a55f8d/B-B3,uuid:b87e9f35-4fc2-495c-9c54-79bd33a55f8d/B-p3_photo_loop,,,uuid:b87e9f35-4fc2-495c-9c54-79bd33a55f8d/C-C1,4,uuid:b87e9f35-4fc2-495c-9c54-79bd33a55f8d/C-p5_photo_loop,4,uuid:b87e9f35-4fc2-495c-9c54-79bd33a55f8d/C-R,Yes,Yes,1 2,Not enough passengers & Poor road quality,1.0,1.0,0.0,0.0,0.0,0.0,0.0,0.0,1,,,120,,,,70.0,90.0,,,,70.0,1 4 7 99,Must have a driver permit & Must be referred by an existing stage member & Must have previous work experience & Other,1.0,0.0,0.0,1.0,0.0,0.0,1.0,1.0,0.0,"L C letter, National ID",3.0,Other,Other,First come first serve is used for most routes and the predetermined schedule is used for vehicles taking Ssemuto route (R2),1 2 3 4 5 6 9 99,Chairperson & Vice Chairperson & Secretary & Treasurer & Welfare & Defence & Elder Advisor & Other,1.0,1.0,1.0,1.0,1.0,1.0,0.0,0.0,1.0,1.0,0.0,Guide,Yes,Yes,5.0,1 2,Be a driver & Have a permit/driving license,1.0,1.0,0.0,0.0,0.0,0.0,0.0,0.0,,,,1 2 6,Be a driver & Have a permit/driving license & Need to have been at the stage for ____ years,1.0,1.0,0.0,0.0,0.0,1.0,0.0,0.0,,5,,media/1726146526706.jpg,media/1726146535184.jpg,2407230723.0,uuid:b87e9f35-4fc2-495c-9c54-79bd33a55f8d,2024-09-12 10:23:11,2024-09-12 08:28:21,2024-09-12 10:16:15,2024-09-12,Respondent_506105,67,Kawempe-Matugga-Kirinyabigo-Ssemuto-Kapeeka,86,Kawempe-Matugga-Kirinyabigo-Ssemuto-Kapeeka,Bwaise,both
e912dcc7bdab73f5,,Itel|itel A665L|13|SurveyCTO Collect 2.81.2 (3771098),843,,1.0,69.0,Kisaasi kiwatule Namboole Bweyogerere stage,Bwaise,Bwaise,,4 5 9,Gerald & Joviah & Sumaiya,0.0,0.0,0.0,1.0,1.0,0.0,0.0,0.0,1.0,0.0,Kisaasi kiwatule Namboole Bweyogerere stage Stage,Branch Leader (but not one of the above),Branch Leader (but not one of the above),,2023.0,2023.0,Founded by drivers who did not belong to an older stage,Founded by drivers who did not belong to an older stage,,,,,,,,,,,,,,,,,,,,media/1726414549607.jpg,1.0,0.0,1,media/1726414572457.jpg,1,uuid:50d67178-6d12-4a06-ac3e-7bc5eb05e92f/B-B3,uuid:50d67178-6d12-4a06-ac3e-7bc5eb05e92f/B-p3_photo_loop,,,uuid:50d67178-6d12-4a06-ac3e-7bc5eb05e92f/C-C1,1,uuid:50d67178-6d12-4a06-ac3e-7bc5eb05e92f/C-p5_photo_loop,1,uuid:50d67178-6d12-4a06-ac3e-7bc5eb05e92f/C-R,No,No,,,,,,,,,,,1,,,84,,,,42.0,42.0,,,,42.0,1 99,Must have a driver permit & Other,1.0,0.0,0.0,0.0,0.0,0.0,0.0,1.0,0.0,"National identity card, LC letter, next of kin",20.0,"First come, first serve on the day","First come, first serve on the day",,1 2 3 4 5 6 7 9,Chairperson & Vice Chairperson & Secretary & Treasurer & Welfare & Defence & Mobiliser & Elder Advisor,1.0,1.0,1.0,1.0,1.0,1.0,1.0,0.0,1.0,0.0,0.0,,No,No,,,,,,,,,,,,,,,,,,,,,,,,,,,,media/1726415165441.jpg,media/1726415183892.jpg,2407230723.0,uuid:50d67178-6d12-4a06-ac3e-7bc5eb05e92f,2024-09-16 02:29:21,2024-09-15 11:34:36,2024-09-16 02:24:09,2024-09-14,Respondent_415446,69,Kisaasi kiwatule Namboole Bweyogerere,91,Kisaasi kiwatule Namboole Bweyogerere,Bwaise,both
0F717E25-0542-496A-9B46-40D56DB59F40,,Apple|iPhone|17.6.1|SurveyCTO Collect 2.80 (274730),1917,,1.0,91.0,Salaama-Munyonyo,Other,Other,Kibuye,7 10,Olivia & Vivian,0.0,0.0,0.0,0.0,0.0,0.0,1.0,0.0,0.0,1.0,Salaama-Munyonyo Stage,Other,Other,Cordinator,2004.0,1989.0,Founded by drivers who did not belong to an older stage,Founded by drivers who did not belong to an older stage,,,,,,,,,,,,,,,,,,,,media/1727869020438.jpg,1.0,2.0,3,media/1727869039301.jpg,3,uuid:b25f6e3c-571d-4178-9fdf-168cdd5243f5/B-B3,uuid:b25f6e3c-571d-4178-9fdf-168cdd5243f5/B-p3_photo_loop,,,uuid:b25f6e3c-571d-4178-9fdf-168cdd5243f5/C-C1,1,uuid:b25f6e3c-571d-4178-9fdf-168cdd5243f5/C-p5_photo_loop,1,uuid:b25f6e3c-571d-4178-9fdf-168cdd5243f5/C-R,No,No,,,,,,,,,,,3,uuid:b25f6e3c-571d-4178-9fdf-168cdd5243f5/C-C9_branch_loop,uuid:b25f6e3c-571d-4178-9fdf-168cdd5243f5/C-p7_photo_loop,98,50,110.0,40.0,80.0,45.0,20.0,45.0,18.0,45.0,1 4 99,Must have a driver permit & Must be referred by an existing stage member & Other,1.0,0.0,0.0,1.0,0.0,0.0,0.0,1.0,0.0,"Good conduct, membership fee (500k)",5.0,"First come, first serve on the day","First come, first serve on the day",,1 2 3 4 5 6 7 99,Chairperson & Vice Chairperson & Secretary & Treasurer & Welfare & Defence & Mobiliser & Other,1.0,1.0,1.0,1.0,1.0,1.0,1.0,0.0,0.0,1.0,0.0,Cordinator,No,No,,,,,,,,,,,,,,,,,,,,,,,,,,,,media/1727870469025.jpg,media/1727870476683.jpg,2407230723.0,uuid:b25f6e3c-571d-4178-9fdf-168cdd5243f5,2024-10-02 13:18:46,2024-10-02 07:35:47,2024-10-02 13:18:01,2024-10-02,Respondent_998138,91,Salaama-Munyonyo,124,Salaama-Munyonyo,Kibuye,both
3e91b3bc962f0796,,TECNO|TECNO KI5k|12|SurveyCTO Collect 2.81.2 (3771098),4129,,1.0,88.0,Bweyogerere-Mukono,Other,Other,Kalerwe taxi park,1 8,Claire & Rhoda,1.0,0.0,0.0,0.0,0.0,0.0,0.0,1.0,0.0,0.0,Bweyogerere-Mukono Stage,Other,Other,Councilor,2013.0,2008.0,Founded by drivers who did not belong to an older stage,Founded by drivers who did not belong to an older stage,,,,,,,,,,,,,,,,,,,,media/1727522645302.jpg,1.0,0.0,1,media/1727522691378.jpg,1,uuid:e91e13d8-857d-4a99-986a-4c79b925667c/B-B3,uuid:e91e13d8-857d-4a99-986a-4c79b925667c/B-p3_photo_loop,,,uuid:e91e13d8-857d-4a99-986a-4c79b925667c/C-C1,2,uuid:e91e13d8-857d-4a99-986a-4c79b925667c/C-p5_photo_loop,2,uuid:e91e13d8-857d-4a99-986a-4c79b925667c/C-R,Yes,Yes,1 2 3 4 6 99,Not enough passengers & Poor road quality & Police presence & Opposition from other stages & Drivers don’t want to go & Other,1.0,1.0,1.0,1.0,0.0,1.0,1.0,0.0,1,,,45,30,10.0,,40.0,35.0,20.0,8.0,,30.0,1 2 7 99,Must have a driver permit & Must have been a conductor at the stage & Must have previous work experience & Other,1.0,1.0,0.0,0.0,0.0,0.0,1.0,1.0,0.0,Must be monitored for 2 years,2.0,"First come, first serve on the day","First come, first serve on the day",,9 99,Elder Advisor & Other,0.0,0.0,0.0,0.0,0.0,0.0,0.0,0.0,1.0,1.0,0.0,Councilor,No,No,,,,,,,,,,,,,,,,,,,,,,,,,,,,media/1727525850686.jpg,media/1727525868279.jpg,2407230723.0,uuid:e91e13d8-857d-4a99-986a-4c79b925667c,2024-09-28 08:45:38,2024-09-28 07:04:57,2024-09-28 08:44:10,2024-09-28,Respondent_43357,88,Bweyogerere-Mukono,117,Bweyogerere-Mukono,Kalerwe,both
0F717E25-0542-496A-9B46-40D56DB59F40,,Apple|iPhone|17.6.1|SurveyCTO Collect 2.80 (274730),4171,,1.0,85.0,Busunju,Namirembe,Namirembe,,8 10,Rhoda & Vivian,0.0,0.0,0.0,0.0,0.0,0.0,0.0,1.0,0.0,1.0,Busunju Stage,Chairperson,Chairperson,,1989.0,1970.0,Founded by drivers who did not belong to an older stage,Founded by drivers who did not belong to an older stage,,,,,,,,,,,,,,,,,,,,media/1727366886943.jpg,1.0,2.0,3,media/1727366924211.jpg,3,uuid:83cbbd81-207c-4ab3-adbd-a1cfd71c6334/B-B3,uuid:83cbbd81-207c-4ab3-adbd-a1cfd71c6334/B-p3_photo_loop,uuid:83cbbd81-207c-4ab3-adbd-a1cfd71c6334/B-B4,uuid:83cbbd81-207c-4ab3-adbd-a1cfd71c6334/B-p4_photo_loop,uuid:83cbbd81-207c-4ab3-adbd-a1cfd71c6334/C-C1,7,uuid:83cbbd81-207c-4ab3-adbd-a1cfd71c6334/C-p5_photo_loop,7,uuid:83cbbd81-207c-4ab3-adbd-a1cfd71c6334/C-R,No,No,,,,,,,,,,,3,uuid:83cbbd81-207c-4ab3-adbd-a1cfd71c6334/C-C9_branch_loop,uuid:83cbbd81-207c-4ab3-adbd-a1cfd71c6334/C-p7_photo_loop,700,300,300.0,50.0,300.0,250.0,150.0,200.0,40.0,250.0,1 2 3 4 99,Must have a driver permit & Must have been a conductor at the stage & Must be a friend or relative of existing stage member & Must be referred by an existing stage member & Other,1.0,1.0,1.0,1.0,0.0,0.0,0.0,1.0,0.0,"National ID, LC letter",60.0,Predetermined schedule before the day,Predetermined schedule before the day,,1 2 3 4 5 6 7 8 9,Chairperson & Vice Chairperson & Secretary & Treasurer & Welfare & Defence & Mobiliser & Stage Master & Elder Advisor,1.0,1.0,1.0,1.0,1.0,1.0,1.0,1.0,1.0,0.0,0.0,,No,No,,,,,,,,,,,,,,,,,,,,,,,,,,,,media/1727370937931.jpg,media/1727370950012.jpg,2407230723.0,uuid:83cbbd81-207c-4ab3-adbd-a1cfd71c6334,2024-09-26 13:54:13,2024-09-26 12:06:45,2024-09-26 13:16:17,2024-09-26,Respondent_703219,85,Busunju,115,Busunju,Namirembe,both
2aa80707e1ac7359,,TCL|T610K|13|SurveyCTO Collect 2.81.2 (3771098),5172,,1.0,85.0,Busunju,Namirembe,Namirembe,,8 10,Rhoda & Vivian,0.0,0.0,0.0,0.0,0.0,0.0,0.0,1.0,0.0,1.0,Busunju Stage,Other,Other,Stage master,1991.0,1970.0,Founded by drivers who did not belong to an older stage,Founded by drivers who did not belong to an older stage,,,,,,,,,,,,,,,,,,,,media/1727370482918.jpg,1.0,2.0,3,media/1727370701603.jpg,3,uuid:c5cc8bf9-85bb-40fa-985c-31f02111925b/B-B3,uuid:c5cc8bf9-85bb-40fa-985c-31f02111925b/B-p3_photo_loop,uuid:c5cc8bf9-85bb-40fa-985c-31f02111925b/B-B4,uuid:c5cc8bf9-85bb-40fa-985c-31f02111925b/B-p4_photo_loop,uuid:c5cc8bf9-85bb-40fa-985c-31f02111925b/C-C1,7,uuid:c5cc8bf9-85bb-40fa-985c-31f02111925b/C-p5_photo_loop,7,uuid:c5cc8bf9-85bb-40fa-985c-31f02111925b/C-R,No,No,,,,,,,,,,,3,uuid:c5cc8bf9-85bb-40fa-985c-31f02111925b/C-C9_branch_loop,uuid:c5cc8bf9-85bb-40fa-985c-31f02111925b/C-p7_photo_loop,700,300,300.0,50.0,300.0,250.0,150.0,200.0,40.0,250.0,1 2 3 4 99,Must have a driver permit & Must have been a conductor at the stage & Must be a friend or relative of existing stage member & Must be referred by an existing stage member & Other,1.0,1.0,1.0,1.0,0.0,0.0,0.0,1.0,0.0,LC letter  National ID,60.0,Predetermined schedule before the day,Predetermined schedule before the day,,1 2 3 4 5 6 7 8 9,Chairperson & Vice Chairperson & Secretary & Treasurer & Welfare & Defence & Mobiliser & Stage Master & Elder Advisor,1.0,1.0,1.0,1.0,1.0,1.0,1.0,1.0,1.0,0.0,0.0,,No,No,,,,,,,,,,,,,,,,,,,,,,,,,,,,media/1727374796769.jpg,media/1727374806027.jpg,2407230723.0,uuid:c5cc8bf9-85bb-40fa-985c-31f02111925b,2024-09-26 14:34:01,2024-09-26 13:05:42,2024-09-26 14:33:35,2024-09-26,Respondent_244943,85,Busunju,115,Busunju,Namirembe,both
3e91b3bc962f0796,,TECNO|TECNO KI5k|12|SurveyCTO Collect 2.81.2 (3771098),3916,,1.0,17.0,Buloba-Bulenga-Bujjuko,Kisenyi/Gwanda,Kisenyi/Gwanda,,1 8,Claire & Rhoda,1.0,0.0,0.0,0.0,0.0,0.0,0.0,1.0,0.0,0.0,Buloba-Bulenga-Bujjuko Stage,Chairperson,Chairperson,,1995.0,1989.0,"Originated from an older stage, split off","Originated from an older stage, split off",,Mityana,Yes,Yes,3 7,Kisenyi/Gwanda & New Taxi Park,0.0,0.0,1.0,0.0,0.0,0.0,1.0,0.0,0.0,0.0,0.0,0.0,,media/1723271493090.jpg,3.0,2.0,5,media/1723271527758.jpg,5,uuid:19106f78-e6cb-4fc8-bbd8-ed2f0aa0effd/B-B3,uuid:19106f78-e6cb-4fc8-bbd8-ed2f0aa0effd/B-p3_photo_loop,uuid:19106f78-e6cb-4fc8-bbd8-ed2f0aa0effd/B-B4,uuid:19106f78-e6cb-4fc8-bbd8-ed2f0aa0effd/B-p4_photo_loop,uuid:19106f78-e6cb-4fc8-bbd8-ed2f0aa0effd/C-C1,1,uuid:19106f78-e6cb-4fc8-bbd8-ed2f0aa0effd/C-p5_photo_loop,1,uuid:19106f78-e6cb-4fc8-bbd8-ed2f0aa0effd/C-R,Yes,Yes,1 2 99,Not enough passengers & Poor road quality & Other,1.0,1.0,0.0,0.0,0.0,0.0,1.0,0.0,5,uuid:19106f78-e6cb-4fc8-bbd8-ed2f0aa0effd/C-C9_branch_loop,uuid:19106f78-e6cb-4fc8-bbd8-ed2f0aa0effd/C-p7_photo_loop,200,120,150.0,100.0,30.0,100.0,90.0,120.0,90.0,16.0,1 2 4 99,Must have a driver permit & Must have been a conductor at the stage & Must be referred by an existing stage member & Other,1.0,1.0,0.0,1.0,0.0,0.0,0.0,1.0,0.0,"LC Letter, 3 passport photos",6.0,Predetermined schedule before the day,Predetermined schedule before the day,,1 2 3 4 5 6 8 9 99,Chairperson & Vice Chairperson & Secretary & Treasurer & Welfare & Defence & Stage Master & Elder Advisor & Other,1.0,1.0,1.0,1.0,1.0,1.0,0.0,1.0,1.0,1.0,0.0,Guide,Yes,Yes,5.0,1 2,Be a driver & Have a permit/driving license,1.0,1.0,0.0,0.0,0.0,0.0,0.0,0.0,,,,1 2 4 5 6 99,Be a driver & Have a permit/driving license & No criminal record & Must have a family & Need to have been at the stage for ____ years & Other,1.0,1.0,0.0,1.0,1.0,1.0,1.0,0.0,,10,Permanent residence/home,media/1723274484308.jpg,media/1723274499619.jpg,2407230723.0,uuid:19106f78-e6cb-4fc8-bbd8-ed2f0aa0effd,2024-08-10 11:41:19,2024-08-10 02:28:19,2024-08-10 11:07:55,2024-08-09,Respondent_774246,17,Buloba-Bulenga-Bujjuko,25,Buloba-Bulenga-Bujjuko,Kisenyi/Gwanda,both
ef8c3fa68e554f2a,,TECNO|TECNO KD6|10|SurveyCTO Collect 2.81.2 (3771098),8885,,4.0,2.0,Namasuba -Zana-Ndejje stage,Old Taxi Park,Old Taxi Park,,3 7 8,Fatumah & Olivia & Rhoda,0.0,0.0,1.0,0.0,0.0,0.0,1.0,1.0,0.0,0.0,Namasuba -Zana-Ndejje stage Stage,Chairperson,Chairperson,,2000.0,1970.0,Founded by drivers who did not belong to an older stage,Founded by drivers who did not belong to an older stage,,,,,,,,,,,,,,,,,,,,media/1724845218751.jpg,7.0,1.0,8,media/1724845261653.jpg,8,uuid:dd5457cc-7aed-492b-b686-8cdf96fdbf3a/B-B3,uuid:dd5457cc-7aed-492b-b686-8cdf96fdbf3a/B-p3_photo_loop,,,uuid:dd5457cc-7aed-492b-b686-8cdf96fdbf3a/C-C1,5,uuid:dd5457cc-7aed-492b-b686-8cdf96fdbf3a/C-p5_photo_loop,5,uuid:dd5457cc-7aed-492b-b686-8cdf96fdbf3a/C-R,Yes,Yes,2,Poor road quality,0.0,1.0,0.0,0.0,0.0,0.0,0.0,0.0,8,uuid:dd5457cc-7aed-492b-b686-8cdf96fdbf3a/C-C9_branch_loop,uuid:dd5457cc-7aed-492b-b686-8cdf96fdbf3a/C-p7_photo_loop,438,828,900.0,-99.0,230.0,288.0,330.0,240.0,-99.0,110.0,1 2 7,Must have a driver permit & Must have been a conductor at the stage & Must have previous work experience,1.0,1.0,0.0,0.0,0.0,0.0,1.0,0.0,0.0,,17.0,"First come, first serve on the day","First come, first serve on the day",,1 2 3 4 5 6 7 9,Chairperson & Vice Chairperson & Secretary & Treasurer & Welfare & Defence & Mobiliser & Elder Advisor,1.0,1.0,1.0,1.0,1.0,1.0,1.0,0.0,1.0,0.0,0.0,,Yes,Yes,5.0,1 2 6 99,Be a driver & Have a permit/driving license & Need to have been at the stage for ____ years & Other,1.0,1.0,0.0,0.0,0.0,1.0,1.0,0.0,,6,Must be a stage member,1 2 6,Be a driver & Have a permit/driving license & Need to have been at the stage for ____ years,1.0,1.0,0.0,0.0,0.0,1.0,0.0,0.0,,10,,media/1724876912862.jpg,media/1724876927760.jpg,2407230723.0,uuid:dd5457cc-7aed-492b-b686-8cdf96fdbf3a,2024-08-29 02:48:16,2024-08-28 07:37:53,2024-08-29 02:34:57,2024-08-27,Respondent_358803,2,Ndejje,55,Namasuba-Zana-Ndejje,Old Taxi Park,both
0F717E25-0542-496A-9B46-40D56DB59F40,,Apple|iPhone|17.5.1|SurveyCTO Collect 2.80 (274730),6585,,2.0,23.0,Mengo-Rubaga,Old Taxi Park,Old Taxi Park,,5 10,Joviah & Vivian,0.0,0.0,0.0,0.0,1.0,0.0,0.0,0.0,0.0,1.0,Mengo-Rubaga Stage,Treasurer,Treasurer,,2009.0,1960.0,"Originated from an older stage, split off","Originated from an older stage, split off",,Mengo-Rubaga-Busega,No,No,,,,,,,,,,,,,,,,media/1725272296347.jpg,3.0,0.0,3,media/1725272316417.jpg,3,uuid:f3693fde-8e9a-4b69-a59b-b447ed185324/B-B3,uuid:f3693fde-8e9a-4b69-a59b-b447ed185324/B-p3_photo_loop,,,uuid:f3693fde-8e9a-4b69-a59b-b447ed185324/C-C1,3,uuid:f3693fde-8e9a-4b69-a59b-b447ed185324/C-p5_photo_loop,3,uuid:f3693fde-8e9a-4b69-a59b-b447ed185324/C-R,No,No,,,,,,,,,,,3,,,50,60,60.0,-99.0,15.0,30.0,40.0,40.0,-99.0,15.0,2 4 99,Must have been a conductor at the stage & Must be referred by an existing stage member & Other,0.0,1.0,0.0,1.0,0.0,0.0,0.0,1.0,0.0,LC letter,2.0,Predetermined schedule before the day,Predetermined schedule before the day,,1 2 3 4 5 6 7,Chairperson & Vice Chairperson & Secretary & Treasurer & Welfare & Defence & Mobiliser,1.0,1.0,1.0,1.0,1.0,1.0,1.0,0.0,0.0,0.0,0.0,,Yes,Yes,5.0,99,Other,0.0,0.0,0.0,0.0,0.0,0.0,1.0,0.0,,,Stage member with stage ID,1 2 6 99,Be a driver & Have a permit/driving license & Need to have been at the stage for ____ years & Other,1.0,1.0,0.0,0.0,0.0,1.0,1.0,0.0,,10,Good conduct,media/1725277192989.jpg,media/1725277199744.jpg,2407230723.0,uuid:f3693fde-8e9a-4b69-a59b-b447ed185324,2024-09-02 11:46:48,2024-09-02 05:54:21,2024-09-02 11:44:37,2024-08-30,Respondent_505933,23,Mengo-Rubaga-Kosovo-Lusaze,63,Mengo-Rubaga at Old Taxi Park,Old Taxi Park,both
353309090902287,,samsung|SM-G960U|9|SurveyCTO Collect 2.81.2 (3771098),4386,,1.0,39.0,Mulago Kitala Taso,Old Taxi Park,Old Taxi Park,,5 7 9,Joviah & Olivia & Sumaiya,0.0,0.0,0.0,0.0,1.0,0.0,1.0,0.0,1.0,0.0,Mulago Kitala Taso Stage,Secretary,Secretary,,2002.0,1970.0,Founded by drivers who did not belong to an older stage,Founded by drivers who did not belong to an older stage,,,,,,,,,,,,,,,,,,,,media/1724314997701.jpg,1.0,1.0,2,media/1724315032075.jpg,2,uuid:9979a13b-7a89-49d5-b9f3-e17bee8c8646/B-B3,uuid:9979a13b-7a89-49d5-b9f3-e17bee8c8646/B-p3_photo_loop,uuid:9979a13b-7a89-49d5-b9f3-e17bee8c8646/B-B4,uuid:9979a13b-7a89-49d5-b9f3-e17bee8c8646/B-p4_photo_loop,uuid:9979a13b-7a89-49d5-b9f3-e17bee8c8646/C-C1,3,uuid:9979a13b-7a89-49d5-b9f3-e17bee8c8646/C-p5_photo_loop,3,uuid:9979a13b-7a89-49d5-b9f3-e17bee8c8646/C-R,No,No,,,,,,,,,,,2,uuid:9979a13b-7a89-49d5-b9f3-e17bee8c8646/C-C9_branch_loop,uuid:9979a13b-7a89-49d5-b9f3-e17bee8c8646/C-p7_photo_loop,30,45,40.0,-99.0,30.0,30.0,45.0,40.0,-99.0,30.0,1 2 7 99,Must have a driver permit & Must have been a conductor at the stage & Must have previous work experience & Other,1.0,1.0,0.0,0.0,0.0,0.0,1.0,1.0,0.0,"Lc letter,National ID, passport photos",5.0,"First come, first serve on the day","First come, first serve on the day",,1 2 3 4 5 6,Chairperson & Vice Chairperson & Secretary & Treasurer & Welfare & Defence,1.0,1.0,1.0,1.0,1.0,1.0,0.0,0.0,0.0,0.0,0.0,,Yes,Yes,3.0,99,Other,0.0,0.0,0.0,0.0,0.0,0.0,1.0,0.0,,,Stage member,1 4 99,Be a driver & No criminal record & Other,1.0,0.0,0.0,1.0,0.0,0.0,1.0,0.0,,,To be a chairman or vice chairperson you must be able to read and write in English and Luganda,media/1724318159859.jpg,media/1724318177434.jpg,2407230723.0,uuid:9979a13b-7a89-49d5-b9f3-e17bee8c8646,2024-08-22 05:57:48,2024-08-22 04:21:06,2024-08-22 05:56:43,2024-08-21,Respondent_271721,36,Mulago,44,Mulago Kitala Taso,Old Taxi Park,both
357759081484347,,samsung|SM-G955U|9|SurveyCTO Collect 2.81.2 (3771098),2822,,1.0,78.0,Nateete Wakaliga Busega,New Taxi Park,New Taxi Park,,4 5 9,Gerald & Joviah & Sumaiya,0.0,0.0,0.0,1.0,1.0,0.0,0.0,0.0,1.0,0.0,Nateete Wakaliga Busega Stage,Secretary,Secretary,,2000.0,1980.0,"Originated from an older stage, split off","Originated from an older stage, split off",,Ndeeba Kabuusu,Yes,Yes,8,Old Taxi Park,0.0,0.0,0.0,0.0,0.0,0.0,0.0,1.0,0.0,0.0,0.0,0.0,,media/1726822223742.jpg,1.0,2.0,3,media/1726822253432.jpg,3,uuid:ee849911-e0ca-4ee2-b1b2-2bdba045b4ef/B-B3,uuid:ee849911-e0ca-4ee2-b1b2-2bdba045b4ef/B-p3_photo_loop,uuid:ee849911-e0ca-4ee2-b1b2-2bdba045b4ef/B-B4,uuid:ee849911-e0ca-4ee2-b1b2-2bdba045b4ef/B-p4_photo_loop,uuid:ee849911-e0ca-4ee2-b1b2-2bdba045b4ef/C-C1,2,uuid:ee849911-e0ca-4ee2-b1b2-2bdba045b4ef/C-p5_photo_loop,2,uuid:ee849911-e0ca-4ee2-b1b2-2bdba045b4ef/C-R,Yes,Yes,2,Poor road quality,0.0,1.0,0.0,0.0,0.0,0.0,0.0,0.0,3,uuid:ee849911-e0ca-4ee2-b1b2-2bdba045b4ef/C-C9_branch_loop,uuid:ee849911-e0ca-4ee2-b1b2-2bdba045b4ef/C-p7_photo_loop,45,70,140.0,100.0,45.0,30.0,32.0,60.0,47.0,30.0,1 2 99,Must have a driver permit & Must have been a conductor at the stage & Other,1.0,1.0,0.0,0.0,0.0,0.0,0.0,1.0,0.0,Be at the stage for about 8 years,9.0,"First come, first serve on the day","First come, first serve on the day",,1 2 3 4 5 6 7 9,Chairperson & Vice Chairperson & Secretary & Treasurer & Welfare & Defence & Mobiliser & Elder Advisor,1.0,1.0,1.0,1.0,1.0,1.0,1.0,0.0,1.0,0.0,0.0,,Yes,Yes,5.0,6 99,Need to have been at the stage for ____ years & Other,0.0,0.0,0.0,0.0,0.0,1.0,1.0,0.0,,5,Be a registered stage member either as a driver or a conductor,1 2 4 5 6,Be a driver & Have a permit/driving license & No criminal record & Must have a family & Need to have been at the stage for ____ years,1.0,1.0,0.0,1.0,1.0,1.0,0.0,0.0,,15,,media/1726824891675.jpg,media/1726824900597.jpg,2407230723.0,uuid:ee849911-e0ca-4ee2-b1b2-2bdba045b4ef,2024-09-20 05:50:45,2024-09-20 04:47:25,2024-09-20 05:50:20,2024-09-20,Respondent_355992,78,Nateete Wakaliga Busega,102,Nateete Wakaliga Busega,New Taxi Park,both
3e91b3bc962f0796,,TECNO|TECNO KI5k|12|SurveyCTO Collect 2.81.2 (3771098),1824,,1.0,71.0,Makerere Kikoni,New Taxi Park,New Taxi Park,,1 3 7,Claire & Fatumah & Olivia,1.0,0.0,1.0,0.0,0.0,0.0,1.0,0.0,0.0,0.0,Makerere Kikoni Stage,Elder,Elder,,2020.0,2020.0,"Originated from an older stage, split off","Originated from an older stage, split off",,Makerere Kikoni,Yes,Yes,8,Old Taxi Park,0.0,0.0,0.0,0.0,0.0,0.0,0.0,1.0,0.0,0.0,0.0,0.0,,media/1726486030897.jpg,2.0,0.0,2,media/1726486055545.jpg,2,uuid:4bc7d300-a5cd-47f2-906e-668078b8b37a/B-B3,uuid:4bc7d300-a5cd-47f2-906e-668078b8b37a/B-p3_photo_loop,,,uuid:4bc7d300-a5cd-47f2-906e-668078b8b37a/C-C1,2,uuid:4bc7d300-a5cd-47f2-906e-668078b8b37a/C-p5_photo_loop,2,uuid:4bc7d300-a5cd-47f2-906e-668078b8b37a/C-R,Yes,Yes,1 3 6,Not enough passengers & Police presence & Drivers don’t want to go,1.0,0.0,1.0,0.0,0.0,1.0,0.0,0.0,2,,,36,21,,,25.0,20.0,15.0,,,20.0,1 2 99,Must have a driver permit & Must have been a conductor at the stage & Other,1.0,1.0,0.0,0.0,0.0,0.0,0.0,1.0,0.0,Good conduct,5.0,"First come, first serve on the day","First come, first serve on the day",,1 2 3 4 5 6 9,Chairperson & Vice Chairperson & Secretary & Treasurer & Welfare & Defence & Elder Advisor,1.0,1.0,1.0,1.0,1.0,1.0,0.0,0.0,1.0,0.0,0.0,,Yes,Yes,5.0,1 2,Be a driver & Have a permit/driving license,1.0,1.0,0.0,0.0,0.0,0.0,0.0,0.0,,,,1 2 99,Be a driver & Have a permit/driving license & Other,1.0,1.0,0.0,0.0,0.0,0.0,1.0,0.0,,,Must be able to read and write,media/1726487305235.jpg,media/1726487322850.jpg,2407230723.0,uuid:4bc7d300-a5cd-47f2-906e-668078b8b37a,2024-09-16 08:00:14,2024-09-16 07:24:40,2024-09-16 07:56:00,2024-09-16,Respondent_876021,71,Makerere-Kikoni,93,Makerere-Kikoni,New Taxi Park,both
e912dcc7bdab73f5,,Itel|itel A665L|13|SurveyCTO Collect 2.81.2 (3771098),2247,,2.0,24.0,Kasanje nakawuka,New Taxi Park,New Taxi Park,,4 5 9,Gerald & Joviah & Sumaiya,0.0,0.0,0.0,1.0,1.0,0.0,0.0,0.0,1.0,0.0,Kasanje nakawuka Stage,Elder,Elder,,1997.0,1985.0,Founded by drivers who did not belong to an older stage,Founded by drivers who did not belong to an older stage,,,,,,,,,,,,,,,,,,,,media/1726735922581.jpg,3.0,0.0,3,media/1726735957554.jpg,3,uuid:80359db8-5937-4396-8445-a4080d9f5088/B-B3,uuid:80359db8-5937-4396-8445-a4080d9f5088/B-p3_photo_loop,,,uuid:80359db8-5937-4396-8445-a4080d9f5088/C-C1,3,uuid:80359db8-5937-4396-8445-a4080d9f5088/C-p5_photo_loop,3,uuid:80359db8-5937-4396-8445-a4080d9f5088/C-R,No,No,,,,,,,,,,,3,,,200,-99,70.0,-99.0,100.0,200.0,-99.0,70.0,-99.0,100.0,1 4 99,Must have a driver permit & Must be referred by an existing stage member & Other,1.0,0.0,0.0,1.0,0.0,0.0,0.0,1.0,0.0,LC letter  Membership fee of 3m,50.0,Predetermined schedule before the day,Predetermined schedule before the day,,1 2 3 4 5 6 7 9,Chairperson & Vice Chairperson & Secretary & Treasurer & Welfare & Defence & Mobiliser & Elder Advisor,1.0,1.0,1.0,1.0,1.0,1.0,1.0,0.0,1.0,0.0,0.0,,No,No,,,,,,,,,,,,,,,,,,,,,,,,,,,,media/1726737743426.jpg,media/1726737754018.jpg,2407230723.0,uuid:80359db8-5937-4396-8445-a4080d9f5088,2024-09-19 05:32:33,2024-09-19 04:50:30,2024-09-19 05:28:53,2024-09-19,Respondent_647943,24,Kasanje-Nakawuka,100,Kasanje Nakawuka,New Taxi Park,both
3e91b3bc962f0796,,TECNO|TECNO KI5k|12|SurveyCTO Collect 2.81.2 (3771098),3177,,1.0,51.0,Namasuba-DK-Kikajjo,Old Taxi Park,Old Taxi Park,,1 4 9,Claire & Gerald & Sumaiya,1.0,0.0,0.0,1.0,0.0,0.0,0.0,0.0,1.0,0.0,Namasuba-DK-Kikajjo Stage,Chairperson,Chairperson,,2003.0,2000.0,"Originated from an older stage, split off","Originated from an older stage, split off",,Namasuba-Ndejje,Yes,Yes,8,Old Taxi Park,0.0,0.0,0.0,0.0,0.0,0.0,0.0,1.0,0.0,0.0,0.0,0.0,,media/1725281269582.jpg,2.0,2.0,4,media/1725281311977.jpg,4,uuid:112e6617-89a4-4701-bca4-d7769ad75655/B-B3,uuid:112e6617-89a4-4701-bca4-d7769ad75655/B-p3_photo_loop,uuid:112e6617-89a4-4701-bca4-d7769ad75655/B-B4,uuid:112e6617-89a4-4701-bca4-d7769ad75655/B-p4_photo_loop,uuid:112e6617-89a4-4701-bca4-d7769ad75655/C-C1,3,uuid:112e6617-89a4-4701-bca4-d7769ad75655/C-p5_photo_loop,3,uuid:112e6617-89a4-4701-bca4-d7769ad75655/C-R,Yes,Yes,2 99,Poor road quality & Other,0.0,1.0,0.0,0.0,0.0,0.0,1.0,0.0,4,uuid:112e6617-89a4-4701-bca4-d7769ad75655/C-C9_branch_loop,uuid:112e6617-89a4-4701-bca4-d7769ad75655/C-p7_photo_loop,200,200,200.0,-99.0,40.0,80.0,80.0,80.0,-99.0,35.0,1,Must have a driver permit,1.0,0.0,0.0,0.0,0.0,0.0,0.0,0.0,0.0,,10.0,"First come, first serve on the day","First come, first serve on the day",,1 2 3 4 5 6 7,Chairperson & Vice Chairperson & Secretary & Treasurer & Welfare & Defence & Mobiliser,1.0,1.0,1.0,1.0,1.0,1.0,1.0,0.0,0.0,0.0,0.0,,No,No,,,,,,,,,,,,,,,,,,,,,,,,,,,,media/1725283400095.jpg,media/1725283412932.jpg,2407230723.0,uuid:112e6617-89a4-4701-bca4-d7769ad75655,2024-09-02 09:50:15,2024-09-02 08:45:05,2024-09-02 09:46:53,2024-09-02,Respondent_527896,51,Namasuba-DK-Kikajjo,64,Namasuba-DK-Kikajjo,Old Taxi Park,both
0F717E25-0542-496A-9B46-40D56DB59F40,,Apple|iPhone|17.5.1|SurveyCTO Collect 2.80 (274730),2959,,1.0,2.0,Ssembule-Pr.Tom Mutundwe,Usafi,Usafi,,1 3 10,Claire & Fatumah & Vivian,1.0,0.0,1.0,0.0,0.0,0.0,0.0,0.0,0.0,1.0,Ssembule-Pr.Tom Mutundwe Stage,Secretary,Secretary,,2004.0,1994.0,Founded by drivers who did not belong to an older stage,Founded by drivers who did not belong to an older stage,,,,,,,,,,,,,,,,,,,,media/1721822352560.jpg,2.0,2.0,4,media/1721822374230.jpg,4,uuid:c8e51357-b729-4744-bc02-834f9a00f7f6/B-B3,uuid:c8e51357-b729-4744-bc02-834f9a00f7f6/B-p3_photo_loop,,,uuid:c8e51357-b729-4744-bc02-834f9a00f7f6/C-C1,4,uuid:c8e51357-b729-4744-bc02-834f9a00f7f6/C-p5_photo_loop,4,uuid:c8e51357-b729-4744-bc02-834f9a00f7f6/C-R,Yes,Yes,3 6 99,Police presence & Drivers don’t want to go & Other,0.0,0.0,1.0,0.0,0.0,1.0,1.0,0.0,4,uuid:c8e51357-b729-4744-bc02-834f9a00f7f6/C-C9_branch_loop,uuid:c8e51357-b729-4744-bc02-834f9a00f7f6/C-p7_photo_loop,0,0,0.0,0.0,32.0,0.0,0.0,0.0,0.0,32.0,2,Must have been a conductor at the stage,0.0,1.0,0.0,0.0,0.0,0.0,0.0,0.0,0.0,,6.0,"First come, first serve on the day","First come, first serve on the day",,1 2 3 4 5 6 8 9,Chairperson & Vice Chairperson & Secretary & Treasurer & Welfare & Defence & Stage Master & Elder Advisor,1.0,1.0,1.0,1.0,1.0,1.0,0.0,1.0,1.0,0.0,0.0,,Yes,Yes,3.0,1 2 6 99,Be a driver & Have a permit/driving license & Need to have been at the stage for ____ years & Other,1.0,1.0,0.0,0.0,0.0,1.0,1.0,0.0,,10,Have a stage member ID,2 6 99,Have a permit/driving license & Need to have been at the stage for ____ years & Other,0.0,1.0,0.0,0.0,0.0,1.0,1.0,0.0,,10,Have a stage member ID,media/1721825054839.jpg,media/1721825060119.jpg,2407230723.0,uuid:c8e51357-b729-4744-bc02-834f9a00f7f6,2024-07-24 09:21:47,2024-07-24 07:21:10,2024-07-24 08:46:01,2024-07-24,Respondent_531686,3,Ssembule / Pastor Tom Mutundwe,3,Ssembule-Pr.Tom Mutundwe,Usafi,both
3e91b3bc962f0796,,TECNO|TECNO KI5k|12|SurveyCTO Collect 2.81.2 (3771098),1029,,1.0,94.0,Kyaliwajjala-Namugongo,Other,Other,Kireka taxi park,1 8,Claire & Rhoda,1.0,0.0,0.0,0.0,0.0,0.0,0.0,1.0,0.0,0.0,Kyaliwajjala-Namugongo Stage,Elder,Elder,,1996.0,1986.0,Founded by drivers who did not belong to an older stage,Founded by drivers who did not belong to an older stage,,,,,,,,,,,,,,,,,,,,media/1728128142622.jpg,1.0,0.0,1,media/1728035119383.jpg,1,uuid:3dcc73f7-748b-4c24-9c15-29871e57be14/B-B3,uuid:3dcc73f7-748b-4c24-9c15-29871e57be14/B-p3_photo_loop,,,uuid:3dcc73f7-748b-4c24-9c15-29871e57be14/C-C1,1,uuid:3dcc73f7-748b-4c24-9c15-29871e57be14/C-p5_photo_loop,1,uuid:3dcc73f7-748b-4c24-9c15-29871e57be14/C-R,No,No,,,,,,,,,,,1,,,150,200,100.0,80.0,100.0,50.0,150.0,90.0,50.0,50.0,1 7 99,Must have a driver permit & Must have previous work experience & Other,1.0,0.0,0.0,0.0,0.0,0.0,1.0,1.0,0.0,LC letter,10.0,"First come, first serve on the day","First come, first serve on the day",,8 9 99,Stage Master & Elder Advisor & Other,0.0,0.0,0.0,0.0,0.0,0.0,0.0,1.0,1.0,1.0,0.0,Chief Driver,Yes,Yes,5.0,99,Other,0.0,0.0,0.0,0.0,0.0,0.0,1.0,0.0,,,Must be a registered stage member,1 2 5 6,Be a driver & Have a permit/driving license & Must have a family & Need to have been at the stage for ____ years,1.0,1.0,0.0,0.0,1.0,1.0,0.0,0.0,,10,,media/1728035794040.jpg,media/1728035810515.jpg,2407230723.0,uuid:3dcc73f7-748b-4c24-9c15-29871e57be14,2024-10-05 07:40:57,2024-10-04 05:43:19,2024-10-05 07:38:27,2024-10-05,Respondent_425304,94,Kyaliwajjala-Namugongo,129,Kyaliwajjala-Namugongo,Kireka,both
e912dcc7bdab73f5,,Itel|itel A665L|13|SurveyCTO Collect 2.81.2 (3771098),1732,,1.0,40.0,Bweyogerere B,Old Taxi Park,Old Taxi Park,,3 4 10,Fatumah & Gerald & Vivian,0.0,0.0,1.0,1.0,0.0,0.0,0.0,0.0,0.0,1.0,Bweyogerere B Stage,Chairperson,Chairperson,,1999.0,1999.0,"Originated from an older stage, split off","Originated from an older stage, split off",,Bweyogerere A,Yes,Yes,8,Old Taxi Park,0.0,0.0,0.0,0.0,0.0,0.0,0.0,1.0,0.0,0.0,0.0,0.0,,media/1724323948964.jpg,1.0,0.0,1,media/1724323973107.jpg,1,uuid:834d5356-c70e-46bc-b2a0-51e378b5f366/B-B3,uuid:834d5356-c70e-46bc-b2a0-51e378b5f366/B-p3_photo_loop,,,uuid:834d5356-c70e-46bc-b2a0-51e378b5f366/C-C1,4,uuid:834d5356-c70e-46bc-b2a0-51e378b5f366/C-p5_photo_loop,4,uuid:834d5356-c70e-46bc-b2a0-51e378b5f366/C-R,Yes,Yes,1,Not enough passengers,1.0,0.0,0.0,0.0,0.0,0.0,0.0,0.0,1,,,100,180,180.0,40.0,100.0,41.0,100.0,100.0,30.0,41.0,1 99,Must have a driver permit & Other,1.0,0.0,0.0,0.0,0.0,0.0,0.0,1.0,0.0,"LC letter, National ID, Membership fee of 1million",15.0,"First come, first serve on the day","First come, first serve on the day",,1 2 3 4 5 6 99,Chairperson & Vice Chairperson & Secretary & Treasurer & Welfare & Defence & Other,1.0,1.0,1.0,1.0,1.0,1.0,0.0,0.0,0.0,1.0,0.0,"Deputy welfare, deputy defense",Yes,Yes,3.0,1 99,Be a driver & Other,1.0,0.0,0.0,0.0,0.0,0.0,1.0,0.0,,,Stage member ID,1 2 5 6,Be a driver & Have a permit/driving license & Must have a family & Need to have been at the stage for ____ years,1.0,1.0,0.0,0.0,1.0,1.0,0.0,0.0,,10,,media/1724325887164.jpg,media/1724325896449.jpg,2407230723.0,uuid:834d5356-c70e-46bc-b2a0-51e378b5f366,2024-08-22 07:26:41,2024-08-22 06:51:33,2024-08-22 07:25:32,2024-08-21,Respondent_176288,40,Bweyogerere B,42,Bweyogerere B- Kiwanga,Old Taxi Park,both
2aa80707e1ac7359,,TCL|T610K|13|SurveyCTO Collect 2.81.2 (3771098),2296,,2.0,22.0,Nateete - Wakaliga,Old Taxi Park,Old Taxi Park,,3 7 8,Fatumah & Olivia & Rhoda,0.0,0.0,1.0,0.0,0.0,0.0,1.0,1.0,0.0,0.0,Nateete - Wakaliga Stage,Branch Leader (but not one of the above),Branch Leader (but not one of the above),,2005.0,1980.0,"Originated from an older stage, split off","Originated from an older stage, split off",,Nateete -Kibuye-Ndeeba,No,No,,,,,,,,,,,,,,,,media/1725349578800.jpg,2.0,1.0,3,media/1725349621943.jpg,3,uuid:db519973-eaee-496e-ac5f-e1643204c5f7/B-B3,uuid:db519973-eaee-496e-ac5f-e1643204c5f7/B-p3_photo_loop,uuid:db519973-eaee-496e-ac5f-e1643204c5f7/B-B4,uuid:db519973-eaee-496e-ac5f-e1643204c5f7/B-p4_photo_loop,uuid:db519973-eaee-496e-ac5f-e1643204c5f7/C-C1,1,uuid:db519973-eaee-496e-ac5f-e1643204c5f7/C-p5_photo_loop,1,uuid:db519973-eaee-496e-ac5f-e1643204c5f7/C-R,Yes,Yes,4,Opposition from other stages,0.0,0.0,0.0,1.0,0.0,0.0,0.0,0.0,3,uuid:db519973-eaee-496e-ac5f-e1643204c5f7/C-C9_branch_loop,uuid:db519973-eaee-496e-ac5f-e1643204c5f7/C-p7_photo_loop,80,80,100.0,40.0,5.0,50.0,60.0,80.0,25.0,5.0,1 2 7 99,Must have a driver permit & Must have been a conductor at the stage & Must have previous work experience & Other,1.0,1.0,0.0,0.0,0.0,0.0,1.0,1.0,0.0,Good conduct,2.0,"First come, first serve on the day","First come, first serve on the day",,1 2 3 4 5 6 7 8 9,Chairperson & Vice Chairperson & Secretary & Treasurer & Welfare & Defence & Mobiliser & Stage Master & Elder Advisor,1.0,1.0,1.0,1.0,1.0,1.0,1.0,1.0,1.0,0.0,0.0,,No,No,,,,,,,,,,,,,,,,,,,,,,,,,,,,media/1725351091628.jpg,media/1725351107367.jpg,2407230723.0,uuid:db519973-eaee-496e-ac5f-e1643204c5f7,2024-09-03 04:29:20,2024-09-03 03:38:53,2024-09-03 04:28:22,2024-09-02,Respondent_59948,22,Nateete-Wakaliga,67,Nateete-Wakaliga,Old Taxi Park,both
ef8c3fa68e554f2a,,TECNO|TECNO KD6|10|SurveyCTO Collect 2.81.2 (3771098),8571,,1.0,30.0,Lukuli Nanganda konge,Old Taxi Park,Old Taxi Park,,3 4 10,Fatumah & Gerald & Vivian,0.0,0.0,1.0,1.0,0.0,0.0,0.0,0.0,0.0,1.0,Lukuli Nanganda konge Stage,Chairperson,Chairperson,,2011.0,2011.0,"Originated from an older stage, formed as a separate, independent stage by their","Originated from an older stage, formed as a separate, independent stage by their leaders",,Makindye,Yes,Yes,8,Old Taxi Park,0.0,0.0,0.0,0.0,0.0,0.0,0.0,1.0,0.0,0.0,0.0,0.0,,media/1724070465193.jpg,1.0,2.0,3,media/1724070502966.jpg,3,uuid:e91f9ec5-4e64-4bdb-b8f2-99798495f446/B-B3,uuid:e91f9ec5-4e64-4bdb-b8f2-99798495f446/B-p3_photo_loop,,,uuid:e91f9ec5-4e64-4bdb-b8f2-99798495f446/C-C1,3,uuid:e91f9ec5-4e64-4bdb-b8f2-99798495f446/C-p5_photo_loop,3,uuid:e91f9ec5-4e64-4bdb-b8f2-99798495f446/C-R,No,No,,,,,,,,,,,3,uuid:e91f9ec5-4e64-4bdb-b8f2-99798495f446/C-C9_branch_loop,uuid:e91f9ec5-4e64-4bdb-b8f2-99798495f446/C-p7_photo_loop,95,0,,,50.0,70.0,20.0,,,50.0,1 99,Must have a driver permit & Other,1.0,0.0,0.0,0.0,0.0,0.0,0.0,1.0,0.0,"Lc letter recommendation, pay member ship fee 100000",11.0,"First come, first serve on the day","First come, first serve on the day",,1 2 3 4 5 6 9,Chairperson & Vice Chairperson & Secretary & Treasurer & Welfare & Defence & Elder Advisor,1.0,1.0,1.0,1.0,1.0,1.0,0.0,0.0,1.0,0.0,0.0,,No,No,,,,,,,,,,,,,,,,,,,,,,,,,,,,media/1724125199837.jpg,media/1724125229908.jpg,2407230723.0,uuid:e91f9ec5-4e64-4bdb-b8f2-99798495f446,2024-08-20 03:14:56,2024-08-19 08:15:16,2024-08-20 03:07:12,2024-08-17,Respondent_650236,30,Lukuli Nanganda Konge,39,Lukuli Nanganda Konge,Old Taxi Park,both
e912dcc7bdab73f5,,Itel|itel A665L|13|SurveyCTO Collect 2.81.2 (3771098),973,,1.0,82.0,Masuliita stage,New Taxi Park,New Taxi Park,,4 5 9,Gerald & Joviah & Sumaiya,0.0,0.0,0.0,1.0,1.0,0.0,0.0,0.0,1.0,0.0,Masuliita stage  Stage,Branch Leader (but not one of the above),Branch Leader (but not one of the above),,2011.0,1994.0,"Originated from an older stage, split off","Originated from an older stage, split off",,Kakiri,Yes,Yes,5,Namirembe,0.0,0.0,0.0,0.0,1.0,0.0,0.0,0.0,0.0,0.0,0.0,0.0,,media/1727093344664.jpg,1.0,0.0,1,media/1727093374145.jpg,1,uuid:474bb46e-b537-4bf7-8889-bcea755b201f/B-B3,uuid:474bb46e-b537-4bf7-8889-bcea755b201f/B-p3_photo_loop,,,uuid:474bb46e-b537-4bf7-8889-bcea755b201f/C-C1,1,uuid:474bb46e-b537-4bf7-8889-bcea755b201f/C-p5_photo_loop,1,uuid:474bb46e-b537-4bf7-8889-bcea755b201f/C-R,No,No,,,,,,,,,,,1,,,40,42,35.0,20.0,19.0,19.0,13.0,12.0,10.0,19.0,1 2 7,Must have a driver permit & Must have been a conductor at the stage & Must have previous work experience,1.0,1.0,0.0,0.0,0.0,0.0,1.0,0.0,0.0,,2.0,Predetermined schedule before the day,Predetermined schedule before the day,,1 2 3 4 5 6,Chairperson & Vice Chairperson & Secretary & Treasurer & Welfare & Defence,1.0,1.0,1.0,1.0,1.0,1.0,0.0,0.0,0.0,0.0,0.0,,Yes,Yes,5.0,1 2,Be a driver & Have a permit/driving license,1.0,1.0,0.0,0.0,0.0,0.0,0.0,0.0,,,,1 2,Be a driver & Have a permit/driving license,1.0,1.0,0.0,0.0,0.0,0.0,0.0,0.0,,,,media/1727094154969.jpg,media/1727094170734.jpg,2407230723.0,uuid:474bb46e-b537-4bf7-8889-bcea755b201f,2024-09-23 08:28:53,2024-09-23 08:07:24,2024-09-23 08:23:38,2024-09-21,Respondent_11802,82,Masuliita,108,Masuliita,New Taxi Park,both
e912dcc7bdab73f5,,Itel|itel A665L|13|SurveyCTO Collect 2.81.2 (3771098),964,,1.0,64.0,Maya mpigi ngando bulo stage,Nateete,Nateete,,4 5 9,Gerald & Joviah & Sumaiya,0.0,0.0,0.0,1.0,1.0,0.0,0.0,0.0,1.0,0.0,Maya mpigi ngando bulo stage Stage,Elder,Elder,,2000.0,1993.0,"Originated from an older stage, formed as a separate, independent stage by their","Originated from an older stage, formed as a separate, independent stage by their leaders",,Kayabwe Gomba,Yes,Yes,7,New Taxi Park,0.0,0.0,0.0,0.0,0.0,0.0,1.0,0.0,0.0,0.0,0.0,0.0,,media/1726044017250.jpg,2.0,0.0,2,media/1726044042781.jpg,2,uuid:6c1a86f6-64e1-4171-b05d-31dd3be0de79/B-B3,uuid:6c1a86f6-64e1-4171-b05d-31dd3be0de79/B-p3_photo_loop,,,uuid:6c1a86f6-64e1-4171-b05d-31dd3be0de79/C-C1,1,uuid:6c1a86f6-64e1-4171-b05d-31dd3be0de79/C-p5_photo_loop,1,uuid:6c1a86f6-64e1-4171-b05d-31dd3be0de79/C-R,No,No,,,,,,,,,,,2,,,60,60,10.0,-99.0,35.0,45.0,45.0,10.0,-99.0,20.0,1 2,Must have a driver permit & Must have been a conductor at the stage,1.0,1.0,0.0,0.0,0.0,0.0,0.0,0.0,0.0,,5.0,Predetermined schedule before the day,Predetermined schedule before the day,,1 2 3 4 5 6 7 8 9,Chairperson & Vice Chairperson & Secretary & Treasurer & Welfare & Defence & Mobiliser & Stage Master & Elder Advisor,1.0,1.0,1.0,1.0,1.0,1.0,1.0,1.0,1.0,0.0,0.0,,No,No,,,,,,,,,,,,,,,,,,,,,,,,,,,,media/1726044750759.jpg,media/1726044762591.jpg,2407230723.0,uuid:6c1a86f6-64e1-4171-b05d-31dd3be0de79,2024-09-11 06:38:22,2024-09-11 04:38:12,2024-09-11 04:56:05,2024-09-11,Respondent_344997,64,Maya Mpigi Bulo,83,Maya Mpigi Bulo,Nateete,both
2aa80707e1ac7359,,TCL|T610K|13|SurveyCTO Collect 2.81.2 (3771098),1802,,1.0,45.0,Mukono B Coaster,Old Taxi Park,Old Taxi Park,,3 7 8,Fatumah & Olivia & Rhoda,0.0,0.0,1.0,0.0,0.0,0.0,1.0,1.0,0.0,0.0,Mukono B Coaster Stage,Secretary,Secretary,,2015.0,2007.0,Founded by drivers who did not belong to an older stage,Founded by drivers who did not belong to an older stage,,,,,,,,,,,,,,,,,,,,media/1724920599103.jpg,2.0,0.0,2,media/1724920625821.jpg,2,uuid:1a5506ce-7397-4618-91db-0cf9c9c8ddfa/B-B3,uuid:1a5506ce-7397-4618-91db-0cf9c9c8ddfa/B-p3_photo_loop,,,uuid:1a5506ce-7397-4618-91db-0cf9c9c8ddfa/C-C1,1,uuid:1a5506ce-7397-4618-91db-0cf9c9c8ddfa/C-p5_photo_loop,1,uuid:1a5506ce-7397-4618-91db-0cf9c9c8ddfa/C-R,No,No,,,,,,,,,,,2,,,120,150,-99.0,,50.0,100.0,100.0,-99.0,,50.0,1 2 7,Must have a driver permit & Must have been a conductor at the stage & Must have previous work experience,1.0,1.0,0.0,0.0,0.0,0.0,1.0,0.0,0.0,,30.0,Predetermined schedule before the day,Predetermined schedule before the day,,1 2 3 4 5 6 7 8 9,Chairperson & Vice Chairperson & Secretary & Treasurer & Welfare & Defence & Mobiliser & Stage Master & Elder Advisor,1.0,1.0,1.0,1.0,1.0,1.0,1.0,1.0,1.0,0.0,0.0,,Yes,Yes,4.0,99,Other,0.0,0.0,0.0,0.0,0.0,0.0,1.0,0.0,,,Must be a stage member with a membership card,1 2 4 6 99,Be a driver & Have a permit/driving license & No criminal record & Need to have been at the stage for ____ years & Other,1.0,1.0,0.0,1.0,0.0,1.0,1.0,0.0,,10,Must be a stage member,media/1724921645200.jpg,media/1724921670678.jpg,2407230723.0,uuid:1a5506ce-7397-4618-91db-0cf9c9c8ddfa,2024-08-29 05:08:39,2024-08-29 04:31:56,2024-08-29 05:07:38,2024-08-29,Respondent_744683,45,Mukono B Coaster,57,Mukono B Coaster,Old Taxi Park,both
3e91b3bc962f0796,,TECNO|TECNO KI5k|12|SurveyCTO Collect 2.81.2 (3771098),2359,,1.0,79.0,Mukono A,New Taxi Park,New Taxi Park,,1 3 7,Claire & Fatumah & Olivia,1.0,0.0,1.0,0.0,0.0,0.0,1.0,0.0,0.0,0.0,Mukono A Stage,Branch Leader (but not one of the above),Branch Leader (but not one of the above),,2014.0,1990.0,"Originated from an older stage, split off","Originated from an older stage, split off",,Mukono A,Yes,Yes,8,Old Taxi Park,0.0,0.0,0.0,0.0,0.0,0.0,0.0,1.0,0.0,0.0,0.0,0.0,,media/1726838450092.jpg,1.0,1.0,2,media/1726838472824.jpg,2,uuid:3da83e15-c68c-4413-9530-34139d4c5131/B-B3,uuid:3da83e15-c68c-4413-9530-34139d4c5131/B-p3_photo_loop,,,uuid:3da83e15-c68c-4413-9530-34139d4c5131/C-C1,2,uuid:3da83e15-c68c-4413-9530-34139d4c5131/C-p5_photo_loop,2,uuid:3da83e15-c68c-4413-9530-34139d4c5131/C-R,Yes,Yes,99,Other,0.0,0.0,0.0,0.0,0.0,0.0,1.0,0.0,2,uuid:3da83e15-c68c-4413-9530-34139d4c5131/C-C9_branch_loop,uuid:3da83e15-c68c-4413-9530-34139d4c5131/C-p7_photo_loop,40,40,29.0,-99.0,30.0,30.0,30.0,25.0,-99.0,30.0,1 2 7,Must have a driver permit & Must have been a conductor at the stage & Must have previous work experience,1.0,1.0,0.0,0.0,0.0,0.0,1.0,0.0,0.0,,12.0,"First come, first serve on the day","First come, first serve on the day",,1 2 3 4 5 6 7,Chairperson & Vice Chairperson & Secretary & Treasurer & Welfare & Defence & Mobiliser,1.0,1.0,1.0,1.0,1.0,1.0,1.0,0.0,0.0,0.0,0.0,,Yes,Yes,5.0,99,Other,0.0,0.0,0.0,0.0,0.0,0.0,1.0,0.0,,,Must be a registered stage member,1 2,Be a driver & Have a permit/driving license,1.0,1.0,0.0,0.0,0.0,0.0,0.0,0.0,,,,media/1726839891840.jpg,media/1726840120104.jpg,2407230723.0,uuid:3da83e15-c68c-4413-9530-34139d4c5131,2024-09-21 02:41:46,2024-09-20 09:17:46,2024-09-20 10:04:02,2024-09-19,Respondent_802115,79,Mukono A,103,Mukono A,New Taxi Park,both
665B1D11-2673-4244-885F-7BA73AF1E3C2,,Apple|iPhone|17.3.1|SurveyCTO Collect 2.80 (274730),1826,,1.0,93.0,Kira-Bulindo Stage,Other,Other,Kireka Park,7 10,Olivia & Vivian,0.0,0.0,0.0,0.0,0.0,0.0,1.0,0.0,0.0,1.0,Kira-Bulindo Stage Stage,Other,Other,Enforcement,1996.0,1990.0,Founded by drivers who did not belong to an older stage,Founded by drivers who did not belong to an older stage,,,,,,,,,,,,,,,,,,,,media/1728034388070.jpg,1.0,1.0,2,media/1728034410701.jpg,2,uuid:ba747850-fd90-4751-a5d0-3cdad8febb49/B-B3,uuid:ba747850-fd90-4751-a5d0-3cdad8febb49/B-p3_photo_loop,,,uuid:ba747850-fd90-4751-a5d0-3cdad8febb49/C-C1,1,uuid:ba747850-fd90-4751-a5d0-3cdad8febb49/C-p5_photo_loop,1,uuid:ba747850-fd90-4751-a5d0-3cdad8febb49/C-R,Yes,Yes,1 2,Not enough passengers & Poor road quality,1.0,1.0,0.0,0.0,0.0,0.0,0.0,0.0,2,uuid:ba747850-fd90-4751-a5d0-3cdad8febb49/C-C9_branch_loop,uuid:ba747850-fd90-4751-a5d0-3cdad8febb49/C-p7_photo_loop,70,60,40.0,40.0,50.0,36.0,40.0,33.0,30.0,36.0,1 99,Must have a driver permit & Other,1.0,0.0,0.0,0.0,0.0,0.0,0.0,1.0,0.0,L C Letter,10.0,"First come, first serve on the day","First come, first serve on the day",,5 6 99,Welfare & Defence & Other,0.0,0.0,0.0,0.0,1.0,1.0,0.0,0.0,0.0,1.0,0.0,Guide,Yes,Yes,5.0,99,Other,0.0,0.0,0.0,0.0,0.0,0.0,1.0,0.0,,,Stage membership card,1 2 6 99,Be a driver & Have a permit/driving license & Need to have been at the stage for ____ years & Other,1.0,1.0,0.0,0.0,0.0,1.0,1.0,0.0,,10,Must have a permanent home,media/1728036036861.jpg,media/1728036045073.jpg,2407230723.0,uuid:ba747850-fd90-4751-a5d0-3cdad8febb49,2024-10-05 06:56:54,2024-10-04 05:31:25,2024-10-05 06:53:33,2024-10-04,Respondent_784118,93,Kira-Bulindo,130,Kira-Bulindo,Kireka,both
665B1D11-2673-4244-885F-7BA73AF1E3C2,,Apple|iPhone|17.3.1|SurveyCTO Collect 2.80 (274730),2336,,1.0,79.0,Mukono A,New Taxi Park,New Taxi Park,,1 3 7,Claire & Fatumah & Olivia,1.0,0.0,1.0,0.0,0.0,0.0,1.0,0.0,0.0,0.0,Mukono A Stage,Secretary,Secretary,,2000.0,1995.0,"Originated from an older stage, split off","Originated from an older stage, split off",,Mukono A,Yes,Yes,8,Old Taxi Park,0.0,0.0,0.0,0.0,0.0,0.0,0.0,1.0,0.0,0.0,0.0,0.0,,media/1726838869031.jpg,1.0,1.0,2,media/1726838880530.jpg,2,uuid:b5dbfb8b-9199-4a4c-acf6-7669ca72588e/B-B3,uuid:b5dbfb8b-9199-4a4c-acf6-7669ca72588e/B-p3_photo_loop,,,uuid:b5dbfb8b-9199-4a4c-acf6-7669ca72588e/C-C1,2,uuid:b5dbfb8b-9199-4a4c-acf6-7669ca72588e/C-p5_photo_loop,2,uuid:b5dbfb8b-9199-4a4c-acf6-7669ca72588e/C-R,Yes,Yes,99,Other,0.0,0.0,0.0,0.0,0.0,0.0,1.0,0.0,2,uuid:b5dbfb8b-9199-4a4c-acf6-7669ca72588e/C-C9_branch_loop,uuid:b5dbfb8b-9199-4a4c-acf6-7669ca72588e/C-p7_photo_loop,40,-99,-99.0,-99.0,25.0,30.0,-99.0,-99.0,-99.0,20.0,1 2 7,Must have a driver permit & Must have been a conductor at the stage & Must have previous work experience,1.0,1.0,0.0,0.0,0.0,0.0,1.0,0.0,0.0,,-99.0,"First come, first serve on the day","First come, first serve on the day",,1 2 3 4 5 6 7,Chairperson & Vice Chairperson & Secretary & Treasurer & Welfare & Defence & Mobiliser,1.0,1.0,1.0,1.0,1.0,1.0,1.0,0.0,0.0,0.0,0.0,,Yes,Yes,5.0,99,Other,0.0,0.0,0.0,0.0,0.0,0.0,1.0,0.0,,,Must be a stage member,1 2 6,Be a driver & Have a permit/driving license & Need to have been at the stage for ____ years,1.0,1.0,0.0,0.0,0.0,1.0,0.0,0.0,,10,,media/1726840478017.jpg,media/1726840489067.jpg,2407230723.0,uuid:b5dbfb8b-9199-4a4c-acf6-7669ca72588e,2024-09-20 10:08:11,2024-09-20 09:25:23,2024-09-20 10:06:10,2024-09-20,Respondent_969396,79,Mukono A,103,Mukono A,New Taxi Park,both
2aa80707e1ac7359,,TCL|T610K|13|SurveyCTO Collect 2.81.2 (3771098),3233,,1.0,23.0,Mengo-Rubaga-Kosovo-Lusaze,Kisenyi/Gwanda,Kisenyi/Gwanda,,1 8,Claire & Rhoda,1.0,0.0,0.0,0.0,0.0,0.0,0.0,1.0,0.0,0.0,Mengo-Rubaga-Kosovo-Lusaze Stage,Chairperson,Chairperson,,1987.0,1947.0,Founded by drivers who did not belong to an older stage,Founded by drivers who did not belong to an older stage,,,,,,,,,,,,,,,,,,,,media/1723621136316.jpg,3.0,0.0,3,media/1723621171510.jpg,3,uuid:7caef5f4-0b91-4b36-925b-4f49cb98bbff/B-B3,uuid:7caef5f4-0b91-4b36-925b-4f49cb98bbff/B-p3_photo_loop,,,uuid:7caef5f4-0b91-4b36-925b-4f49cb98bbff/C-C1,2,uuid:7caef5f4-0b91-4b36-925b-4f49cb98bbff/C-p5_photo_loop,2,uuid:7caef5f4-0b91-4b36-925b-4f49cb98bbff/C-R,Yes,Yes,4,Opposition from other stages,0.0,0.0,0.0,1.0,0.0,0.0,0.0,0.0,3,,,250,300,260.0,200.0,20.0,70.0,80.0,70.0,60.0,15.0,1 2 4 7 99,Must have a driver permit & Must have been a conductor at the stage & Must be referred by an existing stage member & Must have previous work experience & Other,1.0,1.0,0.0,1.0,0.0,0.0,1.0,1.0,0.0,"LC letter, National ID",8.0,"First come, first serve on the day","First come, first serve on the day",,1 2 3 4 5 6 9,Chairperson & Vice Chairperson & Secretary & Treasurer & Welfare & Defence & Elder Advisor,1.0,1.0,1.0,1.0,1.0,1.0,0.0,0.0,1.0,0.0,0.0,,Yes,Yes,5.0,1 2 6 99,Be a driver & Have a permit/driving license & Need to have been at the stage for ____ years & Other,1.0,1.0,0.0,0.0,0.0,1.0,1.0,0.0,,10,Must be a stage member,1 2 4 6 99,Be a driver & Have a permit/driving license & No criminal record & Need to have been at the stage for ____ years & Other,1.0,1.0,0.0,1.0,0.0,1.0,1.0,0.0,,10,Must have a permanent home/ Residence  Must own a taxi Must have good conduct,media/1723623178700.jpg,media/1723625607918.jpg,2407230723.0,uuid:7caef5f4-0b91-4b36-925b-4f49cb98bbff,2024-08-14 04:54:07,2024-08-14 03:36:15,2024-08-14 04:53:41,2024-08-13,Respondent_892516,23,Mengo-Rubaga-Kosovo-Lusaze,31,Mengo-Rubaga-Kosovo-Lusaze,Kisenyi/Gwanda,both
2aa80707e1ac7359,,TCL|T610K|13|SurveyCTO Collect 2.81.2 (3771098),9718,,10.0,9.0,Nyanama,Kisenyi/Gwanda,Kisenyi/Gwanda,,3 5 8,Fatumah & Joviah & Rhoda,0.0,0.0,1.0,0.0,1.0,0.0,0.0,1.0,0.0,0.0,Nyanama Stage,Chairperson,Chairperson,,2005.0,1996.0,"Originated from an older stage, split off","Originated from an older stage, split off",,Ssembule-Ndeeba,Yes,Yes,3 6 7 8 9,Kisenyi/Gwanda & Nateete & New Taxi Park & Old Taxi Park & Usafi,0.0,0.0,1.0,0.0,0.0,1.0,1.0,1.0,1.0,0.0,0.0,0.0,,media/1722600474079.jpg,4.0,0.0,4,media/1722600514112.jpg,4,uuid:f7af7f7d-aa8b-4428-9e5c-8a38102c8dd0/B-B3,uuid:f7af7f7d-aa8b-4428-9e5c-8a38102c8dd0/B-p3_photo_loop,,,uuid:f7af7f7d-aa8b-4428-9e5c-8a38102c8dd0/C-C1,1,uuid:f7af7f7d-aa8b-4428-9e5c-8a38102c8dd0/C-p5_photo_loop,1,uuid:f7af7f7d-aa8b-4428-9e5c-8a38102c8dd0/C-R,No,No,,,,,,,,,,,4,,,0,0,0.0,0.0,70.0,0.0,0.0,0.0,0.0,50.0,1 2 7 99,Must have a driver permit & Must have been a conductor at the stage & Must have previous work experience & Other,1.0,1.0,0.0,0.0,0.0,0.0,1.0,1.0,0.0,Referees from former stage  Chairman's letter from former stage  National ID,0.0,"First come, first serve on the day","First come, first serve on the day",,1 2 3 4 5 6 7 8 9,Chairperson & Vice Chairperson & Secretary & Treasurer & Welfare & Defence & Mobiliser & Stage Master & Elder Advisor,1.0,1.0,1.0,1.0,1.0,1.0,1.0,1.0,1.0,0.0,0.0,,Yes,Yes,3.0,1 2,Be a driver & Have a permit/driving license,1.0,1.0,0.0,0.0,0.0,0.0,0.0,0.0,,,,1 2 3 4 5 6,Be a driver & Have a permit/driving license & Older than _____ & No criminal record & Must have a family & Need to have been at the stage for ____ years,1.0,1.0,1.0,1.0,1.0,1.0,0.0,0.0,18 years,3,,media/1722605091277.jpg,media/1722605118550.jpg,2407230723.0,uuid:f7af7f7d-aa8b-4428-9e5c-8a38102c8dd0,2024-08-07 02:33:11,2024-08-02 08:02:52,2024-08-07 02:32:59,2024-08-01,Respondent_816604,9,Nyanama,14,Nyanama,Kisenyi/Gwanda,both
ef8c3fa68e554f2a,,TECNO|TECNO KD6|10|SurveyCTO Collect 2.81.2 (3771098),3211,,3.0,3.0,Ssembuule-Pastor Tom -Mutundwe,Old Taxi Park,Old Taxi Park,,3 7 8,Fatumah & Olivia & Rhoda,0.0,0.0,1.0,0.0,0.0,0.0,1.0,1.0,0.0,0.0,Ssembuule-Pastor Tom -Mutundwe Stage,Other,Other,Vice Chairman,1999.0,1989.0,Founded by drivers who did not belong to an older stage,Founded by drivers who did not belong to an older stage,,,,,,,,,,,,,,,,,,,,media/1725086034316.jpg,4.0,0.0,4,media/1725086074479.jpg,4,uuid:28ffc57c-209f-4af1-a733-a813fbd8ee11/B-B3,uuid:28ffc57c-209f-4af1-a733-a813fbd8ee11/B-p3_photo_loop,,,uuid:28ffc57c-209f-4af1-a733-a813fbd8ee11/C-C1,4,uuid:28ffc57c-209f-4af1-a733-a813fbd8ee11/C-p5_photo_loop,4,uuid:28ffc57c-209f-4af1-a733-a813fbd8ee11/C-R,No,No,,,,,,,,,,,4,,,120,220,170.0,100.0,35.0,78.0,150.0,128.0,70.0,35.0,1 2 7 99,Must have a driver permit & Must have been a conductor at the stage & Must have previous work experience & Other,1.0,1.0,0.0,0.0,0.0,0.0,1.0,1.0,0.0,"Recommendation letter, entry fee of 1million",12.0,"First come, first serve on the day","First come, first serve on the day",,1 2 3 4 5 6 7,Chairperson & Vice Chairperson & Secretary & Treasurer & Welfare & Defence & Mobiliser,1.0,1.0,1.0,1.0,1.0,1.0,1.0,0.0,0.0,0.0,0.0,,Yes,Yes,3.0,99,Other,0.0,0.0,0.0,0.0,0.0,0.0,1.0,0.0,,,Must be a stage member with a stage ID,1 2 4 5 6,Be a driver & Have a permit/driving license & No criminal record & Must have a family & Need to have been at the stage for ____ years,1.0,1.0,0.0,1.0,1.0,1.0,0.0,0.0,,10,,media/1725088237209.jpg,media/1725088261022.jpg,2407230723.0,uuid:28ffc57c-209f-4af1-a733-a813fbd8ee11,2024-08-31 03:46:51,2024-08-31 02:32:14,2024-08-31 03:44:11,2024-08-29,Respondent_754589,3,Ndeeba-Kabuusu-Ssembuule-Pastor Tom-Mutundwe,62,Ndeeba-Kabuusu-Ssembuule-Pastor Tom-Mutundwe,Old Taxi Park,both
2aa80707e1ac7359,,TCL|T610K|13|SurveyCTO Collect 2.81.2 (3771098),3034,,1.0,11.0,"Kamwokya, Bukoto, Ntinda, Kisaasi",Kisenyi/Gwanda,Kisenyi/Gwanda,,3 5 8,Fatumah & Joviah & Rhoda,0.0,0.0,1.0,0.0,1.0,0.0,0.0,1.0,0.0,0.0,"Kamwokya, Bukoto, Ntinda, Kisaasi Stage",Elder,Elder,,1994.0,1970.0,Founded by drivers who did not belong to an older stage,Founded by drivers who did not belong to an older stage,,,,,,,,,,,,,,,,,,,,media/1723018772722.jpg,2.0,2.0,4,media/1723019056711.jpg,4,uuid:d5ffaedc-bb6e-41a4-beee-8fb328753393/B-B3,uuid:d5ffaedc-bb6e-41a4-beee-8fb328753393/B-p3_photo_loop,,,uuid:d5ffaedc-bb6e-41a4-beee-8fb328753393/C-C1,3,uuid:d5ffaedc-bb6e-41a4-beee-8fb328753393/C-p5_photo_loop,3,uuid:d5ffaedc-bb6e-41a4-beee-8fb328753393/C-R,Yes,Yes,99,Other,0.0,0.0,0.0,0.0,0.0,0.0,1.0,0.0,4,uuid:d5ffaedc-bb6e-41a4-beee-8fb328753393/C-C9_branch_loop,uuid:d5ffaedc-bb6e-41a4-beee-8fb328753393/C-p7_photo_loop,133,0,0.0,0.0,3.0,80.0,0.0,0.0,0.0,3.0,1 2 6 99,Must have a driver permit & Must have been a conductor at the stage & Must have some education & Other,1.0,1.0,0.0,0.0,0.0,1.0,0.0,1.0,0.0,"LC letter, Village citizen card, Membership card",3.0,"First come, first serve on the day","First come, first serve on the day",,1 2 3 4 5 6 7 8 9,Chairperson & Vice Chairperson & Secretary & Treasurer & Welfare & Defence & Mobiliser & Stage Master & Elder Advisor,1.0,1.0,1.0,1.0,1.0,1.0,1.0,1.0,1.0,0.0,0.0,,Yes,Yes,3.0,1 99,Be a driver & Other,1.0,0.0,0.0,0.0,0.0,0.0,1.0,0.0,,,Have a membership card,1 2 3 4 5,Be a driver & Have a permit/driving license & Older than _____ & No criminal record & Must have a family,1.0,1.0,1.0,1.0,1.0,0.0,0.0,0.0,30,,,media/1723021878728.jpg,media/1723021891297.jpg,2407230723.0,uuid:d5ffaedc-bb6e-41a4-beee-8fb328753393,2024-08-07 05:27:50,2024-08-07 04:17:22,2024-08-07 05:27:40,2024-08-02,Respondent_42585,11,Kamwokya ,16,"Kamwokya, Bukoto, Ntinda, Kisaasi",Kisenyi/Gwanda,both
357759081484347,,samsung|SM-G955U|9|SurveyCTO Collect 2.81.2 (3771098),2244,,1.0,44.0,Ntinda Kiwatule Najeera stage,Old Taxi Park,Old Taxi Park,,5 10,Joviah & Vivian,0.0,0.0,0.0,0.0,1.0,0.0,0.0,0.0,0.0,1.0,Ntinda Kiwatule Najeera stage Stage,Other,Other,Vice chairman,1990.0,1980.0,Founded by drivers who did not belong to an older stage,Founded by drivers who did not belong to an older stage,,,,,,,,,,,,,,,,,,,,media/1724924434141.jpg,1.0,1.0,2,media/1724924456642.jpg,2,uuid:1081b987-b8f8-49fc-9b96-ff27822d7f8d/B-B3,uuid:1081b987-b8f8-49fc-9b96-ff27822d7f8d/B-p3_photo_loop,,,uuid:1081b987-b8f8-49fc-9b96-ff27822d7f8d/C-C1,2,uuid:1081b987-b8f8-49fc-9b96-ff27822d7f8d/C-p5_photo_loop,2,uuid:1081b987-b8f8-49fc-9b96-ff27822d7f8d/C-R,No,No,,,,,,,,,,,2,uuid:1081b987-b8f8-49fc-9b96-ff27822d7f8d/C-C9_branch_loop,uuid:1081b987-b8f8-49fc-9b96-ff27822d7f8d/C-p7_photo_loop,40,-99,-99.0,20.0,30.0,30.0,-99.0,-99.0,15.0,30.0,1 2 4 7 99,Must have a driver permit & Must have been a conductor at the stage & Must be referred by an existing stage member & Must have previous work experience & Other,1.0,1.0,0.0,1.0,0.0,0.0,1.0,1.0,0.0,Be at the stage for 3 years,7.0,"First come, first serve on the day","First come, first serve on the day",,1 2 3 4 5 6 7 9,Chairperson & Vice Chairperson & Secretary & Treasurer & Welfare & Defence & Mobiliser & Elder Advisor,1.0,1.0,1.0,1.0,1.0,1.0,1.0,0.0,1.0,0.0,0.0,,No,No,,,,,,,,,,,,,,,,,,,,,,,,,,,,media/1724925611001.jpg,media/1724925622626.jpg,2407230723.0,uuid:1081b987-b8f8-49fc-9b96-ff27822d7f8d,2024-08-30 08:29:39,2024-08-29 05:38:38,2024-08-29 07:14:44,2024-08-29,Respondent_142725,44,Ntinda-Kiwatule-Najjera / Ntinda,59,Ntinda-Kiwatule-Najjera,Old Taxi Park,both
3e91b3bc962f0796,,TECNO|TECNO KI5k|12|SurveyCTO Collect 2.81.2 (3771098),3584,,1.0,12.0,Mukono-Lugazi,Kisenyi/Gwanda,Kisenyi/Gwanda,,1 9 10,Claire & Sumaiya & Vivian,1.0,0.0,0.0,0.0,0.0,0.0,0.0,0.0,1.0,1.0,Mukono-Lugazi Stage,Branch Leader (but not one of the above),Branch Leader (but not one of the above),,2018.0,2018.0,Founded by drivers who did not belong to an older stage,Founded by drivers who did not belong to an older stage,,,,,,,,,,,,,,,,,,,,media/1722797232527.jpg,1.0,1.0,2,media/1722797263255.jpg,2,uuid:bfa1bb3f-5f32-4d67-9fd5-e713aa517096/B-B3,uuid:bfa1bb3f-5f32-4d67-9fd5-e713aa517096/B-p3_photo_loop,uuid:bfa1bb3f-5f32-4d67-9fd5-e713aa517096/B-B4,uuid:bfa1bb3f-5f32-4d67-9fd5-e713aa517096/B-p4_photo_loop,uuid:bfa1bb3f-5f32-4d67-9fd5-e713aa517096/C-C1,1,uuid:bfa1bb3f-5f32-4d67-9fd5-e713aa517096/C-p5_photo_loop,1,uuid:bfa1bb3f-5f32-4d67-9fd5-e713aa517096/C-R,Yes,Yes,4,Opposition from other stages,0.0,0.0,0.0,1.0,0.0,0.0,0.0,0.0,2,uuid:bfa1bb3f-5f32-4d67-9fd5-e713aa517096/C-C9_branch_loop,uuid:bfa1bb3f-5f32-4d67-9fd5-e713aa517096/C-p7_photo_loop,12,15,,,8.0,8.0,15.0,,,8.0,1 7 99,Must have a driver permit & Must have previous work experience & Other,1.0,0.0,0.0,0.0,0.0,0.0,1.0,1.0,0.0,"Must be knowing the route/roads, Must be with a good conduct",0.0,Predetermined schedule before the day,Predetermined schedule before the day,,1 2 3 4 6 7 8 99,Chairperson & Vice Chairperson & Secretary & Treasurer & Defence & Mobiliser & Stage Master & Other,1.0,1.0,1.0,1.0,0.0,1.0,1.0,1.0,0.0,1.0,0.0,Publicity,No,No,,,,,,,,,,,,,,,,,,,,,,,,,,,,media/1722798314342.jpg,media/1722798335090.jpg,2407230723.0,uuid:bfa1bb3f-5f32-4d67-9fd5-e713aa517096,2024-08-07 06:39:56,2024-08-04 14:40:33,2024-08-07 06:35:59,2024-08-03,Respondent_974229,12,Mukono-Lugazi,18,Mukono-Lugazi,Kisenyi/Gwanda,both
0F717E25-0542-496A-9B46-40D56DB59F40,,Apple|iPhone|17.5.1|SurveyCTO Collect 2.80 (274730),71701,,1.0,25.0,Kasubi-Namungoona-Nansana,Kisenyi/Gwanda,Kisenyi/Gwanda,,3 4 10,Fatumah & Gerald & Vivian,0.0,0.0,1.0,1.0,0.0,0.0,0.0,0.0,0.0,1.0,Kasubi-Namungoona-Nansana Stage,Secretary,Secretary,,2007.0,2003.0,"Originated from an older stage, split off","Originated from an older stage, split off",,Kasubi-Nankulabye-Kawaala stage,Yes,Yes,5,Namirembe,0.0,0.0,0.0,0.0,1.0,0.0,0.0,0.0,0.0,0.0,0.0,0.0,,media/1723460037719.jpg,1.0,1.0,2,media/1723460123689.jpg,2,uuid:46d70a70-b939-42a7-b0fb-ceb6a262eb09/B-B3,uuid:46d70a70-b939-42a7-b0fb-ceb6a262eb09/B-p3_photo_loop,,,uuid:46d70a70-b939-42a7-b0fb-ceb6a262eb09/C-C1,4,uuid:46d70a70-b939-42a7-b0fb-ceb6a262eb09/C-p5_photo_loop,4,uuid:46d70a70-b939-42a7-b0fb-ceb6a262eb09/C-R,Yes,Yes,4,Opposition from other stages,0.0,0.0,0.0,1.0,0.0,0.0,0.0,0.0,2,uuid:46d70a70-b939-42a7-b0fb-ceb6a262eb09/C-C9_branch_loop,uuid:46d70a70-b939-42a7-b0fb-ceb6a262eb09/C-p7_photo_loop,100,75,35.0,,100.0,100.0,50.0,25.0,,70.0,1 99,Must have a driver permit & Other,1.0,0.0,0.0,0.0,0.0,0.0,0.0,1.0,0.0,"LC1 letter, National ID, passport photos, 500k, membership fee",20.0,"First come, first serve on the day","First come, first serve on the day",,1 3 4 6,Chairperson & Secretary & Treasurer & Defence,1.0,0.0,1.0,1.0,0.0,1.0,0.0,0.0,0.0,0.0,0.0,,No,No,,,,,,,,,,,,,,,,,,,,,,,,,,,,media/1723531491211.jpg,media/1723531503709.jpg,2407230723.0,uuid:46d70a70-b939-42a7-b0fb-ceb6a262eb09,2024-08-14 14:36:23,2024-08-12 06:51:55,2024-08-14 03:28:45,2024-08-12,Respondent_781231,25,Kasubi-Namungoona-Nansana-Wakiso / Kasubi-Namungoona-Nansana,29,Kasubi-Namungoona-Nansana-Wakiso / Kasubi-Namungoona-Nansana,Kisenyi/Gwanda,both
2aa80707e1ac7359,,TCL|T610K|13|SurveyCTO Collect 2.81.2 (3771098),6661,,3.0,2.0,Namasuba-Zana/Ndejje,Kisenyi/Gwanda,Kisenyi/Gwanda,,3 5 8,Fatumah & Joviah & Rhoda,0.0,0.0,1.0,0.0,1.0,0.0,0.0,1.0,0.0,0.0,Namasuba-Zana/Ndejje Stage,Other,Other,Vice chairman,2008.0,1991.0,Founded by drivers who did not belong to an older stage,Founded by drivers who did not belong to an older stage,,,,,,,,,,,,,,,,,,,,media/1722590292081.jpg,8.0,1.0,9,media/1722590334386.jpg,9,uuid:757a11da-9983-460a-8a8b-2350a88af5fd/B-B3,uuid:757a11da-9983-460a-8a8b-2350a88af5fd/B-p3_photo_loop,,,uuid:757a11da-9983-460a-8a8b-2350a88af5fd/C-C1,6,uuid:757a11da-9983-460a-8a8b-2350a88af5fd/C-p5_photo_loop,6,uuid:757a11da-9983-460a-8a8b-2350a88af5fd/C-R,Yes,Yes,2,Poor road quality,0.0,1.0,0.0,0.0,0.0,0.0,0.0,0.0,9,uuid:757a11da-9983-460a-8a8b-2350a88af5fd/C-C9_branch_loop,uuid:757a11da-9983-460a-8a8b-2350a88af5fd/C-p7_photo_loop,700,400,300.0,200.0,100.0,500.0,300.0,200.0,100.0,40.0,2 5 99,Must have been a conductor at the stage & Cannot have worked at another stage & Other,0.0,1.0,0.0,0.0,1.0,0.0,0.0,1.0,0.0,LC letter from respective village  National ID 2 passport photos,15.0,Predetermined schedule before the day,Predetermined schedule before the day,,1 2 3 4 5 6 7 8 9,Chairperson & Vice Chairperson & Secretary & Treasurer & Welfare & Defence & Mobiliser & Stage Master & Elder Advisor,1.0,1.0,1.0,1.0,1.0,1.0,1.0,1.0,1.0,0.0,0.0,,Yes,Yes,4.0,1 2 6,Be a driver & Have a permit/driving license & Need to have been at the stage for ____ years,1.0,1.0,0.0,0.0,0.0,1.0,0.0,0.0,,5,,1 2 4 5 6 99,Be a driver & Have a permit/driving license & No criminal record & Must have a family & Need to have been at the stage for ____ years & Other,1.0,1.0,0.0,1.0,1.0,1.0,1.0,0.0,,5,Disciplined (Morals),media/1722591780346.jpg,media/1722588201781.jpg,2407230723.0,uuid:757a11da-9983-460a-8a8b-2350a88af5fd,2024-08-05 06:00:03,2024-08-02 00:51:37,2024-08-05 05:59:41,2024-07-31,Respondent_845453,2,Ndejje,13,Namasuba-Zana / Ndejje,Kisenyi/Gwanda,both
3e91b3bc962f0796,,TECNO|TECNO KI5k|12|SurveyCTO Collect 2.81.2 (3771098),2207,,1.0,58.0,Kasanje-Nakawuka,Nateete,Nateete,,1 3 7,Claire & Fatumah & Olivia,1.0,0.0,1.0,0.0,0.0,0.0,1.0,0.0,0.0,0.0,Kasanje-Nakawuka Stage,Secretary,Secretary,,2000.0,2000.0,Founded by drivers who did not belong to an older stage,Founded by drivers who did not belong to an older stage,,,,,,,,,,,,,,,,,,,,media/1725700503006.jpg,1.0,0.0,1,media/1725700606990.jpg,1,uuid:269c5ed4-617a-4c6f-b3f9-e19a96d9d50e/B-B3,uuid:269c5ed4-617a-4c6f-b3f9-e19a96d9d50e/B-p3_photo_loop,,,uuid:269c5ed4-617a-4c6f-b3f9-e19a96d9d50e/C-C1,2,uuid:269c5ed4-617a-4c6f-b3f9-e19a96d9d50e/C-p5_photo_loop,2,uuid:269c5ed4-617a-4c6f-b3f9-e19a96d9d50e/C-R,Yes,Yes,2 4 99,Poor road quality & Opposition from other stages & Other,0.0,1.0,0.0,1.0,0.0,0.0,1.0,0.0,1,,,120,120,80.0,40.0,50.0,60.0,45.0,36.0,25.0,50.0,1 2 4 7 99,Must have a driver permit & Must have been a conductor at the stage & Must be referred by an existing stage member & Must have previous work experience & Other,1.0,1.0,0.0,1.0,0.0,0.0,1.0,1.0,0.0,Must have a recommendation letter from former workplace,14.0,Predetermined schedule before the day,Predetermined schedule before the day,,1 2 3 4 5 6 7 9 99,Chairperson & Vice Chairperson & Secretary & Treasurer & Welfare & Defence & Mobiliser & Elder Advisor & Other,1.0,1.0,1.0,1.0,1.0,1.0,1.0,0.0,1.0,1.0,0.0,Guide,Yes,Yes,5.0,1 2,Be a driver & Have a permit/driving license,1.0,1.0,0.0,0.0,0.0,0.0,0.0,0.0,,,,1 2 6 99,Be a driver & Have a permit/driving license & Need to have been at the stage for ____ years & Other,1.0,1.0,0.0,0.0,0.0,1.0,1.0,0.0,,20,Good conduct  Must be a registered stage member,media/1725702045092.jpg,media/1725702057951.jpg,2407230723.0,uuid:269c5ed4-617a-4c6f-b3f9-e19a96d9d50e,2024-09-07 05:55:55,2024-09-07 05:13:23,2024-09-07 05:50:31,2024-09-07,Respondent_938529,58,Kasanje-Nakawuka,76,Kasanje-Nakawuka,Nateete,both
3e91b3bc962f0796,,TECNO|TECNO KI5k|12|SurveyCTO Collect 2.81.2 (3771098),2952,,1.0,74.0,Busega-Lungujja-Kabale,New Taxi Park,New Taxi Park,,1 3 7,Claire & Fatumah & Olivia,1.0,0.0,1.0,0.0,0.0,0.0,1.0,0.0,0.0,0.0,Busega-Lungujja-Kabale Stage,Other,Other,Vice chairman,1990.0,1982.0,Founded by drivers who did not belong to an older stage,Founded by drivers who did not belong to an older stage,,,,,,,,,,,,,,,,,,,,media/1726654996636.jpg,1.0,2.0,3,media/1726655022873.jpg,3,uuid:17ffeefd-f212-4a68-b59d-4a93bb019599/B-B3,uuid:17ffeefd-f212-4a68-b59d-4a93bb019599/B-p3_photo_loop,,,uuid:17ffeefd-f212-4a68-b59d-4a93bb019599/C-C1,1,uuid:17ffeefd-f212-4a68-b59d-4a93bb019599/C-p5_photo_loop,1,uuid:17ffeefd-f212-4a68-b59d-4a93bb019599/C-R,Yes,Yes,1 2 4 6,Not enough passengers & Poor road quality & Opposition from other stages & Drivers don’t want to go,1.0,1.0,0.0,1.0,0.0,1.0,0.0,0.0,3,uuid:17ffeefd-f212-4a68-b59d-4a93bb019599/C-C9_branch_loop,uuid:17ffeefd-f212-4a68-b59d-4a93bb019599/C-p7_photo_loop,80,75,40.0,25.0,50.0,50.0,45.0,30.0,15.0,35.0,1 2 7,Must have a driver permit & Must have been a conductor at the stage & Must have previous work experience,1.0,1.0,0.0,0.0,0.0,0.0,1.0,0.0,0.0,,14.0,Predetermined schedule before the day,Predetermined schedule before the day,,1 2 3 4 5 6 7 9 99,Chairperson & Vice Chairperson & Secretary & Treasurer & Welfare & Defence & Mobiliser & Elder Advisor & Other,1.0,1.0,1.0,1.0,1.0,1.0,1.0,0.0,1.0,1.0,0.0,Guide,No,No,,,,,,,,,,,,,,,,,,,,,,,,,,,,media/1726660307567.jpg,media/1726660325858.jpg,2407230723.0,uuid:17ffeefd-f212-4a68-b59d-4a93bb019599,2024-09-18 09:22:40,2024-09-18 06:20:18,2024-09-18 09:08:56,2024-09-17,Respondent_101361,74,Busega-Lungujja-Kabale,99,Busega-Lungujja-Kabale,New Taxi Park,both
3e91b3bc962f0796,,TECNO|TECNO KI5k|12|SurveyCTO Collect 2.81.2 (3771098),1648,,1.0,62.0,Mulago-Mpererwe-Gayaza-Nakasajja,Nateete,Nateete,,1 3 7,Claire & Fatumah & Olivia,1.0,0.0,1.0,0.0,0.0,0.0,1.0,0.0,0.0,0.0,Mulago-Mpererwe-Gayaza-Nakasajja Stage,Elder,Elder,,2010.0,2010.0,"Originated from an older stage, split off","Originated from an older stage, split off",,Gayaza,Yes,Yes,7,New Taxi Park,0.0,0.0,0.0,0.0,0.0,0.0,1.0,0.0,0.0,0.0,0.0,0.0,,media/1725963676715.jpg,1.0,0.0,1,media/1725963708887.jpg,1,uuid:747bfc68-c89a-469f-9f1b-15518e95ac4d/B-B3,uuid:747bfc68-c89a-469f-9f1b-15518e95ac4d/B-p3_photo_loop,,,uuid:747bfc68-c89a-469f-9f1b-15518e95ac4d/C-C1,1,uuid:747bfc68-c89a-469f-9f1b-15518e95ac4d/C-p5_photo_loop,1,uuid:747bfc68-c89a-469f-9f1b-15518e95ac4d/C-R,Yes,Yes,1 2,Not enough passengers & Poor road quality,1.0,1.0,0.0,0.0,0.0,0.0,0.0,0.0,1,,,35,30,-99.0,,15.0,15.0,18.0,-99.0,,15.0,1 4 99,Must have a driver permit & Must be referred by an existing stage member & Other,1.0,0.0,0.0,1.0,0.0,0.0,0.0,1.0,0.0,LC letter  National ID,3.0,Predetermined schedule before the day,Predetermined schedule before the day,,1 2 3 4 5 6 7 9,Chairperson & Vice Chairperson & Secretary & Treasurer & Welfare & Defence & Mobiliser & Elder Advisor,1.0,1.0,1.0,1.0,1.0,1.0,1.0,0.0,1.0,0.0,0.0,,Yes,Yes,3.0,99,Other,0.0,0.0,0.0,0.0,0.0,0.0,1.0,0.0,,,Must be a registered stage member,1 2 4 6 99,Be a driver & Have a permit/driving license & No criminal record & Need to have been at the stage for ____ years & Other,1.0,1.0,0.0,1.0,0.0,1.0,1.0,0.0,,5,Good conduct,media/1725964823786.jpg,media/1725964839445.jpg,2407230723.0,uuid:747bfc68-c89a-469f-9f1b-15518e95ac4d,2024-09-10 08:59:10,2024-09-10 06:19:06,2024-09-10 06:50:05,2024-09-10,Respondent_913744,62,Mulago-Mpererwe-Gayaza-Nakasajja,81,Mulago-Mpererwe-Gayaza-Nakasajja,Nateete,both
665B1D11-2673-4244-885F-7BA73AF1E3C2,,Apple|iPhone|17.3.1|SurveyCTO Collect 2.80 (274730),4024,,1.0,81.0,Bweyogerere,New Taxi Park,New Taxi Park,,1 3 7,Claire & Fatumah & Olivia,1.0,0.0,1.0,0.0,0.0,0.0,1.0,0.0,0.0,0.0,Bweyogerere Stage,Secretary,Secretary,,2008.0,1990.0,"Originated from an older stage, split off","Originated from an older stage, split off",,Bweyogerere A,Yes,Yes,8,Old Taxi Park,0.0,0.0,0.0,0.0,0.0,0.0,0.0,1.0,0.0,0.0,0.0,0.0,,media/1726918004545.jpg,1.0,2.0,3,media/1726918021661.jpg,3,uuid:9484ab55-f6de-4ae6-bab5-e00e1c1c09a9/B-B3,uuid:9484ab55-f6de-4ae6-bab5-e00e1c1c09a9/B-p3_photo_loop,,,uuid:9484ab55-f6de-4ae6-bab5-e00e1c1c09a9/C-C1,4,uuid:9484ab55-f6de-4ae6-bab5-e00e1c1c09a9/C-p5_photo_loop,4,uuid:9484ab55-f6de-4ae6-bab5-e00e1c1c09a9/C-R,Yes,Yes,1 2 4,Not enough passengers & Poor road quality & Opposition from other stages,1.0,1.0,0.0,1.0,0.0,0.0,0.0,0.0,3,uuid:9484ab55-f6de-4ae6-bab5-e00e1c1c09a9/C-C9_branch_loop,uuid:9484ab55-f6de-4ae6-bab5-e00e1c1c09a9/C-p7_photo_loop,26,38,40.0,40.0,15.0,19.0,24.0,38.0,38.0,10.0,1 2 7,Must have a driver permit & Must have been a conductor at the stage & Must have previous work experience,1.0,1.0,0.0,0.0,0.0,0.0,1.0,0.0,0.0,,5.0,"First come, first serve on the day","First come, first serve on the day",,1 2 3 4 5 6,Chairperson & Vice Chairperson & Secretary & Treasurer & Welfare & Defence,1.0,1.0,1.0,1.0,1.0,1.0,0.0,0.0,0.0,0.0,0.0,,Yes,Yes,3.0,99,Other,0.0,0.0,0.0,0.0,0.0,0.0,1.0,0.0,,,Must be a registered stage member,1 2 6,Be a driver & Have a permit/driving license & Need to have been at the stage for ____ years,1.0,1.0,0.0,0.0,0.0,1.0,0.0,0.0,,10,,media/1726921020382.jpg,media/1726921029565.jpg,2407230723.0,uuid:9484ab55-f6de-4ae6-bab5-e00e1c1c09a9,2024-09-21 10:45:59,2024-09-21 07:21:17,2024-09-21 08:29:11,2024-09-20,Respondent_170224,81,Bweyogerere,105,Bweyogerere,New Taxi Park,both
3e91b3bc962f0796,,TECNO|TECNO KI5k|12|SurveyCTO Collect 2.81.2 (3771098),5198,,1.0,33.0,Makerere-Kikoni,Old Taxi Park,Old Taxi Park,,1 8,Claire & Rhoda,1.0,0.0,0.0,0.0,0.0,0.0,0.0,1.0,0.0,0.0,Makerere-Kikoni Stage,Chairperson,Chairperson,,1997.0,1980.0,Founded by drivers who did not belong to an older stage,Founded by drivers who did not belong to an older stage,,,,,,,,,,,,,,,,,,,,media/1723887810335.jpg,1.0,1.0,2,media/1724053442690.jpg,2,uuid:dd1ae379-f397-4098-abb8-f3de3e33b39f/B-B3,uuid:dd1ae379-f397-4098-abb8-f3de3e33b39f/B-p3_photo_loop,uuid:dd1ae379-f397-4098-abb8-f3de3e33b39f/B-B4,uuid:dd1ae379-f397-4098-abb8-f3de3e33b39f/B-p4_photo_loop,uuid:dd1ae379-f397-4098-abb8-f3de3e33b39f/C-C1,3,uuid:dd1ae379-f397-4098-abb8-f3de3e33b39f/C-p5_photo_loop,3,uuid:dd1ae379-f397-4098-abb8-f3de3e33b39f/C-R,No,No,,,,,,,,,,,2,uuid:dd1ae379-f397-4098-abb8-f3de3e33b39f/C-C9_branch_loop,uuid:dd1ae379-f397-4098-abb8-f3de3e33b39f/C-p7_photo_loop,40,100,100.0,80.0,20.0,21.0,50.0,50.0,60.0,21.0,1 2 7 99,Must have a driver permit & Must have been a conductor at the stage & Must have previous work experience & Other,1.0,1.0,0.0,0.0,0.0,0.0,1.0,1.0,0.0,"LC Letter  Membership fee - 400,000",10.0,"First come, first serve on the day","First come, first serve on the day",,1 2 3 4 5 6 9 99,Chairperson & Vice Chairperson & Secretary & Treasurer & Welfare & Defence & Elder Advisor & Other,1.0,1.0,1.0,1.0,1.0,1.0,0.0,0.0,1.0,1.0,0.0,Guide,Yes,Yes,3.0,1 99,Be a driver & Other,1.0,0.0,0.0,0.0,0.0,0.0,1.0,0.0,,,Stage member,1 2 4 6 99,Be a driver & Have a permit/driving license & No criminal record & Need to have been at the stage for ____ years & Other,1.0,1.0,0.0,1.0,0.0,1.0,1.0,0.0,,10,"National ID  Nomination fee - 100,000 A secretary must have completed at least s.6",media/1724057355151.jpg,media/1724057369782.jpg,2407230723.0,uuid:dd1ae379-f397-4098-abb8-f3de3e33b39f,2024-08-19 05:45:10,2024-08-17 05:41:12,2024-08-19 05:04:30,2024-08-16,Respondent_949071,33,Makerere / Makerere-Kikoni,36,Makerere-Kikoni,Old Taxi Park,both
353309090902287,,samsung|SM-G960U|9|SurveyCTO Collect 2.81.2 (3771098),5208,,1.0,13.0,Kyaliwajala Namugongo,Kisenyi/Gwanda,Kisenyi/Gwanda,,1 9 10,Claire & Sumaiya & Vivian,1.0,0.0,0.0,0.0,0.0,0.0,0.0,0.0,1.0,1.0,Kyaliwajala Namugongo Stage,Elder,Elder,,1996.0,1984.0,Founded by drivers who did not belong to an older stage,Founded by drivers who did not belong to an older stage,,,,,,,,,,,,,,,,,,,,media/1722842022498.jpg,4.0,0.0,4,media/1722590933839.jpg,4,uuid:afa3da1e-1df0-46bf-b565-a01991f1d65a/B-B3,uuid:afa3da1e-1df0-46bf-b565-a01991f1d65a/B-p3_photo_loop,,,uuid:afa3da1e-1df0-46bf-b565-a01991f1d65a/C-C1,5,uuid:afa3da1e-1df0-46bf-b565-a01991f1d65a/C-p5_photo_loop,5,uuid:afa3da1e-1df0-46bf-b565-a01991f1d65a/C-R,Yes,Yes,99,Other,0.0,0.0,0.0,0.0,0.0,0.0,1.0,0.0,4,,,73,60,45.0,30.0,15.0,53.0,45.0,50.0,40.0,15.0,1 99,Must have a driver permit & Other,1.0,0.0,0.0,0.0,0.0,0.0,0.0,1.0,0.0,Drives for one year before becoming a member,0.0,Predetermined schedule before the day,Predetermined schedule before the day,,1 2 3 4 5 6 7 8 99,Chairperson & Vice Chairperson & Secretary & Treasurer & Welfare & Defence & Mobiliser & Stage Master & Other,1.0,1.0,1.0,1.0,1.0,1.0,1.0,1.0,0.0,1.0,0.0,"Publicity, guide",Yes,Yes,4.0,1 2 99,Be a driver & Have a permit/driving license & Other,1.0,1.0,0.0,0.0,0.0,0.0,1.0,0.0,,,Stage member,1 2 4 6,Be a driver & Have a permit/driving license & No criminal record & Need to have been at the stage for ____ years,1.0,1.0,0.0,1.0,0.0,1.0,0.0,0.0,,3,,media/1722777739834.jpg,media/1722777756019.jpg,2407230723.0,uuid:afa3da1e-1df0-46bf-b565-a01991f1d65a,2024-08-07 06:25:19,2024-08-02 05:25:39,2024-08-07 06:23:42,2024-08-02,Respondent_502143,13,Namugongo,17,Kyaliwajala Namugongo,Kisenyi/Gwanda,both
357759081484347,,samsung|SM-G955U|9|SurveyCTO Collect 2.81.2 (3771098),1013,,1.0,98.0,Ndejje stage,Bwaise,Bwaise,,4 5 9,Gerald & Joviah & Sumaiya,0.0,0.0,0.0,1.0,1.0,0.0,0.0,0.0,1.0,0.0,Ndejje stage Stage,Branch Leader (but not one of the above),Branch Leader (but not one of the above),,2023.0,2023.0,"Originated from an older stage, formed as a separate, independent stage by their","Originated from an older stage, formed as a separate, independent stage by their leaders",,Luweero,Yes,Yes,4,Namayiba,0.0,0.0,0.0,1.0,0.0,0.0,0.0,0.0,0.0,0.0,0.0,0.0,,media/1728555346756.jpg,1.0,0.0,1,media/1728555408710.jpg,1,uuid:c46739f8-6c9c-4116-a160-d5cfb51bb3a9/B-B3,uuid:c46739f8-6c9c-4116-a160-d5cfb51bb3a9/B-p3_photo_loop,,,uuid:c46739f8-6c9c-4116-a160-d5cfb51bb3a9/C-C1,1,uuid:c46739f8-6c9c-4116-a160-d5cfb51bb3a9/C-p5_photo_loop,1,uuid:c46739f8-6c9c-4116-a160-d5cfb51bb3a9/C-R,No,No,,,,,,,,,,,1,,,10,,,,6.0,10.0,,,,6.0,1,Must have a driver permit,1.0,0.0,0.0,0.0,0.0,0.0,0.0,0.0,0.0,,2.0,Predetermined schedule before the day,Predetermined schedule before the day,,1 2 3 4 5 6 7 8 9,Chairperson & Vice Chairperson & Secretary & Treasurer & Welfare & Defence & Mobiliser & Stage Master & Elder Advisor,1.0,1.0,1.0,1.0,1.0,1.0,1.0,1.0,1.0,0.0,0.0,,Yes,Yes,5.0,6 99,Need to have been at the stage for ____ years & Other,0.0,0.0,0.0,0.0,0.0,1.0,1.0,0.0,,5,Member of stage,1 2 6 99,Be a driver & Have a permit/driving license & Need to have been at the stage for ____ years & Other,1.0,1.0,0.0,0.0,0.0,1.0,1.0,0.0,,5,Must have a vehicle Educated with S4 certificate,media/1728556246773.jpg,media/1728556255523.jpg,2407230723.0,uuid:c46739f8-6c9c-4116-a160-d5cfb51bb3a9,2024-10-10 06:31:29,2024-10-10 06:14:11,2024-10-10 06:31:04,2024-10-10,Respondent_336852,98,Ndejje,137,Ndejje,Bwaise,both
0F717E25-0542-496A-9B46-40D56DB59F40,,Apple|iPhone|17.5.1|SurveyCTO Collect 2.80 (274730),2631,,5.0,5.0,Busabaala,Usafi,Usafi,,1 3 10,Claire & Fatumah & Vivian,1.0,0.0,1.0,0.0,0.0,0.0,0.0,0.0,0.0,1.0,Busabaala Stage,Elder,Elder,,1980.0,1980.0,Founded by drivers who did not belong to an older stage,Founded by drivers who did not belong to an older stage,,,,,,,,,,,,,,,,,,,,media/1721959418254.jpg,6.0,0.0,6,media/1721959454454.jpg,6,uuid:8c7c1d73-fec2-4c4b-8e27-ba0b340e8e82/B-B3,uuid:8c7c1d73-fec2-4c4b-8e27-ba0b340e8e82/B-p3_photo_loop,,,uuid:8c7c1d73-fec2-4c4b-8e27-ba0b340e8e82/C-C1,5,uuid:8c7c1d73-fec2-4c4b-8e27-ba0b340e8e82/C-p5_photo_loop,5,uuid:8c7c1d73-fec2-4c4b-8e27-ba0b340e8e82/C-R,Yes,Yes,1 2 4,Not enough passengers & Poor road quality & Opposition from other stages,1.0,1.0,0.0,1.0,0.0,0.0,0.0,0.0,6,,,0,0,0.0,0.0,50.0,0.0,0.0,0.0,0.0,38.0,1 2 3 4 99,Must have a driver permit & Must have been a conductor at the stage & Must be a friend or relative of existing stage member & Must be referred by an existing stage member & Other,1.0,1.0,1.0,1.0,0.0,0.0,0.0,1.0,0.0,"LC1 Letter, recommendation letter from former stage",12.0,"First come, first serve on the day","First come, first serve on the day",,1 2 3 4 5 6 7 8 99,Chairperson & Vice Chairperson & Secretary & Treasurer & Welfare & Defence & Mobiliser & Stage Master & Other,1.0,1.0,1.0,1.0,1.0,1.0,1.0,1.0,0.0,1.0,0.0,Committee advisors,Yes,Yes,4.0,99,Other,0.0,0.0,0.0,0.0,0.0,0.0,1.0,0.0,,,Registered stage member,99,Other,0.0,0.0,0.0,0.0,0.0,0.0,1.0,0.0,,,Registered stage member,media/1721961868786.jpg,media/1721961882562.jpg,2407230723.0,uuid:8c7c1d73-fec2-4c4b-8e27-ba0b340e8e82,2024-07-26 13:49:57,2024-07-25 22:02:10,2024-07-26 13:45:12,2024-07-22,Respondent_888130,5,Busabaala,5,Busabaala,Usafi,both
3e91b3bc962f0796,,TECNO|TECNO KI5k|12|SurveyCTO Collect 2.81.2 (3771098),1868,,1.0,19.0,Salaama-Munyonyo,Kisenyi/Gwanda,Kisenyi/Gwanda,,1 8,Claire & Rhoda,1.0,0.0,0.0,0.0,0.0,0.0,0.0,1.0,0.0,0.0,Salaama-Munyonyo Stage,Elder,Elder,,2013.0,2013.0,"Originated from an older stage, split off","Originated from an older stage, split off",,Salaama-Munyonyo,Yes,Yes,8,Old Taxi Park,0.0,0.0,0.0,0.0,0.0,0.0,0.0,1.0,0.0,0.0,0.0,0.0,,media/1723283818443.jpg,1.0,1.0,2,media/1723283937466.jpg,2,uuid:1c444bfa-40fe-430b-8d00-baf8dbc970d3/B-B3,uuid:1c444bfa-40fe-430b-8d00-baf8dbc970d3/B-p3_photo_loop,uuid:1c444bfa-40fe-430b-8d00-baf8dbc970d3/B-B4,uuid:1c444bfa-40fe-430b-8d00-baf8dbc970d3/B-p4_photo_loop,uuid:1c444bfa-40fe-430b-8d00-baf8dbc970d3/C-C1,1,uuid:1c444bfa-40fe-430b-8d00-baf8dbc970d3/C-p5_photo_loop,1,uuid:1c444bfa-40fe-430b-8d00-baf8dbc970d3/C-R,Yes,Yes,6,Drivers don’t want to go,0.0,0.0,0.0,0.0,0.0,1.0,0.0,0.0,2,uuid:1c444bfa-40fe-430b-8d00-baf8dbc970d3/C-C9_branch_loop,uuid:1c444bfa-40fe-430b-8d00-baf8dbc970d3/C-p7_photo_loop,30,40,,,30.0,30.0,35.0,,,25.0,1 2 99,Must have a driver permit & Must have been a conductor at the stage & Other,1.0,1.0,0.0,0.0,0.0,0.0,0.0,1.0,0.0,Must be a stage member,8.0,"First come, first serve on the day","First come, first serve on the day",,2 3 5 6 9 99,Vice Chairperson & Secretary & Welfare & Defence & Elder Advisor & Other,0.0,1.0,1.0,0.0,1.0,1.0,0.0,0.0,1.0,1.0,0.0,Guide,No,No,,,,,,,,,,,,,,,,,,,,,,,,,,,,media/1723284964413.jpg,media/1723284979674.jpg,2407230723.0,uuid:1c444bfa-40fe-430b-8d00-baf8dbc970d3,2024-08-10 11:41:13,2024-08-10 05:54:05,2024-08-10 06:26:03,2024-08-10,Respondent_171581,19,Salaama-Munyonyo,26,Salaama-Munyonyo,Kisenyi/Gwanda,both
2aa80707e1ac7359,,TCL|T610K|13|SurveyCTO Collect 2.81.2 (3771098),7515,,3.0,2.0,Namasuba-Zana/Ndejje,Kisenyi/Gwanda,Kisenyi/Gwanda,,3 5 8,Fatumah & Joviah & Rhoda,0.0,0.0,1.0,0.0,1.0,0.0,0.0,1.0,0.0,0.0,Namasuba-Zana/Ndejje Stage,Elder,Elder,,2001.0,1996.0,"Originated from an older stage, formed as a separate, independent stage by their","Originated from an older stage, formed as a separate, independent stage by their leaders",,Namasuba zana,Yes,Yes,8,Old Taxi Park,0.0,0.0,0.0,0.0,0.0,0.0,0.0,1.0,0.0,0.0,0.0,0.0,,media/1722498887503.jpg,8.0,1.0,9,media/1722592266256.jpg,9,uuid:e3a00162-6603-486c-9ec4-ddd3cffc0168/B-B3,uuid:e3a00162-6603-486c-9ec4-ddd3cffc0168/B-p3_photo_loop,,uuid:e3a00162-6603-486c-9ec4-ddd3cffc0168/B-p4_photo_loop,uuid:e3a00162-6603-486c-9ec4-ddd3cffc0168/C-C1,4,uuid:e3a00162-6603-486c-9ec4-ddd3cffc0168/C-p5_photo_loop,4,uuid:e3a00162-6603-486c-9ec4-ddd3cffc0168/C-R,No,No,,,,,,,,,,,9,uuid:e3a00162-6603-486c-9ec4-ddd3cffc0168/C-C9_branch_loop,uuid:e3a00162-6603-486c-9ec4-ddd3cffc0168/C-p7_photo_loop,2000,1800,700.0,600.0,150.0,600.0,0.0,0.0,0.0,60.0,1 2 99,Must have a driver permit & Must have been a conductor at the stage & Other,1.0,1.0,0.0,0.0,0.0,0.0,0.0,1.0,0.0,Referees,10.0,Predetermined schedule before the day,Predetermined schedule before the day,,1 2 3 4 5 6 9,Chairperson & Vice Chairperson & Secretary & Treasurer & Welfare & Defence & Elder Advisor,1.0,1.0,1.0,1.0,1.0,1.0,0.0,0.0,1.0,0.0,0.0,,Yes,Yes,5.0,1 2 5 6,Be a driver & Have a permit/driving license & Must have a family & Need to have been at the stage for ____ years,1.0,1.0,0.0,0.0,1.0,1.0,0.0,0.0,,7,,1 2 4 5 6,Be a driver & Have a permit/driving license & No criminal record & Must have a family & Need to have been at the stage for ____ years,1.0,1.0,0.0,1.0,1.0,1.0,0.0,0.0,,7,,media/1722512644597.jpg,media/1722512679171.jpg,2407230723.0,uuid:e3a00162-6603-486c-9ec4-ddd3cffc0168,2024-08-05 05:41:28,2024-08-01 03:48:32,2024-08-05 05:41:07,2024-07-31,Respondent_850285,2,Ndejje,13,Namasuba-Zana / Ndejje,Kisenyi/Gwanda,both
665B1D11-2673-4244-885F-7BA73AF1E3C2,,Apple|iPhone|17.3.1|SurveyCTO Collect 2.80 (274730),4470,,1.0,24.0,Kasanje Nakawuka,Kisenyi/Gwanda,Kisenyi/Gwanda,,5 7 9,Joviah & Olivia & Sumaiya,0.0,0.0,0.0,0.0,1.0,0.0,1.0,0.0,1.0,0.0,Kasanje Nakawuka Stage,Other,Other,Vice Chairperson,2015.0,1992.0,"Originated from an older stage, split off","Originated from an older stage, split off",,Nateete,Yes,Yes,6,Nateete,0.0,0.0,0.0,0.0,0.0,1.0,0.0,0.0,0.0,0.0,0.0,0.0,,media/1723624573471.jpg,2.0,0.0,2,media/1723626071184.jpg,2,uuid:02a14710-bf5a-450e-947e-6a28d92a8ab7/B-B3,uuid:02a14710-bf5a-450e-947e-6a28d92a8ab7/B-p3_photo_loop,,,uuid:02a14710-bf5a-450e-947e-6a28d92a8ab7/C-C1,2,uuid:02a14710-bf5a-450e-947e-6a28d92a8ab7/C-p5_photo_loop,2,uuid:02a14710-bf5a-450e-947e-6a28d92a8ab7/C-R,No,No,,,,,,,,,,,2,,,50,45,40.0,0.0,30.0,40.0,20.0,23.0,0.0,35.0,1 2 7,Must have a driver permit & Must have been a conductor at the stage & Must have previous work experience,1.0,1.0,0.0,0.0,0.0,0.0,1.0,0.0,0.0,,8.0,Predetermined schedule before the day,Predetermined schedule before the day,,1 2 3 4 5 6 7 8,Chairperson & Vice Chairperson & Secretary & Treasurer & Welfare & Defence & Mobiliser & Stage Master,1.0,1.0,1.0,1.0,1.0,1.0,1.0,1.0,0.0,0.0,0.0,,Yes,Yes,5.0,1 2 4 6,Be a driver & Have a permit/driving license & No criminal record & Need to have been at the stage for ____ years,1.0,1.0,0.0,1.0,0.0,1.0,0.0,0.0,,5,,1 2 4 6,Be a driver & Have a permit/driving license & No criminal record & Need to have been at the stage for ____ years,1.0,1.0,0.0,1.0,0.0,1.0,0.0,0.0,,5,,media/1723626328443.jpg,media/1723626341408.jpg,2407230723.0,uuid:02a14710-bf5a-450e-947e-6a28d92a8ab7,2024-08-14 07:44:45,2024-08-13 21:43:40,2024-08-14 05:06:29,2024-08-12,Respondent_760711,24,Kasanje-Nakawuka,32,Kasanje-Nakawuka,Kisenyi/Gwanda,both
866510040140122,,KXD|D58|9|SurveyCTO Collect 2.81.2 (3771098),3373,,1.0,26.0,Kawempe-Bwaise,Kisenyi/Gwanda,Kisenyi/Gwanda,,3 4 10,Fatumah & Gerald & Vivian,0.0,0.0,1.0,1.0,0.0,0.0,0.0,0.0,0.0,1.0,Kawempe-Bwaise Stage,Elder,Elder,,1990.0,1990.0,Founded by drivers who did not belong to an older stage,Founded by drivers who did not belong to an older stage,,,,,,,,,,,,,,,,,,,,media/1723283998856.jpg,2.0,0.0,2,media/1723284075289.jpg,2,uuid:7cf4a77d-37c1-439d-84ce-d2a216c3a7c3/B-B3,uuid:7cf4a77d-37c1-439d-84ce-d2a216c3a7c3/B-p3_photo_loop,,,uuid:7cf4a77d-37c1-439d-84ce-d2a216c3a7c3/C-C1,1,uuid:7cf4a77d-37c1-439d-84ce-d2a216c3a7c3/C-p5_photo_loop,1,uuid:7cf4a77d-37c1-439d-84ce-d2a216c3a7c3/C-R,No,No,,,,,,,,,,,2,,uuid:7cf4a77d-37c1-439d-84ce-d2a216c3a7c3/C-p7_photo_loop,60,80,70.0,70.0,8.0,100.0,0.0,0.0,0.0,8.0,3 4 99,Must be a friend or relative of existing stage member & Must be referred by an existing stage member & Other,0.0,0.0,1.0,1.0,0.0,0.0,0.0,1.0,0.0,"LC letter, National Identity card, recommendation from previous stage",5.0,"First come, first serve on the day","First come, first serve on the day",,1 2 3 4 5 6 8,Chairperson & Vice Chairperson & Secretary & Treasurer & Welfare & Defence & Stage Master,1.0,1.0,1.0,1.0,1.0,1.0,0.0,1.0,0.0,0.0,0.0,,No,No,,,,,,,,,,,,,,,,,,,,,,,,,,,,media/1723286044521.jpg,media/1723286092486.jpg,2407230723.0,uuid:7cf4a77d-37c1-439d-84ce-d2a216c3a7c3,2024-08-14 03:50:46,2024-08-10 05:55:25,2024-08-14 03:27:01,2024-08-10,Respondent_86299,26,Kawempe,30,Kawempe-Bwaise,Kisenyi/Gwanda,both
665B1D11-2673-4244-885F-7BA73AF1E3C2,,Apple|iPhone|17.3.1|SurveyCTO Collect 2.80 (274730),4028,,16.0,3.0,Ssembuule-Wankulukuku,Kisenyi/Gwanda,Kisenyi/Gwanda,,5 7 9,Joviah & Olivia & Sumaiya,0.0,0.0,0.0,0.0,1.0,0.0,1.0,0.0,1.0,0.0,Ssembuule-Wankulukuku Stage,Elder,Elder,,2011.0,1990.0,Founded by drivers who did not belong to an older stage,Founded by drivers who did not belong to an older stage,,,,,,,,,,,,,,,,,,,,media/1723216159263.jpg,4.0,1.0,5,media/1723216249049.jpg,5,uuid:a3e88328-5af1-4b5f-99a4-e875c539bf31/B-B3,uuid:a3e88328-5af1-4b5f-99a4-e875c539bf31/B-p3_photo_loop,,,uuid:a3e88328-5af1-4b5f-99a4-e875c539bf31/C-C1,3,uuid:a3e88328-5af1-4b5f-99a4-e875c539bf31/C-p5_photo_loop,3,uuid:a3e88328-5af1-4b5f-99a4-e875c539bf31/C-R,No,No,,,,,,,,,,,5,uuid:a3e88328-5af1-4b5f-99a4-e875c539bf31/C-C9_branch_loop,uuid:a3e88328-5af1-4b5f-99a4-e875c539bf31/C-p7_photo_loop,0,0,0.0,0.0,30.0,0.0,0.0,0.0,0.0,30.0,1 2 99,Must have a driver permit & Must have been a conductor at the stage & Other,1.0,1.0,0.0,0.0,0.0,0.0,0.0,1.0,0.0,"LC Letter, must have been a stage conductor for  2yrars",6.0,"First come, first serve on the day","First come, first serve on the day",,1 3 4 5 6 7 8 9,Chairperson & Secretary & Treasurer & Welfare & Defence & Mobiliser & Stage Master & Elder Advisor,1.0,0.0,1.0,1.0,1.0,1.0,1.0,1.0,1.0,0.0,0.0,,No,No,,,,,,,,,,,,,,,,,,,,,,,,,,,,media/1723219213748.jpg,,2407230723.0,uuid:a3e88328-5af1-4b5f-99a4-e875c539bf31,2024-08-10 23:40:57,2024-08-09 11:03:18,2024-08-10 04:08:48,2024-08-07,Respondent_536970,3,Ssembule / Pastor Tom Mutundwe,22,Ssembule Wankulukuku,Kisenyi/Gwanda,both
357759081484347,,samsung|SM-G955U|9|SurveyCTO Collect 2.81.2 (3771098),2671,,1.0,53.0,Ntinda,Other,Other,Nakawa,3 5 7,Fatumah & Joviah & Olivia,0.0,0.0,1.0,0.0,1.0,0.0,1.0,0.0,0.0,0.0,Ntinda Stage,Other,Other,Stage Master,2016.0,2004.0,Founded by drivers who did not belong to an older stage,Founded by drivers who did not belong to an older stage,,,,,,,,,,,,,,,,,,,,media/1725521680519.jpg,1.0,0.0,1,media/1725523454441.jpg,1,uuid:ba2fda6b-df60-47f8-a091-e3cfe8b92f73/B-B3,uuid:ba2fda6b-df60-47f8-a091-e3cfe8b92f73/B-p3_photo_loop,,,uuid:ba2fda6b-df60-47f8-a091-e3cfe8b92f73/C-C1,3,uuid:ba2fda6b-df60-47f8-a091-e3cfe8b92f73/C-p5_photo_loop,3,uuid:ba2fda6b-df60-47f8-a091-e3cfe8b92f73/C-R,No,No,,,,,,,,,,,1,,,50,100,60.0,,20.0,20.0,50.0,30.0,,10.0,1 99,Must have a driver permit & Other,1.0,0.0,0.0,0.0,0.0,0.0,0.0,1.0,0.0,Have a car Pay stage fees of 1000000,2.0,"First come, first serve on the day","First come, first serve on the day",,1 2 3 4 5 6 8 9,Chairperson & Vice Chairperson & Secretary & Treasurer & Welfare & Defence & Stage Master & Elder Advisor,1.0,1.0,1.0,1.0,1.0,1.0,0.0,1.0,1.0,0.0,0.0,,No,No,,,,,,,,,,,,,,,,,,,,,,,,,,,,media/1725524913536.jpg,media/1725524920224.jpg,2407230723.0,uuid:ba2fda6b-df60-47f8-a091-e3cfe8b92f73,2024-09-05 04:40:04,2024-09-05 03:31:44,2024-09-05 04:39:45,2024-09-03,Respondent_44842,53,Ntinda,73,Ntinda,Nakawa,both
3e91b3bc962f0796,,TECNO|TECNO KI5k|12|SurveyCTO Collect 2.81.2 (3771098),4046,,1.0,23.0,Mengo-Rubaga-Kosovo-Lusaze,Kisenyi/Gwanda,Kisenyi/Gwanda,,1 8,Claire & Rhoda,1.0,0.0,0.0,0.0,0.0,0.0,0.0,1.0,0.0,0.0,Mengo-Rubaga-Kosovo-Lusaze Stage,Elder,Elder,,1999.0,1987.0,Founded by drivers who did not belong to an older stage,Founded by drivers who did not belong to an older stage,,,,,,,,,,,,,,,,,,,,media/1723621055639.jpg,3.0,0.0,3,media/1723621110245.jpg,3,uuid:d97201f5-9aca-4c16-9432-1df61b2a6902/B-B3,uuid:d97201f5-9aca-4c16-9432-1df61b2a6902/B-p3_photo_loop,,,uuid:d97201f5-9aca-4c16-9432-1df61b2a6902/C-C1,2,uuid:d97201f5-9aca-4c16-9432-1df61b2a6902/C-p5_photo_loop,2,uuid:d97201f5-9aca-4c16-9432-1df61b2a6902/C-R,No,No,,,,,,,,,,,3,,,150,70,200.0,120.0,30.0,67.0,50.0,150.0,70.0,30.0,1 2 4 7 99,Must have a driver permit & Must have been a conductor at the stage & Must be referred by an existing stage member & Must have previous work experience & Other,1.0,1.0,0.0,1.0,0.0,0.0,1.0,1.0,0.0,Must have good moral conduct,2.0,"First come, first serve on the day","First come, first serve on the day",,1 2 3 4 5 6 7 9,Chairperson & Vice Chairperson & Secretary & Treasurer & Welfare & Defence & Mobiliser & Elder Advisor,1.0,1.0,1.0,1.0,1.0,1.0,1.0,0.0,1.0,0.0,0.0,,No,No,,,,,,,,,,,,,,,,,,,,,,,,,,,,media/1723623248287.jpg,media/1723623489489.jpg,2407230723.0,uuid:d97201f5-9aca-4c16-9432-1df61b2a6902,2024-08-14 05:23:30,2024-08-14 03:34:25,2024-08-14 04:57:29,2024-08-12,Respondent_270121,23,Mengo-Rubaga-Kosovo-Lusaze,31,Mengo-Rubaga-Kosovo-Lusaze,Kisenyi/Gwanda,both
ef8c3fa68e554f2a,,TECNO|TECNO KD6|10|SurveyCTO Collect 2.81.2 (3771098),3883,,1.0,18.0,Nsangi kyengera,Kisenyi/Gwanda,Kisenyi/Gwanda,,3 4 10,Fatumah & Gerald & Vivian,0.0,0.0,1.0,1.0,0.0,0.0,0.0,0.0,0.0,1.0,Nsangi kyengera Stage,Chairperson,Chairperson,,2003.0,1970.0,Founded by drivers who did not belong to an older stage,Founded by drivers who did not belong to an older stage,,,,,,,,,,,,,,,,,,,,media/1723195399267.jpg,2.0,1.0,3,media/1723195446398.jpg,3,uuid:729da2bc-58a6-4928-9152-366027ef23b4/B-B3,uuid:729da2bc-58a6-4928-9152-366027ef23b4/B-p3_photo_loop,,,uuid:729da2bc-58a6-4928-9152-366027ef23b4/C-C1,4,uuid:729da2bc-58a6-4928-9152-366027ef23b4/C-p5_photo_loop,4,uuid:729da2bc-58a6-4928-9152-366027ef23b4/C-R,Yes,Yes,99,Other,0.0,0.0,0.0,0.0,0.0,0.0,1.0,0.0,3,uuid:729da2bc-58a6-4928-9152-366027ef23b4/C-C9_branch_loop,uuid:729da2bc-58a6-4928-9152-366027ef23b4/C-p7_photo_loop,25,200,150.0,150.0,25.0,250.0,0.0,0.0,0.0,30.0,99,Other,0.0,0.0,0.0,0.0,0.0,0.0,0.0,1.0,0.0,"Lc letter, must be married",7.0,"First come, first serve on the day","First come, first serve on the day",,1 6,Chairperson & Defence,1.0,0.0,0.0,0.0,0.0,1.0,0.0,0.0,0.0,0.0,0.0,,Yes,Yes,5.0,1 2,Be a driver & Have a permit/driving license,1.0,1.0,0.0,0.0,0.0,0.0,0.0,0.0,,,,2 5 6,Have a permit/driving license & Must have a family & Need to have been at the stage for ____ years,0.0,1.0,0.0,0.0,1.0,1.0,0.0,0.0,,8,,media/1723210173888.jpg,media/1723210186269.jpg,2407230723.0,uuid:729da2bc-58a6-4928-9152-366027ef23b4,2024-08-10 05:54:02,2024-08-09 05:21:29,2024-08-10 03:22:30,2024-08-08,Respondent_343077,18,Nsangi-Kyengera,23,Nsangi-Kyengera,Kisenyi/Gwanda,both
0F717E25-0542-496A-9B46-40D56DB59F40,,Apple|iPhone|17.5.1|SurveyCTO Collect 2.80 (274730),3454,,5.0,5.0,Busabaala,Usafi,Usafi,,1 3 10,Claire & Fatumah & Vivian,1.0,0.0,1.0,0.0,0.0,0.0,0.0,0.0,0.0,1.0,Busabaala Stage,Secretary,Secretary,,2001.0,1980.0,Founded by drivers who did not belong to an older stage,Founded by drivers who did not belong to an older stage,,,,,,,,,,,,,,,,,,,,media/1721962054571.jpg,6.0,3.0,9,media/1721962079744.jpg,9,uuid:567f8433-0c63-48d7-a855-4c35805a4a3a/B-B3,uuid:567f8433-0c63-48d7-a855-4c35805a4a3a/B-p3_photo_loop,,,uuid:567f8433-0c63-48d7-a855-4c35805a4a3a/C-C1,6,uuid:567f8433-0c63-48d7-a855-4c35805a4a3a/C-p5_photo_loop,6,uuid:567f8433-0c63-48d7-a855-4c35805a4a3a/C-R,Yes,Yes,1 6,Not enough passengers & Drivers don’t want to go,1.0,0.0,0.0,0.0,0.0,1.0,0.0,0.0,9,uuid:567f8433-0c63-48d7-a855-4c35805a4a3a/C-C9_branch_loop,uuid:567f8433-0c63-48d7-a855-4c35805a4a3a/C-p7_photo_loop,0,0,0.0,0.0,30.0,0.0,0.0,0.0,0.0,25.0,2 5 99,Must have been a conductor at the stage & Cannot have worked at another stage & Other,0.0,1.0,0.0,0.0,1.0,0.0,0.0,1.0,0.0,LC1 letter,2.0,"First come, first serve on the day","First come, first serve on the day",,1 2 3 4 5 6 7 8,Chairperson & Vice Chairperson & Secretary & Treasurer & Welfare & Defence & Mobiliser & Stage Master,1.0,1.0,1.0,1.0,1.0,1.0,1.0,1.0,0.0,0.0,0.0,,Yes,Yes,3.0,1 2,Be a driver & Have a permit/driving license,1.0,1.0,0.0,0.0,0.0,0.0,0.0,0.0,,,,1 2 99,Be a driver & Have a permit/driving license & Other,1.0,1.0,0.0,0.0,0.0,0.0,1.0,0.0,,,"National ID, Good conduct and reputation",media/1721968711831.jpg,media/1721968725200.jpg,2407230723.0,uuid:567f8433-0c63-48d7-a855-4c35805a4a3a,2024-07-26 13:51:50,2024-07-25 22:45:50,2024-07-26 13:43:40,2024-07-23,Respondent_605908,5,Busabaala,5,Busabaala,Usafi,both
0F717E25-0542-496A-9B46-40D56DB59F40,,Apple|iPhone|17.5.1|SurveyCTO Collect 2.80 (274730),2370,,1.0,26.0,Kawempe-Bwaise,Kisenyi/Gwanda,Kisenyi/Gwanda,,3 4 10,Fatumah & Gerald & Vivian,0.0,0.0,1.0,1.0,0.0,0.0,0.0,0.0,0.0,1.0,Kawempe-Bwaise Stage,Chairperson,Chairperson,,1995.0,1970.0,"Originated from an older stage, split off","Originated from an older stage, split off",,Bwaise,Yes,Yes,8,Old Taxi Park,0.0,0.0,0.0,0.0,0.0,0.0,0.0,1.0,0.0,0.0,0.0,0.0,,media/1723623640819.jpg,2.0,2.0,4,media/1723622783810.jpg,4,uuid:d12d68a5-f02a-4d37-b1af-6e9139542aa3/B-B3,uuid:d12d68a5-f02a-4d37-b1af-6e9139542aa3/B-p3_photo_loop,,,uuid:d12d68a5-f02a-4d37-b1af-6e9139542aa3/C-C1,1,uuid:d12d68a5-f02a-4d37-b1af-6e9139542aa3/C-p5_photo_loop,1,uuid:d12d68a5-f02a-4d37-b1af-6e9139542aa3/C-R,No,No,,,,,,,,,,,4,uuid:d12d68a5-f02a-4d37-b1af-6e9139542aa3/C-C9_branch_loop,uuid:d12d68a5-f02a-4d37-b1af-6e9139542aa3/C-p7_photo_loop,100,70,50.0,0.0,30.0,90.0,60.0,40.0,0.0,30.0,2 99,Must have been a conductor at the stage & Other,0.0,1.0,0.0,0.0,0.0,0.0,0.0,1.0,0.0,"LC1 letter, must first be groomed as a driver by the stage",5.0,Predetermined schedule before the day,Predetermined schedule before the day,,1 2 3 4 5 6 7,Chairperson & Vice Chairperson & Secretary & Treasurer & Welfare & Defence & Mobiliser,1.0,1.0,1.0,1.0,1.0,1.0,1.0,0.0,0.0,0.0,0.0,,No,No,,,,,,,,,,,,,,,,,,,,,,,,,,,,media/1723624700487.jpg,media/1723624707920.jpg,2407230723.0,uuid:d12d68a5-f02a-4d37-b1af-6e9139542aa3,2024-08-14 14:33:21,2024-08-14 04:00:01,2024-08-14 04:39:30,2024-08-13,Respondent_538775,26,Kawempe,30,Kawempe-Bwaise,Kisenyi/Gwanda,both
0F717E25-0542-496A-9B46-40D56DB59F40,,Apple|iPhone|17.5.1|SurveyCTO Collect 2.80 (274730),9714,,2.0,4.0,Kajjansi,Kisenyi/Gwanda,Kisenyi/Gwanda,,1 9 10,Claire & Sumaiya & Vivian,1.0,0.0,0.0,0.0,0.0,0.0,0.0,0.0,1.0,1.0,Kajjansi Stage,Elder,Elder,,1984.0,1950.0,Founded by drivers who did not belong to an older stage,Founded by drivers who did not belong to an older stage,,,,,,,,,,,,,,,,,,,,media/1722842716104.jpg,8.0,1.0,9,media/1722842755421.jpg,9,uuid:f7f3ef0d-883f-4746-bdd0-e4dacf257417/B-B3,uuid:f7f3ef0d-883f-4746-bdd0-e4dacf257417/B-p3_photo_loop,,,uuid:f7f3ef0d-883f-4746-bdd0-e4dacf257417/C-C1,4,uuid:f7f3ef0d-883f-4746-bdd0-e4dacf257417/C-p5_photo_loop,4,uuid:f7f3ef0d-883f-4746-bdd0-e4dacf257417/C-R,Yes,Yes,4,Opposition from other stages,0.0,0.0,0.0,1.0,0.0,0.0,0.0,0.0,9,uuid:f7f3ef0d-883f-4746-bdd0-e4dacf257417/C-C9_branch_loop,uuid:f7f3ef0d-883f-4746-bdd0-e4dacf257417/C-p7_photo_loop,120,210,300.0,300.0,15.0,150.0,200.0,200.0,70.0,20.0,2 99,Must have been a conductor at the stage & Other,0.0,1.0,0.0,0.0,0.0,0.0,0.0,1.0,0.0,"Membership fee of 50,000shs, LC1 letter",15.0,"First come, first serve on the day","First come, first serve on the day",,1 2 3 4 5 6 7 8 9,Chairperson & Vice Chairperson & Secretary & Treasurer & Welfare & Defence & Mobiliser & Stage Master & Elder Advisor,1.0,1.0,1.0,1.0,1.0,1.0,1.0,1.0,1.0,0.0,0.0,,Yes,Yes,3.0,1 99,Be a driver & Other,1.0,0.0,0.0,0.0,0.0,0.0,1.0,0.0,,,Stage member ID,2 4 6 99,Have a permit/driving license & No criminal record & Need to have been at the stage for ____ years & Other,0.0,1.0,0.0,1.0,0.0,1.0,1.0,0.0,,20,National ID,media/1722852770657.jpg,media/1722852778242.jpg,2407230723.0,uuid:f7f3ef0d-883f-4746-bdd0-e4dacf257417,2024-08-07 09:25:07,2024-08-05 03:23:28,2024-08-07 08:51:50,2024-08-01,Respondent_653992,4,Kajjansi,19,Kajjansi,Kisenyi/Gwanda,both
357759081484347,,samsung|SM-G955U|9|SurveyCTO Collect 2.81.2 (3771098),1349,,1.0,68.0,Mukono Lugazi,Bwaise,Bwaise,,4 5 9,Gerald & Joviah & Sumaiya,0.0,0.0,0.0,1.0,1.0,0.0,0.0,0.0,1.0,0.0,Mukono Lugazi Stage,Branch Leader (but not one of the above),Branch Leader (but not one of the above),,2015.0,2015.0,Founded by drivers who did not belong to an older stage,Founded by drivers who did not belong to an older stage,,,,,,,,,,,,,,,,,,,,media/1726219485054.jpg,1.0,0.0,1,media/1726219499708.jpg,1,uuid:9ac699d3-4a33-42e6-a70a-d83e03db4ea4/B-B3,uuid:9ac699d3-4a33-42e6-a70a-d83e03db4ea4/B-p3_photo_loop,,,uuid:9ac699d3-4a33-42e6-a70a-d83e03db4ea4/C-C1,1,uuid:9ac699d3-4a33-42e6-a70a-d83e03db4ea4/C-p5_photo_loop,1,uuid:9ac699d3-4a33-42e6-a70a-d83e03db4ea4/C-R,No,No,,,,,,,,,,,1,,,23,13,,,12.0,13.0,8.0,,,12.0,1 2 99,Must have a driver permit & Must have been a conductor at the stage & Other,1.0,1.0,0.0,0.0,0.0,0.0,0.0,1.0,0.0,Letter from former stage,2.0,"First come, first serve on the day","First come, first serve on the day",,1 2 3 4 5 6 7 8 9,Chairperson & Vice Chairperson & Secretary & Treasurer & Welfare & Defence & Mobiliser & Stage Master & Elder Advisor,1.0,1.0,1.0,1.0,1.0,1.0,1.0,1.0,1.0,0.0,0.0,,No,No,,,,,,,,,,,,,,,,,,,,,,,,,,,,media/1726219944227.jpg,media/1726219951279.jpg,2407230723.0,uuid:9ac699d3-4a33-42e6-a70a-d83e03db4ea4,2024-09-13 06:19:42,2024-09-13 05:17:42,2024-09-13 06:18:02,2024-09-13,Respondent_309204,68,Mukono Lugazi,87,Mukono Lugazi,Bwaise,both
e912dcc7bdab73f5,,Itel|itel A665L|13|SurveyCTO Collect 2.81.2 (3771098),2429,,1.0,63.0,Kasubi Nansana Wakiso kakiri stage,Nateete,Nateete,,4 5 9,Gerald & Joviah & Sumaiya,0.0,0.0,0.0,1.0,1.0,0.0,0.0,0.0,1.0,0.0,Kasubi Nansana Wakiso kakiri stage Stage,Chairperson,Chairperson,,2006.0,2006.0,"Originated from an older stage, split off","Originated from an older stage, split off",,Busunju,Yes,Yes,7 99,New Taxi Park & Other,0.0,0.0,0.0,0.0,0.0,0.0,1.0,0.0,0.0,0.0,1.0,0.0,Namirembe,media/1725957080658.jpg,1.0,0.0,1,media/1725957103014.jpg,1,uuid:c783b6b9-04cd-43b3-836c-0614a98bf83b/B-B3,uuid:c783b6b9-04cd-43b3-836c-0614a98bf83b/B-p3_photo_loop,,,uuid:c783b6b9-04cd-43b3-836c-0614a98bf83b/C-C1,3,uuid:c783b6b9-04cd-43b3-836c-0614a98bf83b/C-p5_photo_loop,3,uuid:c783b6b9-04cd-43b3-836c-0614a98bf83b/C-R,Yes,Yes,1 99,Not enough passengers & Other,1.0,0.0,0.0,0.0,0.0,0.0,1.0,0.0,1,,,50,40,25.0,,15.0,28.0,20.0,10.0,,15.0,1 2 7 99,Must have a driver permit & Must have been a conductor at the stage & Must have previous work experience & Other,1.0,1.0,0.0,0.0,0.0,0.0,1.0,1.0,0.0,Good conduct,5.0,Predetermined schedule before the day,Predetermined schedule before the day,,1 2 3 4 5 6 7 8 9,Chairperson & Vice Chairperson & Secretary & Treasurer & Welfare & Defence & Mobiliser & Stage Master & Elder Advisor,1.0,1.0,1.0,1.0,1.0,1.0,1.0,1.0,1.0,0.0,0.0,,No,No,,,,,,,,,,,,,,,,,,,,,,,,,,,,media/1725958772338.jpg,media/1725958784209.jpg,2407230723.0,uuid:c783b6b9-04cd-43b3-836c-0614a98bf83b,2024-09-11 04:02:57,2024-09-10 04:29:17,2024-09-11 03:55:14,2024-09-10,Respondent_620437,63,Kasubi Nansana Wakiso Kakiri,82,Kasubi Nansana Wakiso Kakiri,Nateete,both
357759081484347,,samsung|SM-G955U|9|SurveyCTO Collect 2.81.2 (3771098),3043,,1.0,50.0,Mukono A,Old Taxi Park,Old Taxi Park,,5 10,Joviah & Vivian,0.0,0.0,0.0,0.0,1.0,0.0,0.0,0.0,0.0,1.0,Mukono A Stage,Secretary,Secretary,,1988.0,1986.0,Founded by drivers who did not belong to an older stage,Founded by drivers who did not belong to an older stage,,,,,,,,,,,,,,,,,,,,media/1725266986466.jpg,1.0,1.0,2,media/1725267012493.jpg,2,uuid:d6b35dbb-eb58-4c3a-ac8c-461d55c28acd/B-B3,uuid:d6b35dbb-eb58-4c3a-ac8c-461d55c28acd/B-p3_photo_loop,,,uuid:d6b35dbb-eb58-4c3a-ac8c-461d55c28acd/C-C1,4,uuid:d6b35dbb-eb58-4c3a-ac8c-461d55c28acd/C-p5_photo_loop,4,uuid:d6b35dbb-eb58-4c3a-ac8c-461d55c28acd/C-R,Yes,Yes,99,Other,0.0,0.0,0.0,0.0,0.0,0.0,1.0,0.0,2,uuid:d6b35dbb-eb58-4c3a-ac8c-461d55c28acd/C-C9_branch_loop,uuid:d6b35dbb-eb58-4c3a-ac8c-461d55c28acd/C-p7_photo_loop,80,50,32.0,28.0,50.0,60.0,50.0,32.0,28.0,50.0,1 2 7 99,Must have a driver permit & Must have been a conductor at the stage & Must have previous work experience & Other,1.0,1.0,0.0,0.0,0.0,0.0,1.0,1.0,0.0,Been at the stage for 5 years Disciplined  LC1 letter,5.0,Predetermined schedule before the day,Predetermined schedule before the day,,1 2 3 4 5 6 7 99,Chairperson & Vice Chairperson & Secretary & Treasurer & Welfare & Defence & Mobiliser & Other,1.0,1.0,1.0,1.0,1.0,1.0,1.0,0.0,0.0,1.0,0.0,Publicity,Yes,Yes,5.0,1 2 6,Be a driver & Have a permit/driving license & Need to have been at the stage for ____ years,1.0,1.0,0.0,0.0,0.0,1.0,0.0,0.0,,5,,1 2 4 6 99,Be a driver & Have a permit/driving license & No criminal record & Need to have been at the stage for ____ years & Other,1.0,1.0,0.0,1.0,0.0,1.0,1.0,0.0,,10,Been at the stage for 20 years for chairman and secretary  Secretary must have at least 24 Know background of the stage,media/1725269260930.jpg,media/1725269268347.jpg,2407230723.0,uuid:d6b35dbb-eb58-4c3a-ac8c-461d55c28acd,2024-09-02 09:54:36,2024-09-02 04:47:03,2024-09-02 05:44:26,2024-08-31,Respondent_683599,50,Mukono A,65,Mukono A,Old Taxi Park,both
3e91b3bc962f0796,,TECNO|TECNO KI5k|12|SurveyCTO Collect 2.81.2 (3771098),6736,,9.0,8.0,Entebbe,Valley,Valley,,1 3 10,Claire & Fatumah & Vivian,1.0,0.0,1.0,0.0,0.0,0.0,0.0,0.0,0.0,1.0,Entebbe Stage,Elder,Elder,,2009.0,1960.0,Other: ___________,Other: ___________,No response/respondent not aware,,,,,,,,,,,,,,,,,,,media/1722336919307.jpg,7.0,2.0,9,media/1722336963760.jpg,9,uuid:b7139adf-d5ed-4eab-bca0-a6b9e8b30a2c/B-B3,uuid:b7139adf-d5ed-4eab-bca0-a6b9e8b30a2c/B-p3_photo_loop,,,uuid:b7139adf-d5ed-4eab-bca0-a6b9e8b30a2c/C-C1,3,uuid:b7139adf-d5ed-4eab-bca0-a6b9e8b30a2c/C-p5_photo_loop,3,uuid:b7139adf-d5ed-4eab-bca0-a6b9e8b30a2c/C-R,Yes,Yes,1 2 6,Not enough passengers & Poor road quality & Drivers don’t want to go,1.0,1.0,0.0,0.0,0.0,1.0,0.0,0.0,9,uuid:b7139adf-d5ed-4eab-bca0-a6b9e8b30a2c/C-C9_branch_loop,uuid:b7139adf-d5ed-4eab-bca0-a6b9e8b30a2c/C-p7_photo_loop,1000,0,0.0,0.0,40.0,500.0,0.0,0.0,0.0,30.0,99,Other,0.0,0.0,0.0,0.0,0.0,0.0,0.0,1.0,0.0,"LC Letter, National ID, Parent recommendation, Good conduct",8.0,"First come, first serve on the day","First come, first serve on the day",,1 2 3 4 5 6 7 8 99,Chairperson & Vice Chairperson & Secretary & Treasurer & Welfare & Defence & Mobiliser & Stage Master & Other,1.0,1.0,1.0,1.0,1.0,1.0,1.0,1.0,0.0,1.0,0.0,"Sanitation, Disciplinary",No,No,,,,,,,,,,,,,,,,,,,,,,,,,,,,media/1722343452297.jpg,media/1722343467800.jpg,2407230723.0,uuid:b7139adf-d5ed-4eab-bca0-a6b9e8b30a2c,2024-07-30 10:26:48,2024-07-30 06:50:13,2024-07-30 09:03:48,2024-07-30,Respondent_361764,8,Entebbe,9,Entebbe,Valley,both
665B1D11-2673-4244-885F-7BA73AF1E3C2,,Apple|iPhone|17.3.1|SurveyCTO Collect 2.80 (274730),9249,,1.0,16.0,Lugala-Masanafu,Kisenyi/Gwanda,Kisenyi/Gwanda,,5 7 9,Joviah & Olivia & Sumaiya,0.0,0.0,0.0,0.0,1.0,0.0,1.0,0.0,1.0,0.0,Lugala-Masanafu Stage,Elder,Elder,,2009.0,1999.0,"Originated from an older stage, formed as a separate, independent stage by their","Originated from an older stage, formed as a separate, independent stage by their leaders",,Kasubi,Yes,Yes,3,Kisenyi/Gwanda,0.0,0.0,1.0,0.0,0.0,0.0,0.0,0.0,0.0,0.0,0.0,0.0,,media/1723448792441.jpg,2.0,1.0,3,media/1723448825891.jpg,3,uuid:cfae6014-3069-418c-b6b1-5de9accdf783/B-B3,uuid:cfae6014-3069-418c-b6b1-5de9accdf783/B-p3_photo_loop,,,uuid:cfae6014-3069-418c-b6b1-5de9accdf783/C-C1,5,uuid:cfae6014-3069-418c-b6b1-5de9accdf783/C-p5_photo_loop,5,uuid:cfae6014-3069-418c-b6b1-5de9accdf783/C-R,No,No,,,,,,,,,,,3,uuid:cfae6014-3069-418c-b6b1-5de9accdf783/C-C9_branch_loop,uuid:cfae6014-3069-418c-b6b1-5de9accdf783/C-p7_photo_loop,300,200,150.0,0.0,100.0,250.0,200.0,150.0,0.0,90.0,1 2 4,Must have a driver permit & Must have been a conductor at the stage & Must be referred by an existing stage member,1.0,1.0,0.0,1.0,0.0,0.0,0.0,0.0,0.0,,20.0,"First come, first serve on the day","First come, first serve on the day",,1 2 3 4 5 6 9,Chairperson & Vice Chairperson & Secretary & Treasurer & Welfare & Defence & Elder Advisor,1.0,1.0,1.0,1.0,1.0,1.0,0.0,0.0,1.0,0.0,0.0,,Yes,Yes,3.0,1 2 99,Be a driver & Have a permit/driving license & Other,1.0,1.0,0.0,0.0,0.0,0.0,1.0,0.0,,,Must be a member at the stage,1 2 4 99,Be a driver & Have a permit/driving license & No criminal record & Other,1.0,1.0,0.0,1.0,0.0,0.0,1.0,0.0,,,Membership at the stage,media/1723455242733.jpg,media/1723455254072.jpg,2407230723.0,uuid:cfae6014-3069-418c-b6b1-5de9accdf783,2024-08-13 10:53:36,2024-08-12 03:36:57,2024-08-13 10:27:15,2024-08-08,Respondent_236979,16,Lugala-Masanafu,28,Lugala-Masanafu,Kisenyi/Gwanda,both
3e91b3bc962f0796,,TECNO|TECNO KI5k|12|SurveyCTO Collect 2.81.2 (3771098),2741,,1.0,42.0,Luzira B,Old Taxi Park,Old Taxi Park,,1 4 9,Claire & Gerald & Sumaiya,1.0,0.0,0.0,1.0,0.0,0.0,0.0,0.0,1.0,0.0,Luzira B Stage,Elder,Elder,,2013.0,2013.0,"Originated from an older stage, split off","Originated from an older stage, split off",,Luzira A,Yes,Yes,8,Old Taxi Park,0.0,0.0,0.0,0.0,0.0,0.0,0.0,1.0,0.0,0.0,0.0,0.0,,media/1724666038877.jpg,1.0,0.0,1,media/1724666087521.jpg,1,uuid:2e5f561d-445c-454b-8923-af75410a691e/B-B3,uuid:2e5f561d-445c-454b-8923-af75410a691e/B-p3_photo_loop,,,uuid:2e5f561d-445c-454b-8923-af75410a691e/C-C1,2,uuid:2e5f561d-445c-454b-8923-af75410a691e/C-p5_photo_loop,2,uuid:2e5f561d-445c-454b-8923-af75410a691e/C-R,Yes,Yes,1 99,Not enough passengers & Other,1.0,0.0,0.0,0.0,0.0,0.0,1.0,0.0,1,,,55,70,,,45.0,35.0,40.0,,,35.0,1 2 4 99,Must have a driver permit & Must have been a conductor at the stage & Must be referred by an existing stage member & Other,1.0,1.0,0.0,1.0,0.0,0.0,0.0,1.0,0.0,Must pay membership fee  LC letter,15.0,"First come, first serve on the day","First come, first serve on the day",,1 2 3 4 5 6,Chairperson & Vice Chairperson & Secretary & Treasurer & Welfare & Defence,1.0,1.0,1.0,1.0,1.0,1.0,0.0,0.0,0.0,0.0,0.0,,Yes,Yes,5.0,99,Other,0.0,0.0,0.0,0.0,0.0,0.0,1.0,0.0,,,Must be a stage member,1 2 4 6 99,Be a driver & Have a permit/driving license & No criminal record & Need to have been at the stage for ____ years & Other,1.0,1.0,0.0,1.0,0.0,1.0,1.0,0.0,,5,Must be a stage member,media/1724667888275.jpg,media/1724667899156.jpg,2407230723.0,uuid:2e5f561d-445c-454b-8923-af75410a691e,2024-08-26 06:42:51,2024-08-26 05:49:30,2024-08-26 06:36:32,2024-08-26,Respondent_740098,42,Luzira B,50,Luzira B,Old Taxi Park,both
2aa80707e1ac7359,,TCL|T610K|13|SurveyCTO Collect 2.81.2 (3771098),3593,,3.0,8.0,Entebbe,Old Taxi Park,Old Taxi Park,,1 8,Claire & Rhoda,1.0,0.0,0.0,0.0,0.0,0.0,0.0,1.0,0.0,0.0,Entebbe Stage,Chairperson,Chairperson,,1995.0,1970.0,Founded by drivers who did not belong to an older stage,Founded by drivers who did not belong to an older stage,,,,,,,,,,,,,,,,,,,,media/1724341976101.jpg,8.0,2.0,10,media/1724342000630.jpg,10,uuid:8397ba7c-a594-4461-8070-2dd03a36d068/B-B3,uuid:8397ba7c-a594-4461-8070-2dd03a36d068/B-p3_photo_loop,,,uuid:8397ba7c-a594-4461-8070-2dd03a36d068/C-C1,2,uuid:8397ba7c-a594-4461-8070-2dd03a36d068/C-p5_photo_loop,2,uuid:8397ba7c-a594-4461-8070-2dd03a36d068/C-R,Yes,Yes,99,Other,0.0,0.0,0.0,0.0,0.0,0.0,1.0,0.0,10,uuid:8397ba7c-a594-4461-8070-2dd03a36d068/C-C9_branch_loop,uuid:8397ba7c-a594-4461-8070-2dd03a36d068/C-p7_photo_loop,2000,-99,-99.0,-99.0,200.0,700.0,-99.0,-99.0,-99.0,150.0,1 2 7 99,Must have a driver permit & Must have been a conductor at the stage & Must have previous work experience & Other,1.0,1.0,0.0,0.0,0.0,0.0,1.0,1.0,0.0,National ID LC letter  Pay entry fee,20.0,Other,Other,"Afternoon hours, they consider first come, first serve  Morning to afternoon hours, it is always a predetermined schedule",1 2 3 4 5 6 7 8 9 99,Chairperson & Vice Chairperson & Secretary & Treasurer & Welfare & Defence & Mobiliser & Stage Master & Elder Advisor & Other,1.0,1.0,1.0,1.0,1.0,1.0,1.0,1.0,1.0,1.0,0.0,Co-ordinator,Yes,Yes,5.0,1 2 99,Be a driver & Have a permit/driving license & Other,1.0,1.0,0.0,0.0,0.0,0.0,1.0,0.0,,,Must be a stage member,1 2 4 6 99,Be a driver & Have a permit/driving license & No criminal record & Need to have been at the stage for ____ years & Other,1.0,1.0,0.0,1.0,0.0,1.0,1.0,0.0,,5,The chair person should have spent at least 10 years at the stage The secretary must have completed at least S.4 level,media/1724344861749.jpg,media/1724345673145.jpg,2407230723.0,uuid:8397ba7c-a594-4461-8070-2dd03a36d068,2024-08-22 12:54:56,2024-08-22 11:51:31,2024-08-22 12:54:41,2024-08-20,Respondent_58483,8,Entebbe,46,Entebbe,Old Taxi Park,both
665B1D11-2673-4244-885F-7BA73AF1E3C2,,Apple|iPhone|17.3.1|SurveyCTO Collect 2.80 (274730),1588,,1.0,62.0,Mulago-Mpererwe-Gayaza-Nakasajja,Nateete,Nateete,,1 3 7,Claire & Fatumah & Olivia,1.0,0.0,1.0,0.0,0.0,0.0,1.0,0.0,0.0,0.0,Mulago-Mpererwe-Gayaza-Nakasajja Stage,Secretary,Secretary,,2010.0,2010.0,"Originated from an older stage, split off","Originated from an older stage, split off",,Gayaza,Yes,Yes,7,New Taxi Park,0.0,0.0,0.0,0.0,0.0,0.0,1.0,0.0,0.0,0.0,0.0,0.0,,media/1725963625915.jpg,1.0,0.0,1,media/1725963643362.jpg,1,uuid:74f7b9c0-27b4-467c-bb10-e14a01d36b86/B-B3,uuid:74f7b9c0-27b4-467c-bb10-e14a01d36b86/B-p3_photo_loop,,,uuid:74f7b9c0-27b4-467c-bb10-e14a01d36b86/C-C1,1,uuid:74f7b9c0-27b4-467c-bb10-e14a01d36b86/C-p5_photo_loop,1,uuid:74f7b9c0-27b4-467c-bb10-e14a01d36b86/C-R,Yes,Yes,1 2 3,Not enough passengers & Poor road quality & Police presence,1.0,1.0,1.0,0.0,0.0,0.0,0.0,0.0,1,,,35,30,-99.0,,15.0,15.0,18.0,-99.0,,15.0,1 6 99,Must have a driver permit & Must have some education & Other,1.0,0.0,0.0,0.0,0.0,1.0,0.0,1.0,0.0,Registration fees and LC letter,1.0,Predetermined schedule before the day,Predetermined schedule before the day,,1 2 3 4 5 6 9,Chairperson & Vice Chairperson & Secretary & Treasurer & Welfare & Defence & Elder Advisor,1.0,1.0,1.0,1.0,1.0,1.0,0.0,0.0,1.0,0.0,0.0,,Yes,Yes,3.0,99,Other,0.0,0.0,0.0,0.0,0.0,0.0,1.0,0.0,,,Must be a registered stage memeber,1 2 6,Be a driver & Have a permit/driving license & Need to have been at the stage for ____ years,1.0,1.0,0.0,0.0,0.0,1.0,0.0,0.0,,5,,media/1725964644533.jpg,media/1725964652700.jpg,2407230723.0,uuid:74f7b9c0-27b4-467c-bb10-e14a01d36b86,2024-09-10 08:55:37,2024-09-10 06:18:16,2024-09-10 06:52:36,2024-09-10,Respondent_904057,62,Mulago-Mpererwe-Gayaza-Nakasajja,81,Mulago-Mpererwe-Gayaza-Nakasajja,Nateete,both
665B1D11-2673-4244-885F-7BA73AF1E3C2,,Apple|iPhone|17.3.1|SurveyCTO Collect 2.80 (274730),4425,,1.0,39.0,Bwaise Kazo Lugoba Katooke,Old Taxi Park,Old Taxi Park,,5 7 9,Joviah & Olivia & Sumaiya,0.0,0.0,0.0,0.0,1.0,0.0,1.0,0.0,1.0,0.0,Bwaise Kazo Lugoba Katooke Stage,Secretary,Secretary,,1997.0,1984.0,Founded by drivers who did not belong to an older stage,Founded by drivers who did not belong to an older stage,,,,,,,,,,,,,,,,,,,,media/1724342316599.jpg,3.0,0.0,3,media/1724342351110.jpg,3,uuid:e5a66444-25ca-45cf-a3e0-cdd18e96bf9d/B-B3,uuid:e5a66444-25ca-45cf-a3e0-cdd18e96bf9d/B-p3_photo_loop,,,uuid:e5a66444-25ca-45cf-a3e0-cdd18e96bf9d/C-C1,4,uuid:e5a66444-25ca-45cf-a3e0-cdd18e96bf9d/C-p5_photo_loop,4,uuid:e5a66444-25ca-45cf-a3e0-cdd18e96bf9d/C-R,No,No,,,,,,,,,,,3,,,350,280,300.0,280.0,45.0,120.0,134.0,85.0,100.0,45.0,1 2 99,Must have a driver permit & Must have been a conductor at the stage & Other,1.0,1.0,0.0,0.0,0.0,0.0,0.0,1.0,0.0,"National ID, LC letter from my the Chairman",15.0,"First come, first serve on the day","First come, first serve on the day",,1 2 3 4 5 6 7,Chairperson & Vice Chairperson & Secretary & Treasurer & Welfare & Defence & Mobiliser,1.0,1.0,1.0,1.0,1.0,1.0,1.0,0.0,0.0,0.0,0.0,,Yes,Yes,2.0,6 99,Need to have been at the stage for ____ years & Other,0.0,0.0,0.0,0.0,0.0,1.0,1.0,0.0,,5,"Must have a National ID,Must be a stage member",1 2 3 4 6 99,Be a driver & Have a permit/driving license & Older than _____ & No criminal record & Need to have been at the stage for ____ years & Other,1.0,1.0,1.0,1.0,0.0,1.0,1.0,0.0,30,10,Must have a National ID. Must have paid nomination  fees,media/1724395160507.jpg,media/1724395181064.jpg,2407230723.0,uuid:e5a66444-25ca-45cf-a3e0-cdd18e96bf9d,2024-08-23 07:46:07,2024-08-22 11:56:43,2024-08-23 03:42:41,2024-08-21,Respondent_267641,39,Bwaise / Bwaise Nabweru Lugoba Katooke,47,Bwaise Nabweru Lugoba Katooke,Old Taxi Park,both
2aa80707e1ac7359,,TCL|T610K|13|SurveyCTO Collect 2.81.2 (3771098),1898,,5.0,8.0,Nateete -Busega -Entebbe -Kajjansi,Nateete,Nateete,,8 10,Rhoda & Vivian,0.0,0.0,0.0,0.0,0.0,0.0,0.0,1.0,0.0,1.0,Nateete -Busega -Entebbe -Kajjansi Stage,Secretary,Secretary,,2011.0,1970.0,Founded by drivers who did not belong to an older stage,Founded by drivers who did not belong to an older stage,,,,,,,,,,,,,,,,,,,,media/1725881546390.jpg,8.0,2.0,10,media/1725881579755.jpg,10,uuid:0731aab4-321a-4f9a-aec4-553b6f1c0f9e/B-B3,uuid:0731aab4-321a-4f9a-aec4-553b6f1c0f9e/B-p3_photo_loop,,,uuid:0731aab4-321a-4f9a-aec4-553b6f1c0f9e/C-C1,3,uuid:0731aab4-321a-4f9a-aec4-553b6f1c0f9e/C-p5_photo_loop,3,uuid:0731aab4-321a-4f9a-aec4-553b6f1c0f9e/C-R,No,No,,,,,,,,,,,10,uuid:0731aab4-321a-4f9a-aec4-553b6f1c0f9e/C-C9_branch_loop,uuid:0731aab4-321a-4f9a-aec4-553b6f1c0f9e/C-p7_photo_loop,1000,900,600.0,-99.0,100.0,800.0,700.0,500.0,-99.0,75.0,1 2 7 99,Must have a driver permit & Must have been a conductor at the stage & Must have previous work experience & Other,1.0,1.0,0.0,0.0,0.0,0.0,1.0,1.0,0.0,LC letter  Referees  Application letter to be a driver  5 years of training as a conductor and 3 years as a driver trainee,15.0,Predetermined schedule before the day,Predetermined schedule before the day,,1 2 3 4 5 6 7 8 9 99,Chairperson & Vice Chairperson & Secretary & Treasurer & Welfare & Defence & Mobiliser & Stage Master & Elder Advisor & Other,1.0,1.0,1.0,1.0,1.0,1.0,1.0,1.0,1.0,1.0,0.0,Co-ordinator,No,No,,,,,,,,,,,,,,,,,,,,,,,,,,,,media/1725883086443.jpg,media/1725883095731.jpg,2407230723.0,uuid:0731aab4-321a-4f9a-aec4-553b6f1c0f9e,2024-09-09 08:15:02,2024-09-09 07:30:49,2024-09-09 08:08:13,2024-09-09,Respondent_852956,8,Entebbe,79,Nateete -Busega -Entebbe -Kajjansi,Nateete,both
2aa80707e1ac7359,,TCL|T610K|13|SurveyCTO Collect 2.81.2 (3771098),978,,2.0,87.0,Mpererwe - Gayaza,Bwaise,Bwaise,,8 10,Rhoda & Vivian,0.0,0.0,0.0,0.0,0.0,0.0,0.0,1.0,0.0,1.0,Mpererwe - Gayaza Stage,Other,Other,Stage master/ Guide,2014.0,2009.0,Founded by drivers who did not belong to an older stage,Founded by drivers who did not belong to an older stage,,,,,,,,,,,,,,,,,,,,media/1728547991106.jpg,2.0,0.0,2,media/1728548027610.jpg,2,uuid:9447d62b-8884-4593-9fb3-8571d20d3a8f/B-B3,uuid:9447d62b-8884-4593-9fb3-8571d20d3a8f/B-p3_photo_loop,,,uuid:9447d62b-8884-4593-9fb3-8571d20d3a8f/C-C1,1,uuid:9447d62b-8884-4593-9fb3-8571d20d3a8f/C-p5_photo_loop,1,uuid:9447d62b-8884-4593-9fb3-8571d20d3a8f/C-R,No,No,,,,,,,,,,,2,,,40,60,50.0,,15.0,30.0,40.0,30.0,,10.0,2 99,Must have been a conductor at the stage & Other,0.0,1.0,0.0,0.0,0.0,0.0,0.0,1.0,0.0,National ID  LC letter,2.0,Predetermined schedule before the day,Predetermined schedule before the day,,1 2 3 4 5 6 7 8 9,Chairperson & Vice Chairperson & Secretary & Treasurer & Welfare & Defence & Mobiliser & Stage Master & Elder Advisor,1.0,1.0,1.0,1.0,1.0,1.0,1.0,1.0,1.0,0.0,0.0,,No,No,,,,,,,,,,,,,,,,,,,,,,,,,,,,media/1728548686573.jpg,media/1728548701138.jpg,2407230723.0,uuid:9447d62b-8884-4593-9fb3-8571d20d3a8f,2024-10-10 04:36:00,2024-10-10 04:11:30,2024-10-10 04:35:23,2024-10-10,Respondent_414495,87,Mpererwe-Gayaza,139,Mpererwe-Gayaza,Bwaise,both
357759081484347,,samsung|SM-G955U|9|SurveyCTO Collect 2.81.2 (3771098),2824,,1.0,39.0,Mulago-Kitala Taso,Old Taxi Park,Old Taxi Park,,5 7 9,Joviah & Olivia & Sumaiya,0.0,0.0,0.0,0.0,1.0,0.0,1.0,0.0,1.0,0.0,Mulago-Kitala Taso Stage,Branch Leader (but not one of the above),Branch Leader (but not one of the above),,1984.0,1960.0,Founded by drivers who did not belong to an older stage,Founded by drivers who did not belong to an older stage,,,,,,,,,,,,,,,,,,,,media/1724313347051.jpg,1.0,1.0,2,media/1724313375162.jpg,2,uuid:a1ce0d68-9616-446c-95fc-023a0c6288bc/B-B3,uuid:a1ce0d68-9616-446c-95fc-023a0c6288bc/B-p3_photo_loop,uuid:a1ce0d68-9616-446c-95fc-023a0c6288bc/B-B4,uuid:a1ce0d68-9616-446c-95fc-023a0c6288bc/B-p4_photo_loop,uuid:a1ce0d68-9616-446c-95fc-023a0c6288bc/C-C1,2,uuid:a1ce0d68-9616-446c-95fc-023a0c6288bc/C-p5_photo_loop,2,uuid:a1ce0d68-9616-446c-95fc-023a0c6288bc/C-R,No,No,,,,,,,,,,,2,uuid:a1ce0d68-9616-446c-95fc-023a0c6288bc/C-C9_branch_loop,uuid:a1ce0d68-9616-446c-95fc-023a0c6288bc/C-p7_photo_loop,100,100,100.0,-99.0,30.0,80.0,80.0,80.0,-99.0,30.0,1 2 7 99,Must have a driver permit & Must have been a conductor at the stage & Must have previous work experience & Other,1.0,1.0,0.0,0.0,0.0,0.0,1.0,1.0,0.0,Be 10 years at the stage,5.0,"First come, first serve on the day","First come, first serve on the day",,1 2 3 4 5 6 7,Chairperson & Vice Chairperson & Secretary & Treasurer & Welfare & Defence & Mobiliser,1.0,1.0,1.0,1.0,1.0,1.0,1.0,0.0,0.0,0.0,0.0,,Yes,Yes,2.0,1 2 4 6,Be a driver & Have a permit/driving license & No criminal record & Need to have been at the stage for ____ years,1.0,1.0,0.0,1.0,0.0,1.0,0.0,0.0,,10,,1 2 4 5 6,Be a driver & Have a permit/driving license & No criminal record & Must have a family & Need to have been at the stage for ____ years,1.0,1.0,0.0,1.0,1.0,1.0,0.0,0.0,,15,,media/1724315342355.jpg,media/1724315357443.jpg,2407230723.0,uuid:a1ce0d68-9616-446c-95fc-023a0c6288bc,2024-08-26 07:09:53,2024-08-20 03:27:30,2024-08-26 07:09:36,2024-08-20,Respondent_23769,36,Mulago,44,Mulago Kitala Taso,Old Taxi Park,both
3e91b3bc962f0796,,TECNO|TECNO KI5k|12|SurveyCTO Collect 2.81.2 (3771098),2887,,2.0,5.0,Busabaala,Kisenyi/Gwanda,Kisenyi/Gwanda,,1 9 10,Claire & Sumaiya & Vivian,1.0,0.0,0.0,0.0,0.0,0.0,0.0,0.0,1.0,1.0,Busabaala Stage,Branch Leader (but not one of the above),Branch Leader (but not one of the above),,1999.0,1985.0,Founded by drivers who did not belong to an older stage,Founded by drivers who did not belong to an older stage,,,,,,,,,,,,,,,,,,,,media/1723024118520.jpg,6.0,1.0,7,media/1723024168390.jpg,7,uuid:ac72ef62-b62c-4e1c-a38a-c5a9e5ecdb32/B-B3,uuid:ac72ef62-b62c-4e1c-a38a-c5a9e5ecdb32/B-p3_photo_loop,,,uuid:ac72ef62-b62c-4e1c-a38a-c5a9e5ecdb32/C-C1,5,uuid:ac72ef62-b62c-4e1c-a38a-c5a9e5ecdb32/C-p5_photo_loop,5,uuid:ac72ef62-b62c-4e1c-a38a-c5a9e5ecdb32/C-R,Yes,Yes,1 2 4 6,Not enough passengers & Poor road quality & Opposition from other stages & Drivers don’t want to go,1.0,1.0,0.0,1.0,0.0,1.0,0.0,0.0,7,uuid:ac72ef62-b62c-4e1c-a38a-c5a9e5ecdb32/C-C9_branch_loop,uuid:ac72ef62-b62c-4e1c-a38a-c5a9e5ecdb32/C-p7_photo_loop,300,250,200.0,200.0,50.0,100.0,100.0,100.0,100.0,60.0,2 99,Must have been a conductor at the stage & Other,0.0,1.0,0.0,0.0,0.0,0.0,0.0,1.0,0.0,"National ID, LC letter, passport photos, recommendation letter from former workplace",12.0,Predetermined schedule before the day,Predetermined schedule before the day,,1 2 3 4 5 6 7 8,Chairperson & Vice Chairperson & Secretary & Treasurer & Welfare & Defence & Mobiliser & Stage Master,1.0,1.0,1.0,1.0,1.0,1.0,1.0,1.0,0.0,0.0,0.0,,Yes,Yes,5.0,99,Other,0.0,0.0,0.0,0.0,0.0,0.0,1.0,0.0,,,Stage member,2 5 6 99,Have a permit/driving license & Must have a family & Need to have been at the stage for ____ years & Other,0.0,1.0,0.0,0.0,1.0,1.0,1.0,0.0,,10,National ID,media/1723026840850.jpg,media/1723026889179.jpg,2407230723.0,uuid:ac72ef62-b62c-4e1c-a38a-c5a9e5ecdb32,2024-08-07 06:52:48,2024-08-07 05:47:11,2024-08-07 06:35:50,2024-08-05,Respondent_571684,5,Busabaala,20,Busabaala,Kisenyi/Gwanda,both
e912dcc7bdab73f5,,Itel|itel A665L|13|SurveyCTO Collect 2.81.2 (3771098),3124,,1.0,84.0,Kasubi Nakulabye Namungoona kawaala stage,Namirembe,Namirembe,,4 5 9,Gerald & Joviah & Sumaiya,0.0,0.0,0.0,1.0,1.0,0.0,0.0,0.0,1.0,0.0,Kasubi Nakulabye Namungoona kawaala stage Stage,Branch Leader (but not one of the above),Branch Leader (but not one of the above),,1998.0,1970.0,Founded by drivers who did not belong to an older stage,Founded by drivers who did not belong to an older stage,,,,,,,,,,,,,,,,,,,,media/1727351260283.jpg,1.0,2.0,3,media/1727351293160.jpg,3,uuid:367ab536-4639-4284-806a-0c5b64fcc69c/B-B3,uuid:367ab536-4639-4284-806a-0c5b64fcc69c/B-p3_photo_loop,,,uuid:367ab536-4639-4284-806a-0c5b64fcc69c/C-C1,5,uuid:367ab536-4639-4284-806a-0c5b64fcc69c/C-p5_photo_loop,5,uuid:367ab536-4639-4284-806a-0c5b64fcc69c/C-R,Yes,Yes,1,Not enough passengers,1.0,0.0,0.0,0.0,0.0,0.0,0.0,0.0,3,uuid:367ab536-4639-4284-806a-0c5b64fcc69c/C-C9_branch_loop,uuid:367ab536-4639-4284-806a-0c5b64fcc69c/C-p7_photo_loop,109,170,170.0,60.0,40.0,50.0,70.0,70.0,40.0,40.0,1 2 99,Must have a driver permit & Must have been a conductor at the stage & Other,1.0,1.0,0.0,0.0,0.0,0.0,0.0,1.0,0.0,"LC letter, National identity card",10.0,"First come, first serve on the day","First come, first serve on the day",,1 2 3 4 5 6 8 9,Chairperson & Vice Chairperson & Secretary & Treasurer & Welfare & Defence & Stage Master & Elder Advisor,1.0,1.0,1.0,1.0,1.0,1.0,0.0,1.0,1.0,0.0,0.0,,No,No,,,,,,,,,,,,,,,,,,,,,,,,,,,,media/1727354268558.jpg,media/1727354280453.jpg,2407230723.0,uuid:367ab536-4639-4284-806a-0c5b64fcc69c,2024-09-26 10:42:46,2024-09-26 07:45:42,2024-09-26 10:36:05,2024-09-26,Respondent_888160,84,Kasubi,114,Kasubi Nakulabye Namungoona kawaala,Namirembe,both
e912dcc7bdab73f5,,Itel|itel A665L|13|SurveyCTO Collect 2.81.2 (3771098),1016,,1.0,96.0,Bombo,Bwaise,Bwaise,,4 5 9,Gerald & Joviah & Sumaiya,0.0,0.0,0.0,1.0,1.0,0.0,0.0,0.0,1.0,0.0,Bombo Stage,Elder,Elder,,1994.0,1994.0,"Originated from an older stage, formed as a separate, independent stage by their","Originated from an older stage, formed as a separate, independent stage by their leaders",,Luweero,Yes,Yes,4,Namayiba,0.0,0.0,0.0,1.0,0.0,0.0,0.0,0.0,0.0,0.0,0.0,0.0,,media/1728375040884.jpg,2.0,0.0,2,media/1728375075276.jpg,2,uuid:7c7ba1ee-0d42-4f4f-b01c-3d6e494e0664/B-B3,uuid:7c7ba1ee-0d42-4f4f-b01c-3d6e494e0664/B-p3_photo_loop,,,uuid:7c7ba1ee-0d42-4f4f-b01c-3d6e494e0664/C-C1,1,uuid:7c7ba1ee-0d42-4f4f-b01c-3d6e494e0664/C-p5_photo_loop,1,uuid:7c7ba1ee-0d42-4f4f-b01c-3d6e494e0664/C-R,No,No,,,,,,,,,,,2,,,90,100,110.0,60.0,30.0,78.0,90.0,70.0,45.0,30.0,1 2 99,Must have a driver permit & Must have been a conductor at the stage & Other,1.0,1.0,0.0,0.0,0.0,0.0,0.0,1.0,0.0,"Good conduct, 5 years experience to promotion as a driver",15.0,Predetermined schedule before the day,Predetermined schedule before the day,,1 2 3 4 6 7 8 9,Chairperson & Vice Chairperson & Secretary & Treasurer & Defence & Mobiliser & Stage Master & Elder Advisor,1.0,1.0,1.0,1.0,0.0,1.0,1.0,1.0,1.0,0.0,0.0,,Yes,Yes,5.0,1 2 99,Be a driver & Have a permit/driving license & Other,1.0,1.0,0.0,0.0,0.0,0.0,1.0,0.0,,,Registered member of the stage,1 4 5 6,Be a driver & No criminal record & Must have a family & Need to have been at the stage for ____ years,1.0,0.0,0.0,1.0,1.0,1.0,0.0,0.0,,5,,media/1728375799505.jpg,media/1728375815823.jpg,2407230723.0,uuid:7c7ba1ee-0d42-4f4f-b01c-3d6e494e0664,2024-10-08 07:43:10,2024-10-08 04:07:10,2024-10-08 07:42:56,2024-10-08,Respondent_545422,96,Luweero-Bombo,134,Bombo,Bwaise,both
e912dcc7bdab73f5,,Itel|itel A665L|13|SurveyCTO Collect 2.81.2 (3771098),12194,,1.0,41.0,Kansanga,Old Taxi Park,Old Taxi Park,,1 4 9,Claire & Gerald & Sumaiya,1.0,0.0,0.0,1.0,0.0,0.0,0.0,0.0,1.0,0.0,Kansanga Stage,Branch Leader (but not one of the above),Branch Leader (but not one of the above),,1999.0,1980.0,Founded by drivers who did not belong to an older stage,Founded by drivers who did not belong to an older stage,,,,,,,,,,,,,,,,,,,,media/1724490629131.jpg,2.0,3.0,5,media/1724490690723.jpg,5,uuid:12421521-7f96-4f5b-b7db-688f22a61bec/B-B3,uuid:12421521-7f96-4f5b-b7db-688f22a61bec/B-p3_photo_loop,uuid:12421521-7f96-4f5b-b7db-688f22a61bec/B-B4,uuid:12421521-7f96-4f5b-b7db-688f22a61bec/B-p4_photo_loop,uuid:12421521-7f96-4f5b-b7db-688f22a61bec/C-C1,6,uuid:12421521-7f96-4f5b-b7db-688f22a61bec/C-p5_photo_loop,6,uuid:12421521-7f96-4f5b-b7db-688f22a61bec/C-R,Yes,Yes,2 4 5 6,Poor road quality & Opposition from other stages & Hard to get approval from UTOF or KCCA & Drivers don’t want to go,0.0,1.0,0.0,1.0,1.0,1.0,0.0,0.0,5,uuid:12421521-7f96-4f5b-b7db-688f22a61bec/C-C9_branch_loop,uuid:12421521-7f96-4f5b-b7db-688f22a61bec/C-p7_photo_loop,150,180,200.0,300.0,90.0,70.0,80.0,100.0,100.0,70.0,1 2 4 7,Must have a driver permit & Must have been a conductor at the stage & Must be referred by an existing stage member & Must have previous work experience,1.0,1.0,0.0,1.0,0.0,0.0,1.0,0.0,0.0,,8.0,"First come, first serve on the day","First come, first serve on the day",,1 2 3 4 5 6 7 8 9,Chairperson & Vice Chairperson & Secretary & Treasurer & Welfare & Defence & Mobiliser & Stage Master & Elder Advisor,1.0,1.0,1.0,1.0,1.0,1.0,1.0,1.0,1.0,0.0,0.0,,No,No,,,,,,,,,,,,,,,,,,,,,,,,,,,,media/1724499420302.jpg,media/1724499435355.jpg,2407230723.0,uuid:12421521-7f96-4f5b-b7db-688f22a61bec,2024-08-24 08:51:06,2024-08-24 05:04:03,2024-08-24 08:49:56,2024-08-23,Respondent_230174,41,Kansanga,49,Kansanga,Old Taxi Park,both
665B1D11-2673-4244-885F-7BA73AF1E3C2,,Apple|iPhone|17.3.1|SurveyCTO Collect 2.80 (274730),2505,,1.0,66.0,Bwaise-Kawempe-Matugga-Bombo road,Nateete,Nateete,,1 3 7,Claire & Fatumah & Olivia,1.0,0.0,1.0,0.0,0.0,0.0,1.0,0.0,0.0,0.0,Bwaise-Kawempe-Matugga-Bombo road Stage,Chairperson,Chairperson,,2004.0,2004.0,"Originated from an older stage, formed as a separate, independent stage by their","Originated from an older stage, formed as a separate, independent stage by their leaders",,Bwaise-Kazo-Katooke stage and Kawempe-Matugga Stage,Yes,Yes,7 8,New Taxi Park & Old Taxi Park,0.0,0.0,0.0,0.0,0.0,0.0,1.0,1.0,0.0,0.0,0.0,0.0,,media/1726223891220.jpg,1.0,0.0,1,media/1726223906780.jpg,1,uuid:0180672d-8731-49f1-bcbb-b23de9ac71b7/B-B3,uuid:0180672d-8731-49f1-bcbb-b23de9ac71b7/B-p3_photo_loop,,,uuid:0180672d-8731-49f1-bcbb-b23de9ac71b7/C-C1,2,uuid:0180672d-8731-49f1-bcbb-b23de9ac71b7/C-p5_photo_loop,2,uuid:0180672d-8731-49f1-bcbb-b23de9ac71b7/C-R,Yes,Yes,2 4,Poor road quality & Opposition from other stages,0.0,1.0,0.0,1.0,0.0,0.0,0.0,0.0,1,,,20,30,-99.0,,20.0,10.0,25.0,-99.0,,10.0,1 4 7 99,Must have a driver permit & Must be referred by an existing stage member & Must have previous work experience & Other,1.0,0.0,0.0,1.0,0.0,0.0,1.0,1.0,0.0,"LC Letter, Good conduct",4.0,"First come, first serve on the day","First come, first serve on the day",,1 2 3 4 5 6 9,Chairperson & Vice Chairperson & Secretary & Treasurer & Welfare & Defence & Elder Advisor,1.0,1.0,1.0,1.0,1.0,1.0,0.0,0.0,1.0,0.0,0.0,,No,No,,,,,,,,,,,,,,,,,,,,,,,,,,,,media/1726225290903.jpg,media/1726225300899.jpg,2407230723.0,uuid:0180672d-8731-49f1-bcbb-b23de9ac71b7,2024-09-13 08:17:55,2024-09-13 06:31:09,2024-09-13 07:20:36,2024-09-10,Respondent_694572,66,Bwaise-Kawempe-Matugga-Bombo road,88,Bwaise-Kawempe-Matugga-Bombo road,Bwaise,both
357759081484347,,samsung|SM-G955U|9|SurveyCTO Collect 2.81.2 (3771098),1974,,1.0,49.0,Ggaba-Kansanga-Kabalagala,Other,Other,Nakawa,4 5 9,Gerald & Joviah & Sumaiya,0.0,0.0,0.0,1.0,1.0,0.0,0.0,0.0,1.0,0.0,Ggaba-Kansanga-Kabalagala Stage,Branch Leader (but not one of the above),Branch Leader (but not one of the above),,2018.0,2018.0,"Originated from an older stage, formed as a separate, independent stage by their","Originated from an older stage, formed as a separate, independent stage by their leaders",,Kansanga,Yes,Yes,8,Old Taxi Park,0.0,0.0,0.0,0.0,0.0,0.0,0.0,1.0,0.0,0.0,0.0,0.0,,media/1725518430633.jpg,1.0,0.0,1,media/1725518504736.jpg,1,uuid:c14c91f2-6705-4d4c-a35a-bfba1b7fe3b5/B-B3,uuid:c14c91f2-6705-4d4c-a35a-bfba1b7fe3b5/B-p3_photo_loop,,,uuid:c14c91f2-6705-4d4c-a35a-bfba1b7fe3b5/C-C1,2,uuid:c14c91f2-6705-4d4c-a35a-bfba1b7fe3b5/C-p5_photo_loop,2,uuid:c14c91f2-6705-4d4c-a35a-bfba1b7fe3b5/C-R,No,No,,,,,,,,,,,1,,,18,-99,,,14.0,7.0,-99.0,,,8.0,1 99,Must have a driver permit & Other,1.0,0.0,0.0,0.0,0.0,0.0,0.0,1.0,0.0,LC letter,1.0,"First come, first serve on the day","First come, first serve on the day",,1 2 3 4 5 6,Chairperson & Vice Chairperson & Secretary & Treasurer & Welfare & Defence,1.0,1.0,1.0,1.0,1.0,1.0,0.0,0.0,0.0,0.0,0.0,,No,No,,,,,,,,,,,,,,,,,,,,,,,,,,,,media/1725520010958.jpg,media/1725520017567.jpg,2407230723.0,uuid:c14c91f2-6705-4d4c-a35a-bfba1b7fe3b5,2024-09-05 03:22:21,2024-09-03 04:30:13,2024-09-05 03:17:26,2024-09-04,Respondent_417595,49,Ggaba-Kansanga-Kabalagala,72,Ggaba-Kansanga-Kabalagala,Nakawa,both
665B1D11-2673-4244-885F-7BA73AF1E3C2,,Apple|iPhone|17.3.1|SurveyCTO Collect 2.80 (274730),5601,,1.0,80.0,Kamwokya-Ntinda,New Taxi Park,New Taxi Park,,1 3 7,Claire & Fatumah & Olivia,1.0,0.0,1.0,0.0,0.0,0.0,1.0,0.0,0.0,0.0,Kamwokya-Ntinda Stage,Chairperson,Chairperson,,1996.0,1992.0,"Originated from an older stage, split off","Originated from an older stage, split off",,Kamwokya-Ntinda,Yes,Yes,8,Old Taxi Park,0.0,0.0,0.0,0.0,0.0,0.0,0.0,1.0,0.0,0.0,0.0,0.0,,media/1727089150299.jpg,1.0,3.0,4,media/1727089169973.jpg,4,uuid:51d55d0c-db52-46ed-84c0-4833e687181b/B-B3,uuid:51d55d0c-db52-46ed-84c0-4833e687181b/B-p3_photo_loop,,,uuid:51d55d0c-db52-46ed-84c0-4833e687181b/C-C1,3,uuid:51d55d0c-db52-46ed-84c0-4833e687181b/C-p5_photo_loop,3,uuid:51d55d0c-db52-46ed-84c0-4833e687181b/C-R,Yes,Yes,2,Poor road quality,0.0,1.0,0.0,0.0,0.0,0.0,0.0,0.0,4,uuid:51d55d0c-db52-46ed-84c0-4833e687181b/C-C9_branch_loop,uuid:51d55d0c-db52-46ed-84c0-4833e687181b/C-p7_photo_loop,54,100,120.0,80.0,30.0,40.0,60.0,80.0,70.0,28.0,1 2 7,Must have a driver permit & Must have been a conductor at the stage & Must have previous work experience,1.0,1.0,0.0,0.0,0.0,0.0,1.0,0.0,0.0,,9.0,"First come, first serve on the day","First come, first serve on the day",,1 2 3 4 5 6 8 9 99,Chairperson & Vice Chairperson & Secretary & Treasurer & Welfare & Defence & Stage Master & Elder Advisor & Other,1.0,1.0,1.0,1.0,1.0,1.0,0.0,1.0,1.0,1.0,0.0,Chairman for conductors,Yes,Yes,3.0,99,Other,0.0,0.0,0.0,0.0,0.0,0.0,1.0,0.0,,,Must be a stage member,1 2 4,Be a driver & Have a permit/driving license & No criminal record,1.0,1.0,0.0,1.0,0.0,0.0,0.0,0.0,,,,media/1727093640863.jpg,media/1727093649701.jpg,2407230723.0,uuid:51d55d0c-db52-46ed-84c0-4833e687181b,2024-09-23 10:26:29,2024-09-23 06:56:24,2024-09-23 10:24:24,2024-09-19,Respondent_646562,80,Kamwokya-Ntinda-Bukoto-Kisaasi-Kulambiro,109,Kamwokya-Ntinda,New Taxi Park,both
353309090902287,,samsung|SM-G960U|9|SurveyCTO Collect 2.81.2 (3771098),6760,,2.0,12.0,Kamwokya-Bukoto-Ntinda-Kisasi-Kulambiro_Kyanja-Kungu,Old Taxi Park,Old Taxi Park,,1 4 9,Claire & Gerald & Sumaiya,1.0,0.0,0.0,1.0,0.0,0.0,0.0,0.0,1.0,0.0,Kamwokya-Bukoto-Ntinda-Kisasi-Kulambiro_Kyanja-Kungu Stage,Elder,Elder,,2000.0,1987.0,Founded by drivers who did not belong to an older stage,Founded by drivers who did not belong to an older stage,,,,,,,,,,,,,,,,,,,,media/1724933046089.jpg,2.0,2.0,4,media/1724933074547.jpg,4,uuid:ddcadb35-2d60-44df-bc6f-1b0762b66717/B-B3,uuid:ddcadb35-2d60-44df-bc6f-1b0762b66717/B-p3_photo_loop,uuid:ddcadb35-2d60-44df-bc6f-1b0762b66717/B-B4,uuid:ddcadb35-2d60-44df-bc6f-1b0762b66717/B-p4_photo_loop,uuid:ddcadb35-2d60-44df-bc6f-1b0762b66717/C-C1,5,uuid:ddcadb35-2d60-44df-bc6f-1b0762b66717/C-p5_photo_loop,5,uuid:ddcadb35-2d60-44df-bc6f-1b0762b66717/C-R,Yes,Yes,1 2 99,Not enough passengers & Poor road quality & Other,1.0,1.0,0.0,0.0,0.0,0.0,1.0,0.0,4,uuid:ddcadb35-2d60-44df-bc6f-1b0762b66717/C-C9_branch_loop,uuid:ddcadb35-2d60-44df-bc6f-1b0762b66717/C-p7_photo_loop,100,150,-99.0,-99.0,60.0,60.0,130.0,-99.0,-99.0,60.0,1 99,Must have a driver permit & Other,1.0,0.0,0.0,0.0,0.0,0.0,0.0,1.0,0.0,"National ID, LC letter",20.0,"First come, first serve on the day","First come, first serve on the day",,1 2 3 4 5 6 7 8 9,Chairperson & Vice Chairperson & Secretary & Treasurer & Welfare & Defence & Mobiliser & Stage Master & Elder Advisor,1.0,1.0,1.0,1.0,1.0,1.0,1.0,1.0,1.0,0.0,0.0,,Yes,Yes,3.0,99,Other,0.0,0.0,0.0,0.0,0.0,0.0,1.0,0.0,,,Must be a stage member,1 2,Be a driver & Have a permit/driving license,1.0,1.0,0.0,0.0,0.0,0.0,0.0,0.0,,,,media/1724938097684.jpg,media/1724938120252.jpg,2407230723.0,uuid:ddcadb35-2d60-44df-bc6f-1b0762b66717,2024-08-29 10:00:47,2024-08-29 07:57:23,2024-08-29 09:55:44,2024-08-28,Respondent_136715,11,Kamwokya,58,Kamwokya - bukoto - kisaasi - kulambiro - kyanja - kungu,Old Taxi Park,both
e912dcc7bdab73f5,,Itel|itel A665L|13|SurveyCTO Collect 2.81.2 (3771098),6475,,1.0,43.0,Muyenga - Bukasa,Old Taxi Park,Old Taxi Park,,1 4 9,Claire & Gerald & Sumaiya,1.0,0.0,0.0,1.0,0.0,0.0,0.0,0.0,1.0,0.0,Muyenga - Bukasa Stage,Elder,Elder,,1996.0,1980.0,"Originated from an older stage, split off","Originated from an older stage, split off",,Kansanga,Yes,Yes,8,Old Taxi Park,0.0,0.0,0.0,0.0,0.0,0.0,0.0,1.0,0.0,0.0,0.0,0.0,,media/1724909739796.jpg,1.0,3.0,4,media/1724909783127.jpg,4,uuid:e8748d80-1919-4c21-a0d0-871ed704bb8e/B-B3,uuid:e8748d80-1919-4c21-a0d0-871ed704bb8e/B-p3_photo_loop,,,uuid:e8748d80-1919-4c21-a0d0-871ed704bb8e/C-C1,3,uuid:e8748d80-1919-4c21-a0d0-871ed704bb8e/C-p5_photo_loop,3,uuid:e8748d80-1919-4c21-a0d0-871ed704bb8e/C-R,Yes,Yes,1,Not enough passengers,1.0,0.0,0.0,0.0,0.0,0.0,0.0,0.0,4,uuid:e8748d80-1919-4c21-a0d0-871ed704bb8e/C-C9_branch_loop,uuid:e8748d80-1919-4c21-a0d0-871ed704bb8e/C-p7_photo_loop,36,36,42.0,45.0,28.0,18.0,18.0,25.0,25.0,16.0,1 2 3 99,Must have a driver permit & Must have been a conductor at the stage & Must be a friend or relative of existing stage member & Other,1.0,1.0,1.0,0.0,0.0,0.0,0.0,1.0,0.0,Good conduct  letter of application,2.0,"First come, first serve on the day","First come, first serve on the day",,1 2 3 4 5 6 7 8 99,Chairperson & Vice Chairperson & Secretary & Treasurer & Welfare & Defence & Mobiliser & Stage Master & Other,1.0,1.0,1.0,1.0,1.0,1.0,1.0,1.0,0.0,1.0,0.0,Guide,Yes,Yes,5.0,99,Other,0.0,0.0,0.0,0.0,0.0,0.0,1.0,0.0,,,Must be a stage member,2 4 5 6 99,Have a permit/driving license & No criminal record & Must have a family & Need to have been at the stage for ____ years & Other,0.0,1.0,0.0,1.0,1.0,1.0,1.0,0.0,,10,Must be a stage member,media/1724914533231.jpg,media/1724914554218.jpg,2407230723.0,uuid:e8748d80-1919-4c21-a0d0-871ed704bb8e,2024-08-29 04:06:15,2024-08-29 01:33:17,2024-08-29 04:04:16,2024-08-27,Respondent_642823,43,Muyenga-Bukasa,56,Muyenga-Bukasa,Old Taxi Park,both
